box_name,tcgplayer_product_id,price_source,market_price,low_price,last_price_checked,price_data_quality
Star Trek Collector Booster Display,706142,product_master_tcgcsv,701.58,666.5,2026-07-31T17:43:12+00:00,95
Reality Fracture Collector Booster Display,692983,product_master_tcgcsv,475.68,451.9,2026-07-31T17:43:12+00:00,95
The Hobbit Collector Booster Display,692963,product_master_tcgcsv,782.66,743.53,2026-07-31T17:43:12+00:00,95
Marvel Super Heroes Collector Booster Display,675606,product_master_tcgcsv,451.91,429.31,2026-07-31T17:43:12+00:00,95
Secrets of Strixhaven Collector Booster Display,675558,product_master_tcgcsv,486.08,461.78,2026-07-31T17:43:12+00:00,95
Teenage Mutant Ninja Turtles Collector Booster Display,657852,product_master_tcgcsv,436.91,415.06,2026-07-31T17:43:12+00:00,95
Lorwyn Eclipsed Collector Booster Display,656322,product_master_tcgcsv,429.51,408.03,2026-07-31T17:43:12+00:00,95
Avatar: The Last Airbender Collector Booster Display,648650,product_master_tcgcsv,481.77,457.68,2026-07-31T17:43:12+00:00,95
Marvel's Spider-Man Collector Booster Display,621110,product_master_tcgcsv,394.25,374.54,2026-07-31T17:43:12+00:00,95
Edge of Eternities Collector Booster Display,619672,product_master_tcgcsv,713.24,677.58,2026-07-31T17:43:12+00:00,95
FINAL FANTASY Collector Booster Display,618893,product_master_tcgcsv,1780.25,1691.24,2026-07-31T17:43:12+00:00,95
FINAL FANTASY - Collector Booster Display (Japanese),628315,product_master_tcgcsv,698.3,663.38,2026-07-31T17:43:12+00:00,95
Tarkir: Dragonstorm Collector Booster Display,619649,product_master_tcgcsv,487.56,463.18,2026-07-31T17:43:12+00:00,95
Aetherdrift Collector Booster Display,604253,product_master_tcgcsv,301.18,286.12,2026-07-31T17:43:12+00:00,95
Innistrad Remastered Collector Booster Display,594681,product_master_tcgcsv,448.71,426.27,2026-07-31T17:43:12+00:00,95
Foundations Collector Booster Display,562122,product_master_tcgcsv,804.27,764.06,2026-07-31T17:43:12+00:00,95
Duskmourn: House of Horror Collector Booster Display,557244,product_master_tcgcsv,688.02,653.62,2026-07-31T17:43:12+00:00,95
Bloomburrow Collector Booster Display,541238,product_master_tcgcsv,1069.11,1015.65,2026-07-31T17:43:12+00:00,95
Universes Beyond: Assassin's Creed Collector Booster Display,541225,product_master_tcgcsv,530.81,504.27,2026-07-31T17:43:12+00:00,95
Modern Horizons 3 Collector Booster Display,541179,product_master_tcgcsv,807.28,766.92,2026-07-31T17:43:12+00:00,95
Outlaws of Thunder Junction Collector Booster Display,541090,product_master_tcgcsv,429.6,408.12,2026-07-31T17:43:12+00:00,95
Universes Beyond: Fallout Collector Booster Display,523185,product_master_tcgcsv,1760.06,1672.06,2026-07-31T17:43:12+00:00,95
Murders at Karlov Manor Collector Booster Display,529968,product_master_tcgcsv,377.98,359.08,2026-07-31T17:43:12+00:00,95
Ravnica Remastered Collector Booster Display,517708,product_master_tcgcsv,974.18,925.47,2026-07-31T17:43:12+00:00,95
The Lost Caverns of Ixalan Collector Booster Display,516614,product_master_tcgcsv,1002.68,952.55,2026-07-31T17:43:12+00:00,95
Universes Beyond: Doctor Who Collector Booster Display,496076,product_master_tcgcsv,638.08,606.18,2026-07-31T17:43:12+00:00,95
Wilds of Eldraine Collector Booster Display,496041,product_master_tcgcsv,905.95,860.65,2026-07-31T17:43:12+00:00,95
Commander Masters Collector Booster Display,484929,product_master_tcgcsv,506.55,477.39,2026-07-31T17:43:12+00:00,95
Universes Beyond: The Lord of the Rings: Tales of Middle-earth Collector Booster Display,484912,product_master_tcgcsv,2030.03,1928.53,2026-07-31T17:43:12+00:00,95
The Lord of the Rings: Tales of Middle-earth - Special Edition Collector Booster Display,515906,product_master_tcgcsv,5729.4,5442.93,2026-07-31T17:43:12+00:00,95
March of the Machine: The Aftermath Collector Booster Display,489207,product_master_tcgcsv,246.06,233.76,2026-07-31T17:43:12+00:00,95
March of the Machine Collector Booster Display,475584,product_master_tcgcsv,783.34,744.17,2026-07-31T17:43:12+00:00,95
Phyrexia: All Will Be One Collector Booster Display,451880,product_master_tcgcsv,951.79,904.2,2026-07-31T17:43:12+00:00,95
Dominaria Remastered Collector Booster Display,449559,product_master_tcgcsv,529.07,502.62,2026-07-31T17:43:12+00:00,95
The Brothers' War Collector Booster Display,282224,product_master_tcgcsv,742.23,705.12,2026-07-31T17:43:12+00:00,95
Dominaria United Collector Booster Display,275412,product_master_tcgcsv,349.95,332.45,2026-07-31T17:43:12+00:00,95
Unfinity Collector Booster Display,275406,product_master_tcgcsv,360.28,342.27,2026-07-31T17:43:12+00:00,95
Double Masters 2022 Collector Booster Display,271509,product_master_tcgcsv,437.78,415.89,2026-07-31T17:43:12+00:00,95
Commander Legends: Battle for Baldur's Gate Collector Booster Display,267023,product_master_tcgcsv,596.38,566.56,2026-07-31T17:43:12+00:00,95
Streets of New Capenna Collector Booster Display,264767,product_master_tcgcsv,274.96,261.21,2026-07-31T17:43:12+00:00,95
Kamigawa: Neon Dynasty Collector Booster Display,257563,product_master_tcgcsv,528.41,501.99,2026-07-31T17:43:12+00:00,95
Innistrad: Crimson Vow Collector Booster Display,246457,product_master_tcgcsv,286.57,272.24,2026-07-31T17:43:12+00:00,95
Innistrad: Midnight Hunt Collector Booster Display,244384,product_master_tcgcsv,252.9,240.26,2026-07-31T17:43:12+00:00,95
Adventures in the Forgotten Realms Collector Booster Display,238745,product_master_tcgcsv,377.61,358.73,2026-07-31T17:43:12+00:00,95
Modern Horizons 2 Collector Booster Display,236348,product_master_tcgcsv,590.32,560.8,2026-07-31T17:43:12+00:00,95
Strixhaven: School of Mages Collector Booster Display,233232,product_master_tcgcsv,629.6,598.12,2026-07-31T17:43:12+00:00,95
Kaldheim Collector Booster Display,228249,product_master_tcgcsv,332.89,316.25,2026-07-31T17:43:12+00:00,95
Commander Legends Collector Booster Display,221323,product_master_tcgcsv,722.61,686.48,2026-07-31T17:43:12+00:00,95
Zendikar Rising Collector Booster Display,220423,product_master_tcgcsv,431.07,409.52,2026-07-31T17:43:12+00:00,95
Core Set 2021 Collector Booster Display,214818,product_master_tcgcsv,457.08,434.23,2026-07-31T17:43:12+00:00,95
Ikoria: Lair of Behemoths Collector Booster Display,208279,product_master_tcgcsv,623.98,592.78,2026-07-31T17:43:12+00:00,95
