box_name,set_name,official_product_name,set_type,months_since_release,current_price,estimated_floor_price,estimated_ceiling_price,fair_value_estimate,tcgplayer_product_id,tcgcsv_category_id,tcgcsv_group_id,price_source,market_price,low_price,mid_price,high_price,last_price_checked,source_product_name,source_group_name,published_on,supply_score,demand_score,chase_score,ip_score,historical_score,liquidity_score,reprint_risk,supply_dump_risk,liquidity_risk,chase_concentration_risk,new_set_uncertainty,data_quality_score,volatility_score,tcgplayer_product_id_str,investment_product_id,set_name_master,box_name_master,approved_tcgplayer_product_id,approved_product_name,tcgcsv_category_id_master,tcgcsv_group_id_master,investment_product_type,approval_status,approval_method,notes,approved_tcgplayer_product_id_str,history_observations,history_high_price,history_low_price,drawdown_from_high,distance_from_low,return_30d,return_90d,return_180d,return_365d,annualized_volatility,momentum_score,drawdown_score,price_stability_score,history_confidence,investment_feature_score,box_name_db,latest_observation_date,observations,current_price_db,ath_price,atl_price,drawdown_from_ath,distance_from_atl,ma_7d,return_7d_db,ma_14d,return_14d_db,ma_30d,return_30d_db,ma_60d,return_60d_db,ma_90d,return_90d_db,ma_180d,return_180d_db,ma_365d,return_365d_db,daily_return_volatility,annualized_volatility_db,inventory_signal_score,inventory_signal_confidence,sales_velocity_score,sales_signal_confidence,real_demand_score,demand_signal_confidence,scarcity_signal_score,scarcity_signal_confidence,price_trend_signal_score,price_signal_confidence,real_signal_score,real_signal_confidence
Star Trek Collector Booster Display,Star Trek,Star Trek - Collector Booster Display,Standard,0,701.58,666.5,879.9,701.58,706142,1,24766,tcgcsv,701.58,695.86,701.86,879.9,2026-07-31T17:43:12+00:00,Star Trek - Collector Booster Display,Star Trek,2026-11-13T00:00:00,62,68,65,60,62,70,50,55,35,50,45,65,45,706142,TCGCSV-24766-706142,Star Trek,Star Trek Collector Booster Display,706142,Star Trek - Collector Booster Display,1,24766,Collector Booster Display,approved,auto_high_confidence_v9,candidate_score=240.0; market_price=701.58,706142,,,,,,,,,,,50,50,50,0.0,42.5,Star Trek Collector Booster Display,2026-07-31,1,701.58,701.58,701.58,0.0,0.0,701.58,,701.58,,701.58,,701.58,,701.58,,701.58,,701.58,,,,50,0,50,0,64.33,25,62.0,25,50,3.33,56.73,10.67
Reality Fracture Collector Booster Display,Reality Fracture,Reality Fracture - Collector Booster Display,Standard,0,475.68,451.9,699.99,475.68,692983,1,24684,tcgcsv,475.68,475.06,475.4,699.99,2026-07-31T17:43:12+00:00,Reality Fracture - Collector Booster Display,Reality Fracture,2026-10-02T00:00:00,62,68,65,60,62,70,50,55,35,50,45,65,45,692983,TCGCSV-24684-692983,Reality Fracture,Reality Fracture Collector Booster Display,692983,Reality Fracture - Collector Booster Display,1,24684,Collector Booster Display,approved,auto_high_confidence_v9,candidate_score=240.0; market_price=478.02,692983,,,,,,,,,,,50,50,50,0.0,42.5,Reality Fracture Collector Booster Display,2026-07-31,1,475.68,475.68,475.68,0.0,0.0,475.68,,475.68,,475.68,,475.68,,475.68,,475.68,,475.68,,,,50,0,50,0,64.33,25,62.0,25,50,3.33,56.73,10.67
The Hobbit Collector Booster Display,The Hobbit,The Hobbit - Collector Booster Display,Standard,0,782.66,743.53,958.88,782.66,692963,1,24683,tcgcsv,782.66,766.93,792.99,958.88,2026-07-31T17:43:12+00:00,The Hobbit - Collector Booster Display,The Hobbit,2026-08-14T00:00:00,62,68,65,60,62,70,50,55,35,50,45,65,45,692963,TCGCSV-24683-692963,The Hobbit,The Hobbit Collector Booster Display,692963,The Hobbit - Collector Booster Display,1,24683,Collector Booster Display,approved,auto_high_confidence_v9,candidate_score=240.0; market_price=817.32,692963,,,,,,,,,,,50,50,50,0.0,42.5,The Hobbit Collector Booster Display,2026-07-31,1,782.66,782.66,782.66,0.0,0.0,782.66,,782.66,,782.66,,782.66,,782.66,,782.66,,782.66,,,,50,0,50,0,64.33,25,62.0,25,50,3.33,56.73,10.67
Marvel Super Heroes Collector Booster Display,Marvel Super Heroes,Marvel Super Heroes - Collector Booster Display,Universes Beyond,1,451.91,429.31,1500.0,451.91,675606,1,24553,tcgcsv,451.91,445.0,550.0,1500.0,2026-07-31T17:43:12+00:00,Marvel Super Heroes - Collector Booster Display,Marvel Super Heroes,2026-06-26T00:00:00,62,80,65,85,62,75,50,55,35,50,50,65,45,675606,TCGCSV-24553-675606,Marvel Super Heroes,Marvel Super Heroes Collector Booster Display,675606,Marvel Super Heroes - Collector Booster Display,1,24553,Collector Booster Display,approved,auto_high_confidence_v9,candidate_score=240.0; market_price=462.46,675606,,,,,,,,,,,50,50,50,0.0,42.5,Marvel Super Heroes Collector Booster Display,2026-07-31,1,451.91,451.91,451.91,0.0,0.0,451.91,,451.91,,451.91,,451.91,,451.91,,451.91,,451.91,,,,50,0,50,0,76.67,25,62.0,25,50,3.33,60.03,10.67
Secrets of Strixhaven Collector Booster Display,Secrets of Strixhaven,Secrets of Strixhaven - Collector Booster Display,Standard,3,486.08,461.78,9999.0,486.08,675558,1,24601,tcgcsv,486.08,479.99,559.95,9999.0,2026-07-31T17:43:12+00:00,Secrets of Strixhaven - Collector Booster Display,Secrets of Strixhaven,2026-04-24T00:00:00,62,68,65,60,62,70,50,55,35,50,45,65,45,675558,TCGCSV-24601-675558,Secrets of Strixhaven,Secrets of Strixhaven Collector Booster Display,675558,Secrets of Strixhaven - Collector Booster Display,1,24601,Collector Booster Display,approved,auto_high_confidence_v9,candidate_score=240.0; market_price=478.11,675558,,,,,,,,,,,50,50,50,0.0,42.5,Secrets of Strixhaven Collector Booster Display,2026-07-31,1,486.08,486.08,486.08,0.0,0.0,486.08,,486.08,,486.08,,486.08,,486.08,,486.08,,486.08,,,,50,0,50,0,64.33,25,62.0,25,50,3.33,56.73,10.67
Teenage Mutant Ninja Turtles Collector Booster Display,Teenage Mutant Ninja Turtles,Teenage Mutant Ninja Turtles - Collector Booster Display,Standard,4,436.91,415.06,1599.99,436.91,657852,1,24495,tcgcsv,436.91,442.0,542.83,1599.99,2026-07-31T17:43:12+00:00,Teenage Mutant Ninja Turtles - Collector Booster Display,Teenage Mutant Ninja Turtles,2026-03-06T00:00:00,62,68,65,60,62,70,50,55,35,50,45,65,45,657852,TCGCSV-24495-657852,Teenage Mutant Ninja Turtles,Teenage Mutant Ninja Turtles Collector Booster Display,657852,Teenage Mutant Ninja Turtles - Collector Booster Display,1,24495,Collector Booster Display,approved,auto_high_confidence_v9,candidate_score=240.0; market_price=431.05,657852,,,,,,,,,,,50,50,50,0.0,42.5,Teenage Mutant Ninja Turtles Collector Booster Display,2026-07-31,1,436.91,436.91,436.91,0.0,0.0,436.91,,436.91,,436.91,,436.91,,436.91,,436.91,,436.91,,,,50,0,50,0,64.33,25,62.0,25,50,3.33,56.73,10.67
Lorwyn Eclipsed Collector Booster Display,Lorwyn Eclipsed,Lorwyn Eclipsed - Collector Booster Display,Standard,6,429.51,408.03,1500.0,429.51,656322,1,24463,tcgcsv,429.51,419.0,513.29,1500.0,2026-07-31T17:43:12+00:00,Lorwyn Eclipsed - Collector Booster Display,Lorwyn Eclipsed,2026-01-23T00:00:00,62,68,65,60,62,70,50,55,35,50,45,65,45,656322,TCGCSV-24463-656322,Lorwyn Eclipsed,Lorwyn Eclipsed Collector Booster Display,656322,Lorwyn Eclipsed - Collector Booster Display,1,24463,Collector Booster Display,approved,auto_high_confidence_v9,candidate_score=240.0; market_price=381.46,656322,,,,,,,,,,,50,50,50,0.0,42.5,Lorwyn Eclipsed Collector Booster Display,2026-07-31,1,429.51,429.51,429.51,0.0,0.0,429.51,,429.51,,429.51,,429.51,,429.51,,429.51,,429.51,,,,50,0,50,0,64.33,25,62.0,25,50,3.33,56.73,10.67
Avatar: The Last Airbender Collector Booster Display,Avatar: The Last Airbender,Avatar: The Last Airbender - Collector Booster Display,Standard,8,481.77,457.68,1500.0,481.77,648650,1,24421,tcgcsv,481.77,464.99,599.99,1500.0,2026-07-31T17:43:12+00:00,Avatar: The Last Airbender - Collector Booster Display,Avatar: The Last Airbender,2025-11-21T00:00:00,62,68,65,60,62,70,50,55,35,50,45,65,45,648650,TCGCSV-24421-648650,Avatar: The Last Airbender,Avatar: The Last Airbender Collector Booster Display,648650,Avatar: The Last Airbender - Collector Booster Display,1,24421,Collector Booster Display,approved,auto_high_confidence_v9,candidate_score=240.0; market_price=424.65,648650,,,,,,,,,,,50,50,50,0.0,42.5,Avatar: The Last Airbender Collector Booster Display,2026-07-31,1,481.77,481.77,481.77,0.0,0.0,481.77,,481.77,,481.77,,481.77,,481.77,,481.77,,481.77,,,,50,0,50,0,64.33,25,62.0,25,50,3.33,56.73,10.67
Marvel's Spider-Man Collector Booster Display,Marvel's Spider-Man,Marvel's Spider-Man - Collector Booster Display,Universes Beyond,10,394.25,374.54,2000.0,394.25,621110,1,24245,tcgcsv,394.25,397.99,600.0,2000.0,2026-07-31T17:43:12+00:00,Marvel's Spider-Man - Collector Booster Display,Marvel's Spider-Man,2025-09-26T00:00:00,62,80,65,85,62,75,50,55,35,50,50,65,45,621110,TCGCSV-24245-621110,Marvel's Spider-Man,Marvel's Spider-Man Collector Booster Display,621110,Marvel's Spider-Man - Collector Booster Display,1,24245,Collector Booster Display,approved,auto_high_confidence_v9,candidate_score=240.0; market_price=367.52,621110,,,,,,,,,,,50,50,50,0.0,42.5,Marvel's Spider-Man Collector Booster Display,2026-07-31,1,394.25,394.25,394.25,0.0,0.0,394.25,,394.25,,394.25,,394.25,,394.25,,394.25,,394.25,,,,50,0,50,0,76.67,25,62.0,25,50,3.33,60.03,10.67
Edge of Eternities Collector Booster Display,Edge of Eternities,Edge of Eternities - Collector Booster Display,Standard,11,713.24,677.58,1499.95,713.24,619672,1,24233,tcgcsv,713.24,708.34,850.0,1499.95,2026-07-31T17:43:12+00:00,Edge of Eternities - Collector Booster Display,Edge of Eternities,2025-08-01T00:00:00,62,68,65,60,62,70,50,55,35,50,45,65,45,619672,TCGCSV-24233-619672,Edge of Eternities,Edge of Eternities Collector Booster Display,619672,Edge of Eternities - Collector Booster Display,1,24233,Collector Booster Display,approved,auto_high_confidence_v9,candidate_score=240.0; market_price=622.38,619672,,,,,,,,,,,50,50,50,0.0,42.5,Edge of Eternities Collector Booster Display,2026-07-31,1,713.24,713.24,713.24,0.0,0.0,713.24,,713.24,,713.24,,713.24,,713.24,,713.24,,713.24,,,,50,0,50,0,64.33,25,62.0,25,50,3.33,56.73,10.67
FINAL FANTASY Collector Booster Display,FINAL FANTASY,FINAL FANTASY - Collector Booster Display,Universes Beyond,13,1780.25,1691.24,169420.69,1780.25,618893,1,24219,tcgcsv,1780.25,1738.99,2400.0,169420.69,2026-07-31T17:43:12+00:00,FINAL FANTASY Collector Booster Display,FINAL FANTASY,2025-06-13T00:00:00,72,93,89,100,62,82,42,62,35,58,72,65,45,618893,TCGCSV-24219-618893,FINAL FANTASY,FINAL FANTASY Collector Booster Display,618893,FINAL FANTASY Collector Booster Display,1,24219,Collector Booster Display,approved,seed_verified_from_user,Seeded from user verified current market around 1525.,618893,,,,,,,,,,,50,50,50,0.0,42.5,FINAL FANTASY Collector Booster Display,2026-07-31,1,1780.25,1780.25,1780.25,0.0,0.0,1780.25,,1780.25,,1780.25,,1780.25,,1780.25,,1780.25,,1780.25,,,,50,0,50,0,94.0,25,72.0,25,50,3.33,67.08,10.67
FINAL FANTASY - Collector Booster Display (Japanese),FINAL FANTASY,FINAL FANTASY - Collector Booster Display (Japanese),Universes Beyond,13,698.3,663.38,1199.98,698.3,628315,1,24219,tcgcsv,698.3,764.95,899.48,1199.98,2026-07-31T17:43:12+00:00,FINAL FANTASY - Collector Booster Display (Japanese),FINAL FANTASY,2025-06-13T00:00:00,72,93,89,100,62,82,42,62,35,58,72,65,45,628315,TCGCSV-24219-628315,FINAL FANTASY,FINAL FANTASY - Collector Booster Display (Japanese),628315,FINAL FANTASY - Collector Booster Display (Japanese),1,24219,Collector Booster Display,approved,module1_auto,candidate_score=225.0,628315,,,,,,,,,,,50,50,50,0.0,42.5,FINAL FANTASY - Collector Booster Display (Japanese),2026-07-31,1,698.3,698.3,698.3,0.0,0.0,698.3,,698.3,,698.3,,698.3,,698.3,,698.3,,698.3,,,,50,0,50,0,94.0,25,72.0,25,50,3.33,67.08,10.67
Tarkir: Dragonstorm Collector Booster Display,Tarkir: Dragonstorm,Tarkir: Dragonstorm - Collector Booster Display,Standard,15,487.56,463.18,1499.0,487.56,619649,1,24232,tcgcsv,487.56,476.57,597.0,1499.0,2026-07-31T17:43:12+00:00,Tarkir: Dragonstorm - Collector Booster Display,Tarkir: Dragonstorm,2025-04-11T00:00:00,62,68,65,60,62,70,50,55,35,50,45,65,45,619649,TCGCSV-24232-619649,Tarkir: Dragonstorm,Tarkir: Dragonstorm Collector Booster Display,619649,Tarkir: Dragonstorm - Collector Booster Display,1,24232,Collector Booster Display,approved,auto_high_confidence_v9,candidate_score=240.0; market_price=463.19,619649,,,,,,,,,,,50,50,50,0.0,42.5,Tarkir: Dragonstorm Collector Booster Display,2026-07-31,1,487.56,487.56,487.56,0.0,0.0,487.56,,487.56,,487.56,,487.56,,487.56,,487.56,,487.56,,,,50,0,50,0,64.33,25,62.0,25,50,3.33,56.73,10.67
Aetherdrift Collector Booster Display,Aetherdrift,Aetherdrift - Collector Booster Display,Standard,17,301.18,286.12,1100.0,301.18,604253,1,23874,tcgcsv,301.18,323.3,359.98,1100.0,2026-07-31T17:43:12+00:00,Aetherdrift - Collector Booster Display,Aetherdrift,2025-02-14T00:00:00,62,68,65,60,62,70,50,55,35,50,45,65,45,604253,TCGCSV-23874-604253,Aetherdrift,Aetherdrift Collector Booster Display,604253,Aetherdrift - Collector Booster Display,1,23874,Collector Booster Display,approved,auto_high_confidence_v9,candidate_score=240.0; market_price=271.01,604253,,,,,,,,,,,50,50,50,0.0,42.5,Aetherdrift Collector Booster Display,2026-07-31,1,301.18,301.18,301.18,0.0,0.0,301.18,,301.18,,301.18,,301.18,,301.18,,301.18,,301.18,,,,50,0,50,0,64.33,25,62.0,25,50,3.33,56.73,10.67
Innistrad Remastered Collector Booster Display,Innistrad Remastered,Innistrad Remastered - Collector Booster Display,Standard,18,448.71,426.27,1299.99,448.71,594681,1,23848,tcgcsv,448.71,498.98,599.49,1299.99,2026-07-31T17:43:12+00:00,Innistrad Remastered - Collector Booster Display,Innistrad Remastered,2025-01-24T00:00:00,62,68,65,60,62,70,50,55,35,50,45,65,45,594681,TCGCSV-23848-594681,Innistrad Remastered,Innistrad Remastered Collector Booster Display,594681,Innistrad Remastered - Collector Booster Display,1,23848,Collector Booster Display,approved,auto_high_confidence_v9,candidate_score=240.0; market_price=413.81,594681,,,,,,,,,,,50,50,50,0.0,42.5,Innistrad Remastered Collector Booster Display,2026-07-31,1,448.71,448.71,448.71,0.0,0.0,448.71,,448.71,,448.71,,448.71,,448.71,,448.71,,448.71,,,,50,0,50,0,64.33,25,62.0,25,50,3.33,56.73,10.67
Foundations Collector Booster Display,Foundations,Magic: The Gathering Foundations - Collector Booster Display,Standard,20,804.27,764.06,1799.99,804.27,562122,1,23556,tcgcsv,804.27,939.95,999.5,1799.99,2026-07-31T17:43:12+00:00,Magic: The Gathering Foundations - Collector Booster Display,Foundations,2024-11-15T00:00:00,62,68,65,60,62,70,50,55,35,50,45,65,45,562122,TCGCSV-23556-562122,Foundations,Foundations Collector Booster Display,562122,Magic: The Gathering Foundations - Collector Booster Display,1,23556,Collector Booster Display,approved,auto_high_confidence_v9,candidate_score=240.0; market_price=737.34,562122,,,,,,,,,,,50,50,50,0.0,42.5,Foundations Collector Booster Display,2026-07-31,1,804.27,804.27,804.27,0.0,0.0,804.27,,804.27,,804.27,,804.27,,804.27,,804.27,,804.27,,,,50,0,50,0,64.33,25,62.0,25,50,3.33,56.73,10.67
Duskmourn: House of Horror Collector Booster Display,Duskmourn: House of Horror,Duskmourn: House of Horror - Collector Booster Display,Standard,22,688.02,653.62,899.99,688.02,557244,1,23550,tcgcsv,688.02,741.95,769.69,899.99,2026-07-31T17:43:12+00:00,Duskmourn: House of Horror - Collector Booster Display,Duskmourn: House of Horror,2024-09-27T00:00:00,62,68,65,60,62,70,50,55,35,50,45,65,45,557244,TCGCSV-23550-557244,Duskmourn: House of Horror,Duskmourn: House of Horror Collector Booster Display,557244,Duskmourn: House of Horror - Collector Booster Display,1,23550,Collector Booster Display,approved,auto_high_confidence_v9,candidate_score=240.0; market_price=651.18,557244,,,,,,,,,,,50,50,50,0.0,42.5,Duskmourn: House of Horror Collector Booster Display,2026-07-31,1,688.02,688.02,688.02,0.0,0.0,688.02,,688.02,,688.02,,688.02,,688.02,,688.02,,688.02,,,,50,0,50,0,64.33,25,62.0,25,50,3.33,56.73,10.67
Bloomburrow Collector Booster Display,Bloomburrow,Bloomburrow - Collector Booster Display,Standard,23,1069.11,1015.65,1999.99,1069.11,541238,1,23447,tcgcsv,1069.11,1199.0,1499.0,1999.99,2026-07-31T17:43:12+00:00,Bloomburrow - Collector Booster Display,Bloomburrow,2024-08-02T00:00:00,62,68,65,60,62,70,50,55,35,50,45,65,45,541238,TCGCSV-23447-541238,Bloomburrow,Bloomburrow Collector Booster Display,541238,Bloomburrow - Collector Booster Display,1,23447,Collector Booster Display,approved,auto_high_confidence_v9,candidate_score=240.0; market_price=980.7,541238,,,,,,,,,,,50,50,50,0.0,42.5,Bloomburrow Collector Booster Display,2026-07-31,1,1069.11,1069.11,1069.11,0.0,0.0,1069.11,,1069.11,,1069.11,,1069.11,,1069.11,,1069.11,,1069.11,,,,50,0,50,0,64.33,25,62.0,25,50,3.33,56.73,10.67
Universes Beyond: Assassin's Creed Collector Booster Display,Universes Beyond: Assassin's Creed,Universes Beyond: Assassin's Creed - Collector Booster Display,Universes Beyond,24,530.81,504.27,1050.0,530.81,541225,1,23446,tcgcsv,530.81,599.99,706.94,1050.0,2026-07-31T17:43:12+00:00,Universes Beyond: Assassin's Creed - Collector Booster Display,Universes Beyond: Assassin's Creed,2024-07-05T00:00:00,62,80,65,85,62,75,50,55,35,50,50,65,45,541225,TCGCSV-23446-541225,Universes Beyond: Assassin's Creed,Universes Beyond: Assassin's Creed Collector Booster Display,541225,Universes Beyond: Assassin's Creed - Collector Booster Display,1,23446,Collector Booster Display,approved,auto_high_confidence_v9,candidate_score=240.0; market_price=430.16,541225,,,,,,,,,,,50,50,50,0.0,42.5,Universes Beyond: Assassin's Creed Collector Booster Display,2026-07-31,1,530.81,530.81,530.81,0.0,0.0,530.81,,530.81,,530.81,,530.81,,530.81,,530.81,,530.81,,,,50,0,50,0,76.67,25,62.0,25,50,3.33,60.03,10.67
Modern Horizons 3 Collector Booster Display,Modern Horizons 3,Modern Horizons 3 - Collector Booster Display,Modern Horizons,25,807.28,766.92,1499.99,807.28,541179,1,23444,tcgcsv,807.28,834.88,999.0,1499.99,2026-07-31T17:43:12+00:00,Modern Horizons 3 - Collector Booster Display,Modern Horizons 3,2024-06-14T00:00:00,62,82,75,60,72,78,50,55,35,50,45,65,45,541179,TCGCSV-23444-541179,Modern Horizons 3,Modern Horizons 3 Collector Booster Display,541179,Modern Horizons 3 - Collector Booster Display,1,23444,Collector Booster Display,approved,auto_high_confidence_v9,candidate_score=240.0; market_price=722.99,541179,,,,,,,,,,,50,50,50,0.0,42.5,Modern Horizons 3 Collector Booster Display,2026-07-31,1,807.28,807.28,807.28,0.0,0.0,807.28,,807.28,,807.28,,807.28,,807.28,,807.28,,807.28,,,,50,0,50,0,72.33,25,62.0,25,50,3.33,58.87,10.67
Outlaws of Thunder Junction Collector Booster Display,Outlaws of Thunder Junction,Outlaws of Thunder Junction - Collector Booster Display,Standard,27,429.6,408.12,1000.0,429.6,541090,1,23439,tcgcsv,429.6,453.0,500.0,1000.0,2026-07-31T17:43:12+00:00,Outlaws of Thunder Junction - Collector Booster Display,Outlaws of Thunder Junction,2024-04-19T00:00:00,62,68,65,60,62,70,50,55,35,50,45,65,45,541090,TCGCSV-23439-541090,Outlaws of Thunder Junction,Outlaws of Thunder Junction Collector Booster Display,541090,Outlaws of Thunder Junction - Collector Booster Display,1,23439,Collector Booster Display,approved,auto_high_confidence_v9,candidate_score=240.0; market_price=406.91,541090,,,,,,,,,,,50,50,50,0.0,42.5,Outlaws of Thunder Junction Collector Booster Display,2026-07-31,1,429.6,429.6,429.6,0.0,0.0,429.6,,429.6,,429.6,,429.6,,429.6,,429.6,,429.6,,,,50,0,50,0,64.33,25,62.0,25,50,3.33,56.73,10.67
Universes Beyond: Fallout Collector Booster Display,Universes Beyond: Fallout,Universes Beyond: Fallout - Collector Booster Display,Universes Beyond,28,1760.06,1672.06,16969.69,1760.06,523185,1,23337,tcgcsv,1760.06,1956.89,2208.75,16969.69,2026-07-31T17:43:12+00:00,Universes Beyond: Fallout - Collector Booster Display,Universes Beyond: Fallout,2024-03-08T00:00:00,62,80,65,85,62,75,50,55,35,50,50,65,45,523185,TCGCSV-23337-523185,Universes Beyond: Fallout,Universes Beyond: Fallout Collector Booster Display,523185,Universes Beyond: Fallout - Collector Booster Display,1,23337,Collector Booster Display,approved,auto_high_confidence_v9,candidate_score=240.0; market_price=1702.12,523185,,,,,,,,,,,50,50,50,0.0,42.5,Universes Beyond: Fallout Collector Booster Display,2026-07-31,1,1760.06,1760.06,1760.06,0.0,0.0,1760.06,,1760.06,,1760.06,,1760.06,,1760.06,,1760.06,,1760.06,,,,50,0,50,0,76.67,25,62.0,25,50,3.33,60.03,10.67
Murders at Karlov Manor Collector Booster Display,Murders at Karlov Manor,Murders at Karlov Manor - Collector Booster Display,Standard,29,377.98,359.08,1000.0,377.98,529968,1,23361,tcgcsv,377.98,382.84,440.0,1000.0,2026-07-31T17:43:12+00:00,Murders at Karlov Manor - Collector Booster Display,Murders at Karlov Manor,2024-02-09T00:00:00,62,68,65,60,62,70,50,55,35,50,45,65,45,529968,TCGCSV-23361-529968,Murders at Karlov Manor,Murders at Karlov Manor Collector Booster Display,529968,Murders at Karlov Manor - Collector Booster Display,1,23361,Collector Booster Display,approved,auto_high_confidence_v9,candidate_score=240.0; market_price=352.29,529968,,,,,,,,,,,50,50,50,0.0,42.5,Murders at Karlov Manor Collector Booster Display,2026-07-31,1,377.98,377.98,377.98,0.0,0.0,377.98,,377.98,,377.98,,377.98,,377.98,,377.98,,377.98,,,,50,0,50,0,64.33,25,62.0,25,50,3.33,56.73,10.67
Ravnica Remastered Collector Booster Display,Ravnica Remastered,Ravnica Remastered - Collector Booster Display,Standard,30,974.18,925.47,1999.95,974.18,517708,1,23319,tcgcsv,974.18,1344.98,1492.0,1999.95,2026-07-31T17:43:12+00:00,Ravnica Remastered - Collector Booster Display,Ravnica Remastered,2024-01-12T00:00:00,62,68,65,60,62,70,50,55,35,50,45,65,45,517708,TCGCSV-23319-517708,Ravnica Remastered,Ravnica Remastered Collector Booster Display,517708,Ravnica Remastered - Collector Booster Display,1,23319,Collector Booster Display,approved,auto_high_confidence_v9,candidate_score=240.0; market_price=867.32,517708,,,,,,,,,,,50,50,50,0.0,42.5,Ravnica Remastered Collector Booster Display,2026-07-31,1,974.18,974.18,974.18,0.0,0.0,974.18,,974.18,,974.18,,974.18,,974.18,,974.18,,974.18,,,,50,0,50,0,64.33,25,62.0,25,50,3.33,56.73,10.67
The Lost Caverns of Ixalan Collector Booster Display,The Lost Caverns of Ixalan,The Lost Caverns of Ixalan - Collector Booster Display,Standard,32,1002.68,952.55,1999.95,1002.68,516614,1,23312,tcgcsv,1002.68,1185.0,1373.97,1999.95,2026-07-31T17:43:12+00:00,The Lost Caverns of Ixalan - Collector Booster Display,The Lost Caverns of Ixalan,2023-11-17T00:00:00,62,68,65,60,62,70,50,55,35,50,45,65,45,516614,TCGCSV-23312-516614,The Lost Caverns of Ixalan,The Lost Caverns of Ixalan Collector Booster Display,516614,The Lost Caverns of Ixalan - Collector Booster Display,1,23312,Collector Booster Display,approved,auto_high_confidence_v9,candidate_score=240.0; market_price=929.16,516614,,,,,,,,,,,50,50,50,0.0,42.5,The Lost Caverns of Ixalan Collector Booster Display,2026-07-31,1,1002.68,1002.68,1002.68,0.0,0.0,1002.68,,1002.68,,1002.68,,1002.68,,1002.68,,1002.68,,1002.68,,,,50,0,50,0,64.33,25,62.0,25,50,3.33,56.73,10.67
Universes Beyond: Doctor Who Collector Booster Display,Universes Beyond: Doctor Who,Universes Beyond: Doctor Who - Collector Booster Display,Universes Beyond,33,638.08,606.18,1499.9,638.08,496076,1,23165,tcgcsv,638.08,882.0,999.5,1499.9,2026-07-31T17:43:12+00:00,Universes Beyond: Doctor Who - Collector Booster Display,Universes Beyond: Doctor Who,2023-10-13T00:00:00,62,80,65,85,62,75,50,55,35,50,50,65,45,496076,TCGCSV-23165-496076,Universes Beyond: Doctor Who,Universes Beyond: Doctor Who Collector Booster Display,496076,Universes Beyond: Doctor Who - Collector Booster Display,1,23165,Collector Booster Display,approved,auto_high_confidence_v9,candidate_score=240.0; market_price=626.48,496076,,,,,,,,,,,50,50,50,0.0,42.5,Universes Beyond: Doctor Who Collector Booster Display,2026-07-31,1,638.08,638.08,638.08,0.0,0.0,638.08,,638.08,,638.08,,638.08,,638.08,,638.08,,638.08,,,,50,0,50,0,76.67,25,62.0,25,50,3.33,60.03,10.67
Wilds of Eldraine Collector Booster Display,Wilds of Eldraine,Wilds of Eldraine - Collector Booster Display,Standard,34,905.95,860.65,2300.0,905.95,496041,1,23163,tcgcsv,905.95,898.99,1158.94,2300.0,2026-07-31T17:43:12+00:00,Wilds of Eldraine - Collector Booster Display,Wilds of Eldraine,2023-09-08T00:00:00,62,68,65,60,62,70,50,55,35,50,45,65,45,496041,TCGCSV-23163-496041,Wilds of Eldraine,Wilds of Eldraine Collector Booster Display,496041,Wilds of Eldraine - Collector Booster Display,1,23163,Collector Booster Display,approved,auto_high_confidence_v9,candidate_score=240.0; market_price=865.07,496041,,,,,,,,,,,50,50,50,0.0,42.5,Wilds of Eldraine Collector Booster Display,2026-07-31,1,905.95,905.95,905.95,0.0,0.0,905.95,,905.95,,905.95,,905.95,,905.95,,905.95,,905.95,,,,50,0,50,0,64.33,25,62.0,25,50,3.33,56.73,10.67
Commander Masters Collector Booster Display,Commander Masters,Commander Masters - Collector Booster Box,Masters,35,506.55,477.39,900.0,506.55,484929,1,23020,tcgcsv,506.55,477.39,600.99,900.0,2026-07-31T17:43:12+00:00,Commander Masters - Collector Booster Box,Commander Masters,2023-08-04T00:00:00,67,78,77,60,74,70,50,55,35,50,45,65,45,484929,TCGCSV-23020-484929,Commander Masters,Commander Masters Collector Booster Display,484929,Commander Masters - Collector Booster Box,1,23020,Collector Booster Display,approved,auto_high_confidence_v9,candidate_score=200.0; market_price=490.38,484929,,,,,,,,,,,50,50,50,0.0,42.5,Commander Masters Collector Booster Display,2026-07-31,1,506.55,506.55,506.55,0.0,0.0,506.55,,506.55,,506.55,,506.55,,506.55,,506.55,,506.55,,,,50,0,50,0,71.67,25,67.0,25,50,3.33,59.91,10.67
Universes Beyond: The Lord of the Rings: Tales of Middle-earth Collector Booster Display,Universes Beyond: The Lord of the Rings: Tales of Middle-earth,Universes Beyond: The Lord of the Rings: Tales of Middle-earth - Collector Booster Display,Universes Beyond,37,2030.03,1928.53,16969.69,2030.03,484912,1,23019,tcgcsv,2030.03,1999.0,2999.99,16969.69,2026-07-31T17:43:12+00:00,The Lord of the Rings: Tales of Middle-earth Collector Booster Display,Universes Beyond: The Lord of the Rings: Tales of Middle-earth,2023-06-23T00:00:00,88,98,96,100,92,95,35,30,35,70,50,65,45,484912,TCGCSV-23019-484912,Universes Beyond: The Lord of the Rings: Tales of Middle-earth,Universes Beyond: The Lord of the Rings: Tales of Middle-earth Collector Booster Display,484912,The Lord of the Rings: Tales of Middle-earth Collector Booster Display,1,23019,Collector Booster Display,approved,seed_verified_from_user,Seeded because product 515906 appears case-level; user verified individual display market around 1925.,484912,,,,,,,,,,,50,50,50,0.0,42.5,Universes Beyond: The Lord of the Rings: Tales of Middle-earth Collector Booster Display,2026-07-31,1,2030.03,2030.03,2030.03,0.0,0.0,2030.03,,2030.03,,2030.03,,2030.03,,2030.03,,2030.03,,2030.03,,,,50,0,50,0,98.0,25,88.0,25,50,3.33,72.02,10.67
The Lord of the Rings: Tales of Middle-earth - Special Edition Collector Booster Display,Universes Beyond: The Lord of the Rings: Tales of Middle-earth,The Lord of the Rings: Tales of Middle-earth - Special Edition Collector Booster Display,Universes Beyond,37,5729.4,5442.93,169420.69,5729.4,515906,1,23019,tcgcsv,5729.4,6799.97,10475.0,169420.69,2026-07-31T17:43:12+00:00,The Lord of the Rings: Tales of Middle-earth - Special Edition Collector Booster Display,Universes Beyond: The Lord of the Rings: Tales of Middle-earth,2023-06-23T00:00:00,88,98,96,100,92,95,35,30,35,70,50,65,45,515906,TCGCSV-23019-515906,Universes Beyond: The Lord of the Rings: Tales of Middle-earth,The Lord of the Rings: Tales of Middle-earth - Special Edition Collector Booster Display,515906,The Lord of the Rings: Tales of Middle-earth - Special Edition Collector Booster Display,1,23019,Collector Booster Display,approved,module1_auto,candidate_score=225.0,515906,,,,,,,,,,,50,50,50,0.0,42.5,The Lord of the Rings: Tales of Middle-earth - Special Edition Collector Booster Display,2026-07-31,1,5729.4,5729.4,5729.4,0.0,0.0,5729.4,,5729.4,,5729.4,,5729.4,,5729.4,,5729.4,,5729.4,,,,50,0,50,0,98.0,25,88.0,25,50,3.33,72.02,10.67
March of the Machine: The Aftermath Collector Booster Display,March of the Machine: The Aftermath,March of the Machine: The Aftermath - Collector Booster Display,Standard,38,246.06,233.76,500.0,246.06,489207,1,22876,tcgcsv,246.06,299.95,325.0,500.0,2026-07-31T17:43:12+00:00,March of the Machine: The Aftermath - Collector Booster Display,March of the Machine: The Aftermath,2023-05-12T00:00:00,62,68,65,60,62,70,50,55,35,50,45,65,45,489207,TCGCSV-22876-489207,March of the Machine: The Aftermath,March of the Machine: The Aftermath Collector Booster Display,489207,March of the Machine: The Aftermath - Collector Booster Display,1,22876,Collector Booster Display,approved,auto_high_confidence_v9,candidate_score=240.0; market_price=227.18,489207,,,,,,,,,,,50,50,50,0.0,42.5,March of the Machine: The Aftermath Collector Booster Display,2026-07-31,1,246.06,246.06,246.06,0.0,0.0,246.06,,246.06,,246.06,,246.06,,246.06,,246.06,,246.06,,,,50,0,50,0,64.33,25,62.0,25,50,3.33,56.73,10.67
March of the Machine Collector Booster Display,March of the Machine,March of the Machine - Collector Booster Display,Standard,39,783.34,744.17,1984.5,783.34,475584,1,22875,tcgcsv,783.34,1009.0,1028.68,1984.5,2026-07-31T17:43:12+00:00,March of the Machine - Collector Booster Display,March of the Machine,2023-04-14T00:00:00,62,68,65,60,62,70,50,55,35,50,45,65,45,475584,TCGCSV-22875-475584,March of the Machine,March of the Machine Collector Booster Display,475584,March of the Machine - Collector Booster Display,1,22875,Collector Booster Display,approved,auto_high_confidence_v9,candidate_score=240.0; market_price=769.25,475584,,,,,,,,,,,50,50,50,0.0,42.5,March of the Machine Collector Booster Display,2026-07-31,1,783.34,783.34,783.34,0.0,0.0,783.34,,783.34,,783.34,,783.34,,783.34,,783.34,,783.34,,,,50,0,50,0,64.33,25,62.0,25,50,3.33,56.73,10.67
Phyrexia: All Will Be One Collector Booster Display,Phyrexia: All Will Be One,Phyrexia: All Will Be One - Collector Booster Display,Standard,41,951.79,904.2,2577.0,951.79,451880,1,17684,tcgcsv,951.79,1229.45,1392.72,2577.0,2026-07-31T17:43:12+00:00,Phyrexia: All Will Be One - Collector Booster Display,Phyrexia: All Will Be One,2023-02-03T00:00:00,62,68,65,60,62,70,50,55,35,50,45,65,45,451880,TCGCSV-17684-451880,Phyrexia: All Will Be One,Phyrexia: All Will Be One Collector Booster Display,451880,Phyrexia: All Will Be One - Collector Booster Display,1,17684,Collector Booster Display,approved,auto_high_confidence_v9,candidate_score=240.0; market_price=920.02,451880,,,,,,,,,,,50,50,50,0.0,42.5,Phyrexia: All Will Be One Collector Booster Display,2026-07-31,1,951.79,951.79,951.79,0.0,0.0,951.79,,951.79,,951.79,,951.79,,951.79,,951.79,,951.79,,,,50,0,50,0,64.33,25,62.0,25,50,3.33,56.73,10.67
Dominaria Remastered Collector Booster Display,Dominaria Remastered,Dominaria Remastered - Collector Booster Display,Standard,42,529.07,502.62,1000.0,529.07,449559,1,17670,tcgcsv,529.07,539.01,629.08,1000.0,2026-07-31T17:43:12+00:00,Dominaria Remastered - Collector Booster Display,Dominaria Remastered,2023-01-13T00:00:00,62,68,65,60,62,70,50,55,35,50,45,65,45,449559,TCGCSV-17670-449559,Dominaria Remastered,Dominaria Remastered Collector Booster Display,449559,Dominaria Remastered - Collector Booster Display,1,17670,Collector Booster Display,approved,auto_high_confidence_v9,candidate_score=240.0; market_price=497.36,449559,,,,,,,,,,,50,50,50,0.0,42.5,Dominaria Remastered Collector Booster Display,2026-07-31,1,529.07,529.07,529.07,0.0,0.0,529.07,,529.07,,529.07,,529.07,,529.07,,529.07,,529.07,,,,50,0,50,0,64.33,25,62.0,25,50,3.33,56.73,10.67
The Brothers' War Collector Booster Display,The Brothers' War,The Brothers' War - Collector Booster Display,Standard,44,742.23,705.12,2000.0,742.23,282224,1,3157,tcgcsv,742.23,865.75,949.99,2000.0,2026-07-31T17:43:12+00:00,The Brothers' War - Collector Booster Display,The Brothers' War,2022-11-18T00:00:00,62,68,65,60,62,70,50,55,35,50,45,65,45,282224,TCGCSV-3157-282224,The Brothers' War,The Brothers' War Collector Booster Display,282224,The Brothers' War - Collector Booster Display,1,3157,Collector Booster Display,approved,auto_high_confidence_v9,candidate_score=240.0; market_price=695.22,282224,,,,,,,,,,,50,50,50,0.0,42.5,The Brothers' War Collector Booster Display,2026-07-31,1,742.23,742.23,742.23,0.0,0.0,742.23,,742.23,,742.23,,742.23,,742.23,,742.23,,742.23,,,,50,0,50,0,64.33,25,62.0,25,50,3.33,56.73,10.67
Dominaria United Collector Booster Display,Dominaria United,Dominaria United - Collector Booster Display,Standard,46,349.95,332.45,999.99,349.95,275412,1,3102,tcgcsv,349.95,360.0,449.95,999.99,2026-07-31T17:43:12+00:00,Dominaria United - Collector Booster Display,Dominaria United,2022-09-09T00:00:00,62,68,65,60,62,70,50,55,35,50,45,65,45,275412,TCGCSV-3102-275412,Dominaria United,Dominaria United Collector Booster Display,275412,Dominaria United - Collector Booster Display,1,3102,Collector Booster Display,approved,auto_high_confidence_v9,candidate_score=240.0; market_price=311.2,275412,,,,,,,,,,,50,50,50,0.0,42.5,Dominaria United Collector Booster Display,2026-07-31,1,349.95,349.95,349.95,0.0,0.0,349.95,,349.95,,349.95,,349.95,,349.95,,349.95,,349.95,,,,50,0,50,0,64.33,25,62.0,25,50,3.33,56.73,10.67
Unfinity Collector Booster Display,Unfinity,Unfinity - Collector Booster Display,Standard,48,360.28,342.27,1000.0,360.28,275406,1,2958,tcgcsv,360.28,394.99,469.99,1000.0,2026-07-31T17:43:12+00:00,Unfinity - Collector Booster Display,Unfinity,2022-07-29T00:00:00,62,68,65,60,62,70,50,55,35,50,45,65,45,275406,TCGCSV-2958-275406,Unfinity,Unfinity Collector Booster Display,275406,Unfinity - Collector Booster Display,1,2958,Collector Booster Display,approved,auto_high_confidence_v9,candidate_score=240.0; market_price=335.93,275406,,,,,,,,,,,50,50,50,0.0,42.5,Unfinity Collector Booster Display,2026-07-31,1,360.28,360.28,360.28,0.0,0.0,360.28,,360.28,,360.28,,360.28,,360.28,,360.28,,360.28,,,,50,0,50,0,64.33,25,62.0,25,50,3.33,56.73,10.67
Double Masters 2022 Collector Booster Display,Double Masters 2022,Double Masters 2022 - Collector Booster Display,Masters,48,437.78,415.89,999.99,437.78,271509,1,3070,tcgcsv,437.78,479.99,526.0,999.99,2026-07-31T17:43:12+00:00,Double Masters 2022 Collector Booster Display,Double Masters 2022,2022-07-08T00:00:00,84,92,91,60,91,86,35,30,35,52,45,65,45,271509,TCGCSV-3070-271509,Double Masters 2022,Double Masters 2022 Collector Booster Display,271509,Double Masters 2022 Collector Booster Display,1,3070,Collector Booster Display,approved,seed_verified_from_user,Seeded from user verified current market around 405.,271509,,,,,,,,,,,50,50,50,0.0,42.5,Double Masters 2022 Collector Booster Display,2026-07-31,1,437.78,437.78,437.78,0.0,0.0,437.78,,437.78,,437.78,,437.78,,437.78,,437.78,,437.78,,,,50,0,50,0,81.0,25,84.0,25,50,3.33,66.52,10.67
Commander Legends: Battle for Baldur's Gate Collector Booster Display,Commander Legends: Battle for Baldur's Gate,Commander Legends: Battle for Baldur's Gate - Collector Booster Display,Commander,49,596.38,566.56,5012.0,596.38,267023,1,3047,tcgcsv,596.38,580.0,699.99,5012.0,2026-07-31T17:43:12+00:00,Commander Legends: Battle for Baldur's Gate - Collector Booster Display,Commander Legends: Battle for Baldur's Gate,2022-06-10T00:00:00,62,68,65,60,62,70,50,55,35,50,45,65,45,267023,TCGCSV-3047-267023,Commander Legends: Battle for Baldur's Gate,Commander Legends: Battle for Baldur's Gate Collector Booster Display,267023,Commander Legends: Battle for Baldur's Gate - Collector Booster Display,1,3047,Collector Booster Display,approved,auto_high_confidence_v9,candidate_score=240.0; market_price=581.65,267023,,,,,,,,,,,50,50,50,0.0,42.5,Commander Legends: Battle for Baldur's Gate Collector Booster Display,2026-07-31,1,596.38,596.38,596.38,0.0,0.0,596.38,,596.38,,596.38,,596.38,,596.38,,596.38,,596.38,,,,50,0,50,0,64.33,25,62.0,25,50,3.33,56.73,10.67
Streets of New Capenna Collector Booster Display,Streets of New Capenna,Streets of New Capenna - Collector Booster Display,Standard,51,274.96,261.21,1000.0,274.96,264767,1,3026,tcgcsv,274.96,298.98,389.88,1000.0,2026-07-31T17:43:12+00:00,Streets of New Capenna - Collector Booster Display,Streets of New Capenna,2022-04-29T00:00:00,62,68,65,60,62,70,50,55,35,50,45,65,45,264767,TCGCSV-3026-264767,Streets of New Capenna,Streets of New Capenna Collector Booster Display,264767,Streets of New Capenna - Collector Booster Display,1,3026,Collector Booster Display,approved,auto_high_confidence_v9,candidate_score=240.0; market_price=247.41,264767,,,,,,,,,,,50,50,50,0.0,42.5,Streets of New Capenna Collector Booster Display,2026-07-31,1,274.96,274.96,274.96,0.0,0.0,274.96,,274.96,,274.96,,274.96,,274.96,,274.96,,274.96,,,,50,0,50,0,64.33,25,62.0,25,50,3.33,56.73,10.67
Kamigawa: Neon Dynasty Collector Booster Display,Kamigawa: Neon Dynasty,Kamigawa: Neon Dynasty - Collector Booster Display,Standard,53,528.41,501.99,1500.0,528.41,257563,1,2965,tcgcsv,528.41,598.97,699.99,1500.0,2026-07-31T17:43:12+00:00,Kamigawa: Neon Dynasty - Collector Booster Display,Kamigawa: Neon Dynasty,2022-02-18T00:00:00,86,91,88,76,90,88,32,28,35,44,45,65,45,257563,TCGCSV-2965-257563,Kamigawa: Neon Dynasty,Kamigawa: Neon Dynasty Collector Booster Display,257563,Kamigawa: Neon Dynasty - Collector Booster Display,1,2965,Collector Booster Display,approved,auto_high_confidence_v9,candidate_score=240.0; market_price=497.04,257563,,,,,,,,,,,50,50,50,0.0,42.5,Kamigawa: Neon Dynasty Collector Booster Display,2026-07-31,1,528.41,528.41,528.41,0.0,0.0,528.41,,528.41,,528.41,,528.41,,528.41,,528.41,,528.41,,,,50,0,50,0,85.0,25,86.0,25,50,3.33,68.07,10.67
Innistrad: Crimson Vow Collector Booster Display,Innistrad: Crimson Vow,Innistrad: Crimson Vow - Collector Booster Display,Standard,56,286.57,272.24,999.0,286.57,246457,1,2862,tcgcsv,286.57,305.0,398.99,999.0,2026-07-31T17:43:12+00:00,Innistrad: Crimson Vow - Collector Booster Display,Innistrad: Crimson Vow,2021-11-19T00:00:00,62,68,65,60,62,70,50,55,35,50,45,65,45,246457,TCGCSV-2862-246457,Innistrad: Crimson Vow,Innistrad: Crimson Vow Collector Booster Display,246457,Innistrad: Crimson Vow - Collector Booster Display,1,2862,Collector Booster Display,approved,auto_high_confidence_v9,candidate_score=240.0; market_price=248.1,246457,,,,,,,,,,,50,50,50,0.0,42.5,Innistrad: Crimson Vow Collector Booster Display,2026-07-31,1,286.57,286.57,286.57,0.0,0.0,286.57,,286.57,,286.57,,286.57,,286.57,,286.57,,286.57,,,,50,0,50,0,64.33,25,62.0,25,50,3.33,56.73,10.67
Innistrad: Midnight Hunt Collector Booster Display,Innistrad: Midnight Hunt,Innistrad: Midnight Hunt - Collector Booster Display,Standard,58,252.9,240.26,999.0,252.9,244384,1,2864,tcgcsv,252.9,249.99,329.69,999.0,2026-07-31T17:43:12+00:00,Innistrad: Midnight Hunt - Collector Booster Display,Innistrad: Midnight Hunt,2021-09-24T00:00:00,62,68,65,60,62,70,50,55,35,50,45,65,45,244384,TCGCSV-2864-244384,Innistrad: Midnight Hunt,Innistrad: Midnight Hunt Collector Booster Display,244384,Innistrad: Midnight Hunt - Collector Booster Display,1,2864,Collector Booster Display,approved,auto_high_confidence_v9,candidate_score=240.0; market_price=212.26,244384,,,,,,,,,,,50,50,50,0.0,42.5,Innistrad: Midnight Hunt Collector Booster Display,2026-07-31,1,252.9,252.9,252.9,0.0,0.0,252.9,,252.9,,252.9,,252.9,,252.9,,252.9,,252.9,,,,50,0,50,0,64.33,25,62.0,25,50,3.33,56.73,10.67
Adventures in the Forgotten Realms Collector Booster Display,Adventures in the Forgotten Realms,Adventures in the Forgotten Realms - Collector Booster Display,Standard,60,377.61,358.73,1000.0,377.61,238745,1,2823,tcgcsv,377.61,399.96,499.99,1000.0,2026-07-31T17:43:12+00:00,Adventures in the Forgotten Realms - Collector Booster Display,Adventures in the Forgotten Realms,2021-07-23T00:00:00,62,68,65,60,62,70,50,55,35,50,45,65,45,238745,TCGCSV-2823-238745,Adventures in the Forgotten Realms,Adventures in the Forgotten Realms Collector Booster Display,238745,Adventures in the Forgotten Realms - Collector Booster Display,1,2823,Collector Booster Display,approved,auto_high_confidence_v9,candidate_score=240.0; market_price=318.01,238745,,,,,,,,,,,50,50,50,0.0,42.5,Adventures in the Forgotten Realms Collector Booster Display,2026-07-31,1,377.61,377.61,377.61,0.0,0.0,377.61,,377.61,,377.61,,377.61,,377.61,,377.61,,377.61,,,,50,0,50,0,64.33,25,62.0,25,50,3.33,56.73,10.67
Modern Horizons 2 Collector Booster Display,Modern Horizons 2,Modern Horizons 2 - Collector Booster Display,Modern Horizons,61,590.32,560.8,1499.99,590.32,236348,1,2809,tcgcsv,590.32,639.99,724.99,1499.99,2026-07-31T17:43:12+00:00,Modern Horizons 2 - Collector Booster Display,Modern Horizons 2,2021-06-19T00:00:00,62,82,75,60,72,78,50,55,35,50,45,65,45,236348,TCGCSV-2809-236348,Modern Horizons 2,Modern Horizons 2 Collector Booster Display,236348,Modern Horizons 2 - Collector Booster Display,1,2809,Collector Booster Display,approved,auto_high_confidence_v9,candidate_score=240.0; market_price=551.86,236348,,,,,,,,,,,50,50,50,0.0,42.5,Modern Horizons 2 Collector Booster Display,2026-07-31,1,590.32,590.32,590.32,0.0,0.0,590.32,,590.32,,590.32,,590.32,,590.32,,590.32,,590.32,,,,50,0,50,0,72.33,25,62.0,25,50,3.33,58.87,10.67
Strixhaven: School of Mages Collector Booster Display,Strixhaven: School of Mages,Strixhaven: School of Mages - Collector Booster Display,Standard,63,629.6,598.12,1500.0,629.6,233232,1,2773,tcgcsv,629.6,629.01,680.0,1500.0,2026-07-31T17:43:12+00:00,Strixhaven: School of Mages - Collector Booster Display,Strixhaven: School of Mages,2021-04-23T00:00:00,62,68,65,60,62,70,50,55,35,50,45,65,45,233232,TCGCSV-2773-233232,Strixhaven: School of Mages,Strixhaven: School of Mages Collector Booster Display,233232,Strixhaven: School of Mages - Collector Booster Display,1,2773,Collector Booster Display,approved,auto_high_confidence_v9,candidate_score=240.0; market_price=622.76,233232,,,,,,,,,,,50,50,50,0.0,42.5,Strixhaven: School of Mages Collector Booster Display,2026-07-31,1,629.6,629.6,629.6,0.0,0.0,629.6,,629.6,,629.6,,629.6,,629.6,,629.6,,629.6,,,,50,0,50,0,64.33,25,62.0,25,50,3.33,56.73,10.67
Kaldheim Collector Booster Display,Kaldheim,Kaldheim - Collector Booster Display,Standard,65,332.89,316.25,999.99,332.89,228249,1,2750,tcgcsv,332.89,340.0,410.0,999.99,2026-07-31T17:43:12+00:00,Kaldheim - Collector Booster Display,Kaldheim,2021-02-05T00:00:00,62,68,65,60,62,70,50,55,35,50,45,65,45,228249,TCGCSV-2750-228249,Kaldheim,Kaldheim Collector Booster Display,228249,Kaldheim - Collector Booster Display,1,2750,Collector Booster Display,approved,auto_high_confidence_v9,candidate_score=240.0; market_price=313.14,228249,,,,,,,,,,,50,50,50,0.0,42.5,Kaldheim Collector Booster Display,2026-07-31,1,332.89,332.89,332.89,0.0,0.0,332.89,,332.89,,332.89,,332.89,,332.89,,332.89,,332.89,,,,50,0,50,0,64.33,25,62.0,25,50,3.33,56.73,10.67
Commander Legends Collector Booster Display,Commander Legends,Commander Legends - Collector Booster Display,Commander,68,722.61,686.48,1499.99,722.61,221323,1,2708,tcgcsv,722.61,793.0,945.0,1499.99,2026-07-31T17:43:12+00:00,Commander Legends - Collector Booster Display,Commander Legends,2020-11-20T00:00:00,62,68,65,60,62,70,50,55,35,50,45,65,45,221323,TCGCSV-2708-221323,Commander Legends,Commander Legends Collector Booster Display,221323,Commander Legends - Collector Booster Display,1,2708,Collector Booster Display,approved,auto_high_confidence_v9,candidate_score=240.0; market_price=707.48,221323,,,,,,,,,,,50,50,50,0.0,42.5,Commander Legends Collector Booster Display,2026-07-31,1,722.61,722.61,722.61,0.0,0.0,722.61,,722.61,,722.61,,722.61,,722.61,,722.61,,722.61,,,,50,0,50,0,64.33,25,62.0,25,50,3.33,56.73,10.67
Zendikar Rising Collector Booster Display,Zendikar Rising,Zendikar Rising - Collector Booster Display,Standard,70,431.07,409.52,1000.0,431.07,220423,1,2648,tcgcsv,431.07,479.99,599.95,1000.0,2026-07-31T17:43:12+00:00,Zendikar Rising - Collector Booster Display,Zendikar Rising,2020-09-25T00:00:00,62,68,65,60,62,70,50,55,35,50,45,65,45,220423,TCGCSV-2648-220423,Zendikar Rising,Zendikar Rising Collector Booster Display,220423,Zendikar Rising - Collector Booster Display,1,2648,Collector Booster Display,approved,auto_high_confidence_v9,candidate_score=240.0; market_price=370.37,220423,,,,,,,,,,,50,50,50,0.0,42.5,Zendikar Rising Collector Booster Display,2026-07-31,1,431.07,431.07,431.07,0.0,0.0,431.07,,431.07,,431.07,,431.07,,431.07,,431.07,,431.07,,,,50,0,50,0,64.33,25,62.0,25,50,3.33,56.73,10.67
Core Set 2021 Collector Booster Display,Core Set 2021,Core Set 2021 - Collector Booster Display,Standard,72,457.08,434.23,5000.0,457.08,214818,1,2653,tcgcsv,457.08,649.0,684.69,5000.0,2026-07-31T17:43:12+00:00,Core Set 2021 - Collector Booster Display,Core Set 2021,2020-07-03T00:00:00,62,68,65,60,62,70,50,55,35,50,45,65,45,214818,TCGCSV-2653-214818,Core Set 2021,Core Set 2021 Collector Booster Display,214818,Core Set 2021 - Collector Booster Display,1,2653,Collector Booster Display,approved,auto_high_confidence_v9,candidate_score=240.0; market_price=403.03,214818,,,,,,,,,,,50,50,50,0.0,42.5,Core Set 2021 Collector Booster Display,2026-07-31,1,457.08,457.08,457.08,0.0,0.0,457.08,,457.08,,457.08,,457.08,,457.08,,457.08,,457.08,,,,50,0,50,0,64.33,25,62.0,25,50,3.33,56.73,10.67
Ikoria: Lair of Behemoths Collector Booster Display,Ikoria: Lair of Behemoths,Ikoria: Lair of Behemoths - Collector Booster Display,Standard,74,623.98,592.78,1000.0,623.98,208279,1,2603,tcgcsv,623.98,693.33,865.0,1000.0,2026-07-31T17:43:12+00:00,Ikoria: Lair of Behemoths - Collector Booster Display,Ikoria: Lair of Behemoths,2020-05-15T00:00:00,62,68,65,60,62,70,50,55,35,50,45,65,45,208279,TCGCSV-2603-208279,Ikoria: Lair of Behemoths,Ikoria: Lair of Behemoths Collector Booster Display,208279,Ikoria: Lair of Behemoths - Collector Booster Display,1,2603,Collector Booster Display,approved,auto_high_confidence_v9,candidate_score=240.0; market_price=561.43,208279,,,,,,,,,,,50,50,50,0.0,42.5,Ikoria: Lair of Behemoths Collector Booster Display,2026-07-31,1,623.98,623.98,623.98,0.0,0.0,623.98,,623.98,,623.98,,623.98,,623.98,,623.98,,623.98,,,,50,0,50,0,64.33,25,62.0,25,50,3.33,56.73,10.67
