investment_product_id,box_name,latest_observation_date,observations,current_price_db,ath_price,atl_price,drawdown_from_ath,distance_from_atl,ma_7d,return_7d_db,ma_14d,return_14d_db,ma_30d,return_30d_db,ma_60d,return_60d_db,ma_90d,return_90d_db,ma_180d,return_180d_db,ma_365d,return_365d_db,daily_return_volatility,annualized_volatility_db
TCGCSV-17670-449559,Dominaria Remastered Collector Booster Display,2026-07-31,1,529.07,529.07,529.07,0.0,0.0,529.07,,529.07,,529.07,,529.07,,529.07,,529.07,,529.07,,,
TCGCSV-17684-451880,Phyrexia: All Will Be One Collector Booster Display,2026-07-31,1,951.79,951.79,951.79,0.0,0.0,951.79,,951.79,,951.79,,951.79,,951.79,,951.79,,951.79,,,
TCGCSV-22875-475584,March of the Machine Collector Booster Display,2026-07-31,1,783.34,783.34,783.34,0.0,0.0,783.34,,783.34,,783.34,,783.34,,783.34,,783.34,,783.34,,,
TCGCSV-22876-489207,March of the Machine: The Aftermath Collector Booster Display,2026-07-31,1,246.06,246.06,246.06,0.0,0.0,246.06,,246.06,,246.06,,246.06,,246.06,,246.06,,246.06,,,
TCGCSV-23019-484912,Universes Beyond: The Lord of the Rings: Tales of Middle-earth Collector Booster Display,2026-07-31,1,2030.03,2030.03,2030.03,0.0,0.0,2030.03,,2030.03,,2030.03,,2030.03,,2030.03,,2030.03,,2030.03,,,
TCGCSV-23019-515906,The Lord of the Rings: Tales of Middle-earth - Special Edition Collector Booster Display,2026-07-31,1,5729.4,5729.4,5729.4,0.0,0.0,5729.4,,5729.4,,5729.4,,5729.4,,5729.4,,5729.4,,5729.4,,,
TCGCSV-23020-484929,Commander Masters Collector Booster Display,2026-07-31,1,506.55,506.55,506.55,0.0,0.0,506.55,,506.55,,506.55,,506.55,,506.55,,506.55,,506.55,,,
TCGCSV-23163-496041,Wilds of Eldraine Collector Booster Display,2026-07-31,1,905.95,905.95,905.95,0.0,0.0,905.95,,905.95,,905.95,,905.95,,905.95,,905.95,,905.95,,,
TCGCSV-23165-496076,Universes Beyond: Doctor Who Collector Booster Display,2026-07-31,1,638.08,638.08,638.08,0.0,0.0,638.08,,638.08,,638.08,,638.08,,638.08,,638.08,,638.08,,,
TCGCSV-23312-516614,The Lost Caverns of Ixalan Collector Booster Display,2026-07-31,1,1002.68,1002.68,1002.68,0.0,0.0,1002.68,,1002.68,,1002.68,,1002.68,,1002.68,,1002.68,,1002.68,,,
TCGCSV-23319-517708,Ravnica Remastered Collector Booster Display,2026-07-31,1,974.18,974.18,974.18,0.0,0.0,974.18,,974.18,,974.18,,974.18,,974.18,,974.18,,974.18,,,
TCGCSV-23337-523185,Universes Beyond: Fallout Collector Booster Display,2026-07-31,1,1760.06,1760.06,1760.06,0.0,0.0,1760.06,,1760.06,,1760.06,,1760.06,,1760.06,,1760.06,,1760.06,,,
TCGCSV-23361-529968,Murders at Karlov Manor Collector Booster Display,2026-07-31,1,377.98,377.98,377.98,0.0,0.0,377.98,,377.98,,377.98,,377.98,,377.98,,377.98,,377.98,,,
TCGCSV-23439-541090,Outlaws of Thunder Junction Collector Booster Display,2026-07-31,1,429.6,429.6,429.6,0.0,0.0,429.6,,429.6,,429.6,,429.6,,429.6,,429.6,,429.6,,,
TCGCSV-23444-541179,Modern Horizons 3 Collector Booster Display,2026-07-31,1,807.28,807.28,807.28,0.0,0.0,807.28,,807.28,,807.28,,807.28,,807.28,,807.28,,807.28,,,
TCGCSV-23446-541225,Universes Beyond: Assassin's Creed Collector Booster Display,2026-07-31,1,530.81,530.81,530.81,0.0,0.0,530.81,,530.81,,530.81,,530.81,,530.81,,530.81,,530.81,,,
TCGCSV-23447-541238,Bloomburrow Collector Booster Display,2026-07-31,1,1069.11,1069.11,1069.11,0.0,0.0,1069.11,,1069.11,,1069.11,,1069.11,,1069.11,,1069.11,,1069.11,,,
TCGCSV-23550-557244,Duskmourn: House of Horror Collector Booster Display,2026-07-31,1,688.02,688.02,688.02,0.0,0.0,688.02,,688.02,,688.02,,688.02,,688.02,,688.02,,688.02,,,
TCGCSV-23556-562122,Foundations Collector Booster Display,2026-07-31,1,804.27,804.27,804.27,0.0,0.0,804.27,,804.27,,804.27,,804.27,,804.27,,804.27,,804.27,,,
TCGCSV-23848-594681,Innistrad Remastered Collector Booster Display,2026-07-31,1,448.71,448.71,448.71,0.0,0.0,448.71,,448.71,,448.71,,448.71,,448.71,,448.71,,448.71,,,
TCGCSV-23874-604253,Aetherdrift Collector Booster Display,2026-07-31,1,301.18,301.18,301.18,0.0,0.0,301.18,,301.18,,301.18,,301.18,,301.18,,301.18,,301.18,,,
TCGCSV-24219-618893,FINAL FANTASY Collector Booster Display,2026-07-31,1,1780.25,1780.25,1780.25,0.0,0.0,1780.25,,1780.25,,1780.25,,1780.25,,1780.25,,1780.25,,1780.25,,,
TCGCSV-24219-628315,FINAL FANTASY - Collector Booster Display (Japanese),2026-07-31,1,698.3,698.3,698.3,0.0,0.0,698.3,,698.3,,698.3,,698.3,,698.3,,698.3,,698.3,,,
TCGCSV-24232-619649,Tarkir: Dragonstorm Collector Booster Display,2026-07-31,1,487.56,487.56,487.56,0.0,0.0,487.56,,487.56,,487.56,,487.56,,487.56,,487.56,,487.56,,,
TCGCSV-24233-619672,Edge of Eternities Collector Booster Display,2026-07-31,1,713.24,713.24,713.24,0.0,0.0,713.24,,713.24,,713.24,,713.24,,713.24,,713.24,,713.24,,,
TCGCSV-24245-621110,Marvel's Spider-Man Collector Booster Display,2026-07-31,1,394.25,394.25,394.25,0.0,0.0,394.25,,394.25,,394.25,,394.25,,394.25,,394.25,,394.25,,,
TCGCSV-24421-648650,Avatar: The Last Airbender Collector Booster Display,2026-07-31,1,481.77,481.77,481.77,0.0,0.0,481.77,,481.77,,481.77,,481.77,,481.77,,481.77,,481.77,,,
TCGCSV-24463-656322,Lorwyn Eclipsed Collector Booster Display,2026-07-31,1,429.51,429.51,429.51,0.0,0.0,429.51,,429.51,,429.51,,429.51,,429.51,,429.51,,429.51,,,
TCGCSV-24495-657852,Teenage Mutant Ninja Turtles Collector Booster Display,2026-07-31,1,436.91,436.91,436.91,0.0,0.0,436.91,,436.91,,436.91,,436.91,,436.91,,436.91,,436.91,,,
TCGCSV-24553-675606,Marvel Super Heroes Collector Booster Display,2026-07-31,1,451.91,451.91,451.91,0.0,0.0,451.91,,451.91,,451.91,,451.91,,451.91,,451.91,,451.91,,,
TCGCSV-24601-675558,Secrets of Strixhaven Collector Booster Display,2026-07-31,1,486.08,486.08,486.08,0.0,0.0,486.08,,486.08,,486.08,,486.08,,486.08,,486.08,,486.08,,,
TCGCSV-24683-692963,The Hobbit Collector Booster Display,2026-07-31,1,782.66,782.66,782.66,0.0,0.0,782.66,,782.66,,782.66,,782.66,,782.66,,782.66,,782.66,,,
TCGCSV-24684-692983,Reality Fracture Collector Booster Display,2026-07-31,1,475.68,475.68,475.68,0.0,0.0,475.68,,475.68,,475.68,,475.68,,475.68,,475.68,,475.68,,,
TCGCSV-24766-706142,Star Trek Collector Booster Display,2026-07-31,1,701.58,701.58,701.58,0.0,0.0,701.58,,701.58,,701.58,,701.58,,701.58,,701.58,,701.58,,,
TCGCSV-2603-208279,Ikoria: Lair of Behemoths Collector Booster Display,2026-07-31,1,623.98,623.98,623.98,0.0,0.0,623.98,,623.98,,623.98,,623.98,,623.98,,623.98,,623.98,,,
TCGCSV-2648-220423,Zendikar Rising Collector Booster Display,2026-07-31,1,431.07,431.07,431.07,0.0,0.0,431.07,,431.07,,431.07,,431.07,,431.07,,431.07,,431.07,,,
TCGCSV-2653-214818,Core Set 2021 Collector Booster Display,2026-07-31,1,457.08,457.08,457.08,0.0,0.0,457.08,,457.08,,457.08,,457.08,,457.08,,457.08,,457.08,,,
TCGCSV-2708-221323,Commander Legends Collector Booster Display,2026-07-31,1,722.61,722.61,722.61,0.0,0.0,722.61,,722.61,,722.61,,722.61,,722.61,,722.61,,722.61,,,
TCGCSV-2750-228249,Kaldheim Collector Booster Display,2026-07-31,1,332.89,332.89,332.89,0.0,0.0,332.89,,332.89,,332.89,,332.89,,332.89,,332.89,,332.89,,,
TCGCSV-2773-233232,Strixhaven: School of Mages Collector Booster Display,2026-07-31,1,629.6,629.6,629.6,0.0,0.0,629.6,,629.6,,629.6,,629.6,,629.6,,629.6,,629.6,,,
TCGCSV-2809-236348,Modern Horizons 2 Collector Booster Display,2026-07-31,1,590.32,590.32,590.32,0.0,0.0,590.32,,590.32,,590.32,,590.32,,590.32,,590.32,,590.32,,,
TCGCSV-2823-238745,Adventures in the Forgotten Realms Collector Booster Display,2026-07-31,1,377.61,377.61,377.61,0.0,0.0,377.61,,377.61,,377.61,,377.61,,377.61,,377.61,,377.61,,,
TCGCSV-2862-246457,Innistrad: Crimson Vow Collector Booster Display,2026-07-31,1,286.57,286.57,286.57,0.0,0.0,286.57,,286.57,,286.57,,286.57,,286.57,,286.57,,286.57,,,
TCGCSV-2864-244384,Innistrad: Midnight Hunt Collector Booster Display,2026-07-31,1,252.9,252.9,252.9,0.0,0.0,252.9,,252.9,,252.9,,252.9,,252.9,,252.9,,252.9,,,
TCGCSV-2958-275406,Unfinity Collector Booster Display,2026-07-31,1,360.28,360.28,360.28,0.0,0.0,360.28,,360.28,,360.28,,360.28,,360.28,,360.28,,360.28,,,
TCGCSV-2965-257563,Kamigawa: Neon Dynasty Collector Booster Display,2026-07-31,1,528.41,528.41,528.41,0.0,0.0,528.41,,528.41,,528.41,,528.41,,528.41,,528.41,,528.41,,,
TCGCSV-3026-264767,Streets of New Capenna Collector Booster Display,2026-07-31,1,274.96,274.96,274.96,0.0,0.0,274.96,,274.96,,274.96,,274.96,,274.96,,274.96,,274.96,,,
TCGCSV-3047-267023,Commander Legends: Battle for Baldur's Gate Collector Booster Display,2026-07-31,1,596.38,596.38,596.38,0.0,0.0,596.38,,596.38,,596.38,,596.38,,596.38,,596.38,,596.38,,,
TCGCSV-3070-271509,Double Masters 2022 Collector Booster Display,2026-07-31,1,437.78,437.78,437.78,0.0,0.0,437.78,,437.78,,437.78,,437.78,,437.78,,437.78,,437.78,,,
TCGCSV-3102-275412,Dominaria United Collector Booster Display,2026-07-31,1,349.95,349.95,349.95,0.0,0.0,349.95,,349.95,,349.95,,349.95,,349.95,,349.95,,349.95,,,
TCGCSV-3157-282224,The Brothers' War Collector Booster Display,2026-07-31,1,742.23,742.23,742.23,0.0,0.0,742.23,,742.23,,742.23,,742.23,,742.23,,742.23,,742.23,,,
