canonical_product_id,canonical_product_name,normalized_product_name,canonical_set_name,product_class,tcgplayer_product_id,release_date,ebay_query,source_batch,registry_status,market_coverage_status
TCGCSV-17670-449559,Dominaria Remastered Collector Booster Display,dominaria remastered collector booster display,Dominaria Remastered,COLLECTOR_BOOSTER_BOX,449559,,"Magic The Gathering ""Dominaria Remastered Collector Booster Display"" sealed",0000_0024,GOVERNED,COVERED
TCGCSV-17684-451880,Phyrexia: All Will Be One Collector Booster Display,phyrexia all will be one collector booster display,Phyrexia: All Will Be One,COLLECTOR_BOOSTER_BOX,451880,,"Magic The Gathering ""Phyrexia: All Will Be One Collector Booster Display"" sealed",0025_0048,GOVERNED,COVERED
TCGCSV-22875-475584,March of the Machine Collector Booster Display,march of the machine collector booster display,March of the Machine,COLLECTOR_BOOSTER_BOX,475584,,"Magic The Gathering ""March of the Machine Collector Booster Display"" sealed",0000_0024,GOVERNED,COVERED
TCGCSV-22876-489207,March of the Machine: The Aftermath Collector Booster Display,march of the machine the aftermath collector booster display,March of the Machine: The Aftermath,COLLECTOR_BOOSTER_BOX,489207,,"Magic The Gathering ""March of the Machine: The Aftermath Collector Booster Display"" sealed",0000_0024,GOVERNED,COVERED
TCGCSV-23019-484912,Universes Beyond: The Lord of the Rings: Tales of Middle-earth Collector Booster Display,universes beyond the lord of the rings tales of middle earth collector booster display,Universes Beyond: The Lord of the Rings: Tales of Middle-earth,COLLECTOR_BOOSTER_BOX,484912,,"Magic The Gathering ""Universes Beyond: The Lord of the Rings: Tales of Middle-earth Collector Booster Display"" sealed",0025_0048,GOVERNED,COVERED
TCGCSV-23019-515906,The Lord of the Rings: Tales of Middle-earth - Special Edition Collector Booster Display,the lord of the rings tales of middle earth special edition collector booster display,Universes Beyond: The Lord of the Rings: Tales of Middle-earth,COLLECTOR_BOOSTER_BOX,515906,,"Magic The Gathering ""The Lord of the Rings: Tales of Middle-earth Special Edition Collector Booster Display"" sealed",0025_0048,GOVERNED,COVERED
TCGCSV-23020-484929,Commander Masters Collector Booster Display,commander masters collector booster display,Commander Masters,COLLECTOR_BOOSTER_BOX,484929,,"Magic The Gathering ""Commander Masters Collector Booster Display"" sealed",0000_0024,GOVERNED,COVERED
TCGCSV-23163-496041,Wilds of Eldraine Collector Booster Display,wilds of eldraine collector booster display,Wilds of Eldraine,COLLECTOR_BOOSTER_BOX,496041,,"Magic The Gathering ""Wilds of Eldraine Collector Booster Display"" sealed",0025_0048,GOVERNED,COVERED
TCGCSV-23165-496076,Universes Beyond: Doctor Who Collector Booster Display,universes beyond doctor who collector booster display,Universes Beyond: Doctor Who,COLLECTOR_BOOSTER_BOX,496076,,"Magic The Gathering ""Universes Beyond: Doctor Who Collector Booster Display"" sealed",0025_0048,GOVERNED,COVERED
TCGCSV-23312-516614,The Lost Caverns of Ixalan Collector Booster Display,the lost caverns of ixalan collector booster display,The Lost Caverns of Ixalan,COLLECTOR_BOOSTER_BOX,516614,,"Magic The Gathering ""The Lost Caverns of Ixalan Collector Booster Display"" sealed",0025_0048,GOVERNED,COVERED
TCGCSV-23319-517708,Ravnica Remastered Collector Booster Display,ravnica remastered collector booster display,Ravnica Remastered,COLLECTOR_BOOSTER_BOX,517708,,"Magic The Gathering ""Ravnica Remastered Collector Booster Display"" sealed",0025_0048,GOVERNED,COVERED
TCGCSV-23337-523185,Universes Beyond: Fallout Collector Booster Display,universes beyond fallout collector booster display,Universes Beyond: Fallout,COLLECTOR_BOOSTER_BOX,523185,,"Magic The Gathering ""Universes Beyond: Fallout Collector Booster Display"" sealed",0025_0048,GOVERNED,COVERED
TCGCSV-23361-529968,Murders at Karlov Manor Collector Booster Display,murders at karlov manor collector booster display,Murders at Karlov Manor,COLLECTOR_BOOSTER_BOX,529968,,"Magic The Gathering ""Murders at Karlov Manor Collector Booster Display"" sealed",0025_0048,GOVERNED,COVERED
TCGCSV-23439-541090,Outlaws of Thunder Junction Collector Booster Display,outlaws of thunder junction collector booster display,Outlaws of Thunder Junction,COLLECTOR_BOOSTER_BOX,541090,,"Magic The Gathering ""Outlaws of Thunder Junction Collector Booster Display"" sealed",0025_0048,GOVERNED,COVERED
TCGCSV-23444-541179,Modern Horizons 3 Collector Booster Display,modern horizons 3 collector booster display,Modern Horizons 3,COLLECTOR_BOOSTER_BOX,541179,,"Magic The Gathering ""Modern Horizons 3 Collector Booster Display"" sealed",0025_0048,GOVERNED,COVERED
TCGCSV-23446-541225,Universes Beyond: Assassin's Creed Collector Booster Display,universes beyond assassin s creed collector booster display,Universes Beyond: Assassin's Creed,COLLECTOR_BOOSTER_BOX,541225,,"Magic The Gathering ""Universes Beyond: Assassin's Creed Collector Booster Display"" sealed",0025_0048,GOVERNED,COVERED
TCGCSV-23447-541238,Bloomburrow Collector Booster Display,bloomburrow collector booster display,Bloomburrow,COLLECTOR_BOOSTER_BOX,541238,,"Magic The Gathering ""Bloomburrow Collector Booster Display"" sealed",0000_0024,GOVERNED,COVERED
TCGCSV-23550-557244,Duskmourn: House of Horror Collector Booster Display,duskmourn house of horror collector booster display,Duskmourn: House of Horror,COLLECTOR_BOOSTER_BOX,557244,,"Magic The Gathering ""Duskmourn: House of Horror Collector Booster Display"" sealed",0000_0024,GOVERNED,COVERED
TCGCSV-23556-562122,Foundations Collector Booster Display,foundations collector booster display,Foundations,COLLECTOR_BOOSTER_BOX,562122,,"Magic The Gathering ""Foundations Collector Booster Display"" sealed",0000_0024,GOVERNED,COVERED
TCGCSV-23848-594681,Innistrad Remastered Collector Booster Display,innistrad remastered collector booster display,Innistrad Remastered,COLLECTOR_BOOSTER_BOX,594681,,"Magic The Gathering ""Innistrad Remastered Collector Booster Display"" sealed",0000_0024,GOVERNED,COVERED
TCGCSV-23874-604253,Aetherdrift Collector Booster Display,aetherdrift collector booster display,Aetherdrift,COLLECTOR_BOOSTER_BOX,604253,,"Magic The Gathering ""Aetherdrift Collector Booster Display"" sealed",0000_0024,GOVERNED,COVERED
TCGCSV-24219-618893,FINAL FANTASY Collector Booster Display,final fantasy collector booster display,FINAL FANTASY,COLLECTOR_BOOSTER_BOX,618893,,"Magic The Gathering ""FINAL FANTASY Collector Booster Display"" sealed",0000_0024,GOVERNED,COVERED
TCGCSV-24232-619649,Tarkir: Dragonstorm Collector Booster Display,tarkir dragonstorm collector booster display,Tarkir: Dragonstorm,COLLECTOR_BOOSTER_BOX,619649,,"Magic The Gathering ""Tarkir: Dragonstorm Collector Booster Display"" sealed",0025_0048,GOVERNED,COVERED
TCGCSV-24233-619672,Edge of Eternities Collector Booster Display,edge of eternities collector booster display,Edge of Eternities,COLLECTOR_BOOSTER_BOX,619672,,"Magic The Gathering ""Edge of Eternities Collector Booster Display"" sealed",0000_0024,GOVERNED,COVERED
TCGCSV-24245-621110,Marvel's Spider-Man Collector Booster Display,marvel s spider man collector booster display,Marvel's Spider-Man,COLLECTOR_BOOSTER_BOX,621110,,"Magic The Gathering ""Marvel's Spider-Man Collector Booster Display"" sealed",0025_0048,GOVERNED,COVERED
TCGCSV-24421-648650,Avatar: The Last Airbender Collector Booster Display,avatar the last airbender collector booster display,Avatar: The Last Airbender,COLLECTOR_BOOSTER_BOX,648650,,"Magic The Gathering ""Avatar: The Last Airbender Collector Booster Display"" sealed",0000_0024,GOVERNED,COVERED
TCGCSV-24463-656322,Lorwyn Eclipsed Collector Booster Display,lorwyn eclipsed collector booster display,Lorwyn Eclipsed,COLLECTOR_BOOSTER_BOX,656322,,"Magic The Gathering ""Lorwyn Eclipsed Collector Booster Display"" sealed",0000_0024,GOVERNED,COVERED
TCGCSV-24495-657852,Teenage Mutant Ninja Turtles Collector Booster Display,teenage mutant ninja turtles collector booster display,Teenage Mutant Ninja Turtles,COLLECTOR_BOOSTER_BOX,657852,,"Magic The Gathering ""Teenage Mutant Ninja Turtles Collector Booster Display"" sealed",0025_0048,GOVERNED,COVERED
TCGCSV-24553-675606,Marvel Super Heroes Collector Booster Display,marvel super heroes collector booster display,Marvel Super Heroes,COLLECTOR_BOOSTER_BOX,675606,,"Magic The Gathering ""Marvel Super Heroes Collector Booster Display"" sealed",0000_0024,GOVERNED,COVERED
TCGCSV-24601-675558,Secrets of Strixhaven Collector Booster Display,secrets of strixhaven collector booster display,Secrets of Strixhaven,COLLECTOR_BOOSTER_BOX,675558,,"Magic The Gathering ""Secrets of Strixhaven Collector Booster Display"" sealed",0025_0048,GOVERNED,COVERED
TCGCSV-24683-692963,The Hobbit Collector Booster Display,the hobbit collector booster display,The Hobbit,COLLECTOR_BOOSTER_BOX,692963,,"Magic The Gathering ""The Hobbit Collector Booster Display"" sealed",0025_0048,GOVERNED,COVERED
TCGCSV-24684-692983,Reality Fracture Collector Booster Display,reality fracture collector booster display,Reality Fracture,COLLECTOR_BOOSTER_BOX,692983,,"Magic The Gathering ""Reality Fracture Collector Booster Display"" sealed",0025_0048,GOVERNED,COVERED
TCGCSV-2603-208279,Ikoria: Lair of Behemoths Collector Booster Display,ikoria lair of behemoths collector booster display,Ikoria: Lair of Behemoths,COLLECTOR_BOOSTER_BOX,208279,,"Magic The Gathering ""Ikoria: Lair of Behemoths Collector Booster Display"" sealed",0000_0024,GOVERNED,COVERED
TCGCSV-2648-220423,Zendikar Rising Collector Booster Display,zendikar rising collector booster display,Zendikar Rising,COLLECTOR_BOOSTER_BOX,220423,,"Magic The Gathering ""Zendikar Rising Collector Booster Display"" sealed",0025_0048,GOVERNED,COVERED
TCGCSV-2653-214818,Core Set 2021 Collector Booster Display,core set 2021 collector booster display,Core Set 2021,COLLECTOR_BOOSTER_BOX,214818,,"Magic The Gathering ""Core Set 2021 Collector Booster Display"" sealed",0000_0024,GOVERNED,COVERED
TCGCSV-2708-221323,Commander Legends Collector Booster Display,commander legends collector booster display,Commander Legends,COLLECTOR_BOOSTER_BOX,221323,,"Magic The Gathering ""Commander Legends Collector Booster Display"" sealed",0000_0024,GOVERNED,COVERED
TCGCSV-2750-228249,Kaldheim Collector Booster Display,kaldheim collector booster display,Kaldheim,COLLECTOR_BOOSTER_BOX,228249,,"Magic The Gathering ""Kaldheim Collector Booster Display"" sealed",0000_0024,GOVERNED,COVERED
TCGCSV-2773-233232,Strixhaven: School of Mages Collector Booster Display,strixhaven school of mages collector booster display,Strixhaven: School of Mages,COLLECTOR_BOOSTER_BOX,233232,,"Magic The Gathering ""Strixhaven: School of Mages Collector Booster Display"" sealed",0025_0048,GOVERNED,COVERED
TCGCSV-2809-236348,Modern Horizons 2 Collector Booster Display,modern horizons 2 collector booster display,Modern Horizons 2,COLLECTOR_BOOSTER_BOX,236348,,"Magic The Gathering ""Modern Horizons 2 Collector Booster Display"" sealed",0025_0048,GOVERNED,COVERED
TCGCSV-2823-238745,Adventures in the Forgotten Realms Collector Booster Display,adventures in the forgotten realms collector booster display,Adventures in the Forgotten Realms,COLLECTOR_BOOSTER_BOX,238745,,"Magic The Gathering ""Adventures in the Forgotten Realms Collector Booster Display"" sealed",0000_0024,GOVERNED,COVERED
TCGCSV-2862-246457,Innistrad: Crimson Vow Collector Booster Display,innistrad crimson vow collector booster display,Innistrad: Crimson Vow,COLLECTOR_BOOSTER_BOX,246457,,"Magic The Gathering ""Innistrad: Crimson Vow Collector Booster Display"" sealed",0000_0024,GOVERNED,COVERED
TCGCSV-2864-244384,Innistrad: Midnight Hunt Collector Booster Display,innistrad midnight hunt collector booster display,Innistrad: Midnight Hunt,COLLECTOR_BOOSTER_BOX,244384,,"Magic The Gathering ""Innistrad: Midnight Hunt Collector Booster Display"" sealed",0000_0024,GOVERNED,COVERED
TCGCSV-2958-275406,Unfinity Collector Booster Display,unfinity collector booster display,Unfinity,COLLECTOR_BOOSTER_BOX,275406,,"Magic The Gathering ""Unfinity Collector Booster Display"" sealed",0025_0048,GOVERNED,COVERED
TCGCSV-2965-257563,Kamigawa: Neon Dynasty Collector Booster Display,kamigawa neon dynasty collector booster display,Kamigawa: Neon Dynasty,COLLECTOR_BOOSTER_BOX,257563,,"Magic The Gathering ""Kamigawa: Neon Dynasty Collector Booster Display"" sealed",0000_0024,GOVERNED,COVERED
TCGCSV-3026-264767,Streets of New Capenna Collector Booster Display,streets of new capenna collector booster display,Streets of New Capenna,COLLECTOR_BOOSTER_BOX,264767,,"Magic The Gathering ""Streets of New Capenna Collector Booster Display"" sealed",0025_0048,GOVERNED,COVERED
TCGCSV-3047-267023,Commander Legends: Battle for Baldur's Gate Collector Booster Display,commander legends battle for baldur s gate collector booster display,Commander Legends: Battle for Baldur's Gate,COLLECTOR_BOOSTER_BOX,267023,,"Magic The Gathering ""Commander Legends: Battle for Baldur's Gate Collector Booster Display"" sealed",0000_0024,GOVERNED,COVERED
TCGCSV-3070-271509,Double Masters 2022 Collector Booster Display,double masters 2022 collector booster display,Double Masters 2022,COLLECTOR_BOOSTER_BOX,271509,,"Magic The Gathering ""Double Masters 2022 Collector Booster Display"" sealed",0000_0024,GOVERNED,COVERED
TCGCSV-3102-275412,Dominaria United Collector Booster Display,dominaria united collector booster display,Dominaria United,COLLECTOR_BOOSTER_BOX,275412,,"Magic The Gathering ""Dominaria United Collector Booster Display"" sealed",0000_0024,GOVERNED,COVERED
TCGCSV-3157-282224,The Brothers' War Collector Booster Display,the brothers war collector booster display,The Brothers' War,COLLECTOR_BOOSTER_BOX,282224,,"Magic The Gathering ""The Brothers' War Collector Booster Display"" sealed",0025_0048,GOVERNED,COVERED
