canonical_product_id,tcgplayer_product_id,product_name,current_price,current_price_evidence_status,current_price_gap_reason,source_name,observation_date,final_analysis_status,purchase_rank,investment_tier,forecast_price_365d,combined_purchase_score,confidence_quartile,evidence_quality_score,liquidity_score,accepted_listing_count,unique_seller_count,history_observation_count,median_cagr_3y,median_cagr_5y,probability_positive_3y,probability_positive_5y,probability_cagr_above_5pct_3y,probability_cagr_above_5pct_5y,downside_cvar10_3y,downside_cvar10_5y,median_max_drawdown_3y,median_max_drawdown_5y,purchase_score_3y,purchase_score_5y,three_year_classification,five_year_classification,persistent_product_exclusion,not_ranked_reason,high_confidence_rank,speculative_rank
tcgplayer:102715,102715,Battle for Zendikar - Booster Box,221.39,CERTIFIED_TCGCSV_LIVE_CURRENT_PRICE,,TCGCSV_LIVE,2026-08-08,RANKED_FORECASTABLE,4,TIER_1_TOP_QUARTILE,287.57472356198565,90.77207692307692,TIER_1_TOP_QUARTILE,0.801923076923077,0.7442307692307693,10.0,10.0,30.0,0.38563298361538856,0.3837850248136353,0.9868,0.9981,0.9764,0.9929,0.31441967739492727,0.996550002074983,0.0,0.0,90.65907692307692,90.88507692307692,THREE_YEAR_SCENARIO_NOT_DIRECTLY_BACKTESTED,FIVE_YEAR_SCENARIO_NOT_DIRECTLY_BACKTESTED,false,,4,
tcgplayer:110418,110418,Oath of the Gatewatch - Booster Box,173.15,CERTIFIED_TCGCSV_LIVE_CURRENT_PRICE,,TCGCSV_LIVE,2026-08-08,RANKED_FORECASTABLE,40,TIER_2_SECOND_QUARTILE,202.27199761493395,71.24227986906712,TIER_1_TOP_QUARTILE,0.801923076923077,0.7096153846153846,9.0,9.0,30.0,0.24392665887845022,0.24377202463924907,0.9416,0.9787,0.8995,0.9486,-0.07055081629057212,0.20558004137027772,0.0,-0.025952672370094687,70.5521309328969,71.93242880523732,THREE_YEAR_SCENARIO_NOT_DIRECTLY_BACKTESTED,FIVE_YEAR_SCENARIO_NOT_DIRECTLY_BACKTESTED,false,,40,
tcgplayer:112706,112706,Shadows over Innistrad - Booster Box,200.53,CERTIFIED_TCGCSV_LIVE_CURRENT_PRICE,,TCGCSV_LIVE,2026-08-08,RANKED_FORECASTABLE,36,TIER_2_SECOND_QUARTILE,235.68821263191464,73.9164713584288,TIER_1_TOP_QUARTILE,0.801923076923077,0.7096153846153846,9.0,9.0,30.0,0.24968220870254543,0.2537567849401041,0.9523,0.9801,0.9112,0.9516,-0.024899172842517088,0.2294453487719215,0.0,-0.020001749005713387,73.95762029459901,73.87532242225859,THREE_YEAR_SCENARIO_NOT_DIRECTLY_BACKTESTED,FIVE_YEAR_SCENARIO_NOT_DIRECTLY_BACKTESTED,false,,36,
tcgplayer:114832,114832,Eternal Masters - Booster Box,560.26,CERTIFIED_TCGCSV_LIVE_CURRENT_PRICE,,TCGCSV_LIVE,2026-08-08,RANKED_FORECASTABLE,91,TIER_4_BOTTOM_QUARTILE,599.5539802340372,39.9309219858156,TIER_4_BOTTOM_QUARTILE,0.6352564102564102,0.07307692307692308,0.0,0.0,30.0,0.1341696669755873,0.1361957064125654,0.8423,0.8937,0.7378,0.7803,-0.2770105934500959,-0.2378564301370053,-0.027468138947711274,-0.11908906071889702,39.310539007092196,40.55130496453901,THREE_YEAR_SCENARIO_NOT_DIRECTLY_BACKTESTED,FIVE_YEAR_SCENARIO_NOT_DIRECTLY_BACKTESTED,false,,,4
tcgplayer:118393,118393,Eldritch Moon - Booster Box,290.25,CERTIFIED_TCGCSV_LIVE_CURRENT_PRICE,,TCGCSV_LIVE,2026-08-08,RANKED_FORECASTABLE,31,TIER_2_SECOND_QUARTILE,342.41499709839985,75.93737479541736,TIER_1_TOP_QUARTILE,0.801923076923077,0.7442307692307693,10.0,10.0,30.0,0.25601511872120264,0.25421061302008496,0.9562,0.9814,0.9162,0.9545,-0.01598404725541417,0.24626099765781068,0.0,-0.013391691021795271,76.43005564648118,75.44469394435353,THREE_YEAR_SCENARIO_NOT_DIRECTLY_BACKTESTED,FIVE_YEAR_SCENARIO_NOT_DIRECTLY_BACKTESTED,false,,31,
tcgplayer:120965,120965,Conspiracy: Take the Crown - Booster Box,212.53,CERTIFIED_TCGCSV_LIVE_CURRENT_PRICE,,TCGCSV_LIVE,2026-08-08,RANKED_FORECASTABLE,35,TIER_2_SECOND_QUARTILE,249.45522699412072,74.47548936170213,TIER_1_TOP_QUARTILE,0.801923076923077,0.7980769230769231,12.0,12.0,30.0,0.2445816416291572,0.24906492288802784,0.9484,0.98,0.9052,0.9512,-0.047381541212084925,0.22839755639583176,0.0,-0.023320997716841374,73.94672340425532,75.00425531914894,THREE_YEAR_SCENARIO_NOT_DIRECTLY_BACKTESTED,FIVE_YEAR_SCENARIO_NOT_DIRECTLY_BACKTESTED,false,,35,
tcgplayer:121527,121527,Kaladesh - Booster Box,492.24,CERTIFIED_TCGCSV_LIVE_CURRENT_PRICE,,TCGCSV_LIVE,2026-08-08,RANKED_FORECASTABLE,2,TIER_1_TOP_QUARTILE,607.4330530671364,91.5913551554828,TIER_1_TOP_QUARTILE,0.801923076923077,0.95,27.0,26.0,30.0,0.30773603817132267,0.31467547706883414,0.9707,0.9931,0.9496,0.9803,0.09784809295429468,0.5752467767879951,0.0,0.0,91.26097217675941,91.92173813420621,THREE_YEAR_SCENARIO_NOT_DIRECTLY_BACKTESTED,FIVE_YEAR_SCENARIO_NOT_DIRECTLY_BACKTESTED,false,,2,
tcgplayer:125794,125794,Aether Revolt - Booster Box,190.42,CERTIFIED_TCGCSV_LIVE_CURRENT_PRICE,,TCGCSV_LIVE,2026-08-08,RANKED_FORECASTABLE,22,TIER_1_TOP_QUARTILE,228.8224120855576,80.20239770867431,TIER_1_TOP_QUARTILE,0.801923076923077,0.775,11.0,11.0,30.0,0.27738911695707813,0.2803117778490338,0.9651,0.9864,0.9351,0.9656,0.04370026734775273,0.3626333871108212,0.0,0.0,80.20216366612112,80.2026317512275,THREE_YEAR_SCENARIO_NOT_DIRECTLY_BACKTESTED,FIVE_YEAR_SCENARIO_NOT_DIRECTLY_BACKTESTED,false,,22,
tcgplayer:127069,127069,Modern Masters 2017 - Booster Box,343.7,CERTIFIED_TCGCSV_LIVE_CURRENT_PRICE,,TCGCSV_LIVE,2026-08-08,RANKED_FORECASTABLE,62,TIER_3_THIRD_QUARTILE,376.79930319737866,58.20028641571195,TIER_1_TOP_QUARTILE,0.801923076923077,0.6326923076923077,7.0,7.0,30.0,0.1652462543743486,0.16833920719043183,0.8793,0.9332,0.7949,0.8531,-0.22513989715347293,-0.11705752795047959,0.0,-0.08589233548724429,57.342137479541734,59.05843535188217,THREE_YEAR_SCENARIO_NOT_DIRECTLY_BACKTESTED,FIVE_YEAR_SCENARIO_NOT_DIRECTLY_BACKTESTED,false,,61,
tcgplayer:127174,127174,Amonkhet - Booster Box,355.44,CERTIFIED_TCGCSV_LIVE_CURRENT_PRICE,,TCGCSV_LIVE,2026-08-08,RANKED_FORECASTABLE,64,TIER_3_THIRD_QUARTILE,393.24208801230395,57.37518494271686,TIER_1_TOP_QUARTILE,0.801923076923077,0.5,5.0,5.0,30.0,0.17833241556961055,0.17822017955775082,0.8951,0.9407,0.8188,0.866,-0.1966660897058892,-0.08666037522791016,0.0,-0.07751251130679215,56.706418985270055,58.043950900163665,THREE_YEAR_SCENARIO_NOT_DIRECTLY_BACKTESTED,FIVE_YEAR_SCENARIO_NOT_DIRECTLY_BACKTESTED,false,,63,
tcgplayer:131456,131456,Hour of Devastation - Booster Box,286.33,CERTIFIED_TCGCSV_LIVE_CURRENT_PRICE,,TCGCSV_LIVE,2026-08-08,RANKED_FORECASTABLE,57,TIER_3_THIRD_QUARTILE,319.5473559835075,61.45562684124387,TIER_1_TOP_QUARTILE,0.801923076923077,0.6326923076923077,7.0,7.0,30.0,0.18234158448161686,0.18819047062506178,0.9,0.9508,0.8318,0.8887,-0.1922882227726657,-0.03172226082356224,0.0,-0.07534253961293846,60.30932896890344,62.60192471358429,THREE_YEAR_SCENARIO_NOT_DIRECTLY_BACKTESTED,FIVE_YEAR_SCENARIO_NOT_DIRECTLY_BACKTESTED,false,,57,
tcgplayer:141989,141989,Ixalan - Booster Box,221.49,CERTIFIED_TCGCSV_LIVE_CURRENT_PRICE,,TCGCSV_LIVE,2026-08-08,RANKED_FORECASTABLE,7,TIER_1_TOP_QUARTILE,270.59322872540724,88.1050883797054,TIER_1_TOP_QUARTILE,0.801923076923077,0.9096153846153846,21.0,18.0,30.0,0.29999673221786816,0.29856813651241576,0.972,0.9899,0.9478,0.9745,0.09534890471347535,0.4595306296144372,0.0,0.0,89.20268412438627,87.00749263502455,THREE_YEAR_SCENARIO_NOT_DIRECTLY_BACKTESTED,FIVE_YEAR_SCENARIO_NOT_DIRECTLY_BACKTESTED,false,,7,
tcgplayer:145235,145235,Iconic Masters - Booster Box,327.22,CERTIFIED_TCGCSV_LIVE_CURRENT_PRICE,,TCGCSV_LIVE,2026-08-08,RANKED_FORECASTABLE,45,TIER_2_SECOND_QUARTILE,369.39363231134337,67.81027332242226,TIER_1_TOP_QUARTILE,0.801923076923077,0.7865384615384615,12.0,11.0,30.0,0.19700499153317097,0.2032364602601452,0.9198,0.9609,0.8509,0.9137,-0.14245898705348964,0.03152055104602625,0.0,-0.05872536449897303,67.39927332242226,68.22127332242228,THREE_YEAR_SCENARIO_NOT_DIRECTLY_BACKTESTED,FIVE_YEAR_SCENARIO_NOT_DIRECTLY_BACKTESTED,false,,45,
tcgplayer:149402,149402,Unstable - Booster Box,187.05,CERTIFIED_TCGCSV_LIVE_CURRENT_PRICE,,TCGCSV_LIVE,2026-08-08,RANKED_FORECASTABLE,16,TIER_1_TOP_QUARTILE,226.3515368818507,82.86414238952537,TIER_1_TOP_QUARTILE,0.801923076923077,0.825,13.0,13.0,30.0,0.2872124856727798,0.28816245676163277,0.9671,0.991,0.9376,0.9719,0.04929400785433836,0.42585498022715973,0.0,0.0,82.73152536824877,82.99675941080199,THREE_YEAR_SCENARIO_NOT_DIRECTLY_BACKTESTED,FIVE_YEAR_SCENARIO_NOT_DIRECTLY_BACKTESTED,false,,16,
tcgplayer:149404,149404,Rivals of Ixalan - Booster Box,197.55,CERTIFIED_TCGCSV_LIVE_CURRENT_PRICE,,TCGCSV_LIVE,2026-08-08,RANKED_FORECASTABLE,26,TIER_2_SECOND_QUARTILE,234.45791011953142,78.30888707037644,TIER_1_TOP_QUARTILE,0.801923076923077,0.775,11.0,11.0,30.0,0.2620843392987583,0.2612833031877604,0.9584,0.9846,0.9211,0.9586,-0.006537738151638195,0.2885155966568227,0.0,-0.010411483365222796,78.15327004909985,78.46450409165304,THREE_YEAR_SCENARIO_NOT_DIRECTLY_BACKTESTED,FIVE_YEAR_SCENARIO_NOT_DIRECTLY_BACKTESTED,false,,26,
tcgplayer:157857,157857,Masters 25 - Booster Box,294.2,CERTIFIED_TCGCSV_LIVE_CURRENT_PRICE,,TCGCSV_LIVE,2026-08-08,RANKED_FORECASTABLE,53,TIER_3_THIRD_QUARTILE,324.3783127182806,63.32527004909984,TIER_1_TOP_QUARTILE,0.801923076923077,0.825,13.0,13.0,30.0,0.17254748378326823,0.17446870290928973,0.8946,0.9394,0.8142,0.8675,-0.20345319339770618,-0.09226210192034084,0.0,-0.08066047177121338,62.77088707037643,63.879653027823245,THREE_YEAR_SCENARIO_NOT_DIRECTLY_BACKTESTED,FIVE_YEAR_SCENARIO_NOT_DIRECTLY_BACKTESTED,false,,53,
tcgplayer:158423,158423,Dominaria - Booster Box,207.54,CERTIFIED_TCGCSV_LIVE_CURRENT_PRICE,,TCGCSV_LIVE,2026-08-08,RANKED_FORECASTABLE,1,TIER_1_TOP_QUARTILE,264.9992552776047,93.8721014729951,TIER_1_TOP_QUARTILE,0.801923076923077,0.9807692307692308,52.0,46.0,30.0,0.35737317132248925,0.3568012281533324,0.985,0.9964,0.9707,0.9898,0.24628192664185292,0.8697290242681089,0.0,0.0,93.86448445171848,93.8797184942717,THREE_YEAR_SCENARIO_NOT_DIRECTLY_BACKTESTED,FIVE_YEAR_SCENARIO_NOT_DIRECTLY_BACKTESTED,false,,1,
tcgplayer:166536,166536,Battlebond - Booster Box,298.57,CERTIFIED_TCGCSV_LIVE_CURRENT_PRICE,,TCGCSV_LIVE,2026-08-08,RANKED_FORECASTABLE,10,TIER_1_TOP_QUARTILE,364.0949912189641,86.18201472995091,TIER_1_TOP_QUARTILE,0.801923076923077,0.825,13.0,13.0,30.0,0.2983663172372172,0.2947763650821128,0.9711,0.989,0.9478,0.9754,0.09023304368140515,0.4708741261297446,0.0,0.0,86.85407855973814,85.50995090016367,THREE_YEAR_SCENARIO_NOT_DIRECTLY_BACKTESTED,FIVE_YEAR_SCENARIO_NOT_DIRECTLY_BACKTESTED,false,,10,
tcgplayer:166550,166550,Core Set 2019 - Booster Box,197.97,CERTIFIED_TCGCSV_LIVE_CURRENT_PRICE,,TCGCSV_LIVE,2026-08-08,RANKED_FORECASTABLE,34,TIER_2_SECOND_QUARTILE,233.90336416858042,75.20406710310965,TIER_1_TOP_QUARTILE,0.801923076923077,0.7096153846153846,9.0,9.0,30.0,0.25567102251163376,0.25948782357517697,0.9533,0.9802,0.9131,0.9541,-0.027368226555460524,0.2489528094737219,0.0,-0.014846563471231367,74.61591816693945,75.79221603927986,THREE_YEAR_SCENARIO_NOT_DIRECTLY_BACKTESTED,FIVE_YEAR_SCENARIO_NOT_DIRECTLY_BACKTESTED,false,,34,
tcgplayer:173362,173362,Guilds of Ravnica - Booster Box,145.46,CERTIFIED_TCGCSV_LIVE_CURRENT_PRICE,,TCGCSV_LIVE,2026-08-08,RANKED_FORECASTABLE,14,TIER_1_TOP_QUARTILE,176.38479235740635,83.3660572831424,TIER_1_TOP_QUARTILE,0.801923076923077,0.825,13.0,13.0,30.0,0.2913988298798116,0.2913749542495898,0.9665,0.9886,0.9378,0.9731,0.04980876115324646,0.4279378210203316,0.0,0.0,83.3578232405892,83.37429132569558,THREE_YEAR_SCENARIO_NOT_DIRECTLY_BACKTESTED,FIVE_YEAR_SCENARIO_NOT_DIRECTLY_BACKTESTED,false,,14,
tcgplayer:179444,179444,Ultimate Masters - Booster Box,507.14,CERTIFIED_TCGCSV_LIVE_CURRENT_PRICE,,TCGCSV_LIVE,2026-08-08,RANKED_FORECASTABLE,54,TIER_3_THIRD_QUARTILE,554.639118790042,62.658834697217685,TIER_1_TOP_QUARTILE,0.801923076923077,0.8903846153846153,17.0,16.0,30.0,0.16032524210031718,0.16496175442645433,0.8809,0.9259,0.7944,0.8412,-0.22472637784648214,-0.14722620323283134,-0.0037357332007008637,-0.08995657647097588,62.5279836333879,62.789685761047465,THREE_YEAR_SCENARIO_NOT_DIRECTLY_BACKTESTED,FIVE_YEAR_SCENARIO_NOT_DIRECTLY_BACKTESTED,false,,54,
tcgplayer:180734,180734,Ravnica Allegiance - Booster Box,147.92,CERTIFIED_TCGCSV_LIVE_CURRENT_PRICE,,TCGCSV_LIVE,2026-08-08,RANKED_FORECASTABLE,6,TIER_1_TOP_QUARTILE,181.02148933500436,88.91168903436989,TIER_1_TOP_QUARTILE,0.801923076923077,0.9019230769230769,18.0,18.0,30.0,0.30228167646211745,0.30257128361214347,0.9717,0.9905,0.9442,0.9781,0.08753342771557399,0.49567537990347615,0.0,0.0,88.61730605564648,89.20607201309329,THREE_YEAR_SCENARIO_NOT_DIRECTLY_BACKTESTED,FIVE_YEAR_SCENARIO_NOT_DIRECTLY_BACKTESTED,false,,6,
tcgplayer:182892,182892,Guilds of Ravnica - Theme Booster Display Box,,NO_CERTIFIED_CURRENT_PRICE_EVIDENCE,NO_POSITIVE_TCGCSV_LIVE_PRICE_RECORD,,,NOT_RANKED_NO_CURRENT_PRICE_AUTHORITY,,NOT_RANKED,,,,,,,,,,,,,,,,,,,,,,,false,NO_GOVERNED_CURRENT_PRICE_AUTHORITY,,
tcgplayer:183337,183337,Ravnica Allegiance - Theme Booster Display Box,95.99,CERTIFIED_TCGCSV_LIVE_CURRENT_PRICE,,TCGCSV_LIVE,2026-08-08,NOT_RANKED_FORECAST_GAP,,NOT_RANKED,,,,,,,,,,,,,,,,,,,,,,,false,MISSING_CURRENT_PRICE_AUTHORITY,,
tcgplayer:185676,185676,War of the Spark - Booster Box,176.52,CERTIFIED_TCGCSV_LIVE_CURRENT_PRICE,,TCGCSV_LIVE,2026-08-08,RANKED_FORECASTABLE,28,TIER_2_SECOND_QUARTILE,207.35724054070164,77.49840916530279,TIER_1_TOP_QUARTILE,0.801923076923077,0.9403846153846154,25.0,25.0,30.0,0.24630758956782384,0.2501960749439871,0.9443,0.9805,0.9016,0.95,-0.06325931244500287,0.23368622623024593,0.0,-0.02052788252075366,76.49811129296236,78.49870703764321,THREE_YEAR_SCENARIO_NOT_DIRECTLY_BACKTESTED,FIVE_YEAR_SCENARIO_NOT_DIRECTLY_BACKTESTED,false,,28,
tcgplayer:185894,185894,Modern Horizons - Booster Box,290.46,CERTIFIED_TCGCSV_LIVE_CURRENT_PRICE,,TCGCSV_LIVE,2026-08-08,RANKED_FORECASTABLE,41,TIER_2_SECOND_QUARTILE,326.79298981125805,71.11297381342064,TIER_1_TOP_QUARTILE,0.801923076923077,0.9807692307692308,55.0,43.0,30.0,0.19464948041126773,0.20070955964713577,0.9178,0.9579,0.8512,0.9028,-0.14369808363566522,-0.003046381225385153,0.0,-0.059084510320317474,70.81835679214403,71.40759083469723,THREE_YEAR_SCENARIO_NOT_DIRECTLY_BACKTESTED,FIVE_YEAR_SCENARIO_NOT_DIRECTLY_BACKTESTED,false,,41,
tcgplayer:188210,188210,Core Set 2020 - Booster Box,161.09,CERTIFIED_TCGCSV_LIVE_CURRENT_PRICE,,TCGCSV_LIVE,2026-08-08,RANKED_FORECASTABLE,32,TIER_2_SECOND_QUARTILE,190.1875635823468,75.61868248772504,TIER_1_TOP_QUARTILE,0.801923076923077,0.7288461538461539,10.0,9.0,30.0,0.25398036715409966,0.2562187781081159,0.9536,0.9829,0.9153,0.9555,-0.023564090890619394,0.27224900056584156,0.0,-0.017589449101607313,74.79376759410802,76.44359738134206,THREE_YEAR_SCENARIO_NOT_DIRECTLY_BACKTESTED,FIVE_YEAR_SCENARIO_NOT_DIRECTLY_BACKTESTED,false,,32,
tcgplayer:188645,188645,War of the Spark - Theme Booster Display Box,109.87,CERTIFIED_TCGCSV_LIVE_CURRENT_PRICE,,TCGCSV_LIVE,2026-08-08,NOT_RANKED_FORECAST_GAP,,NOT_RANKED,,,,,,,,,,,,,,,,,,,,,,,false,MISSING_CURRENT_PRICE_AUTHORITY,,
tcgplayer:208523,208523,Mystery Booster - Booster Box [Retail Exclusive],366.82,CERTIFIED_TCGCSV_LIVE_CURRENT_PRICE,,TCGCSV_LIVE,2026-08-08,NOT_RANKED_FORECAST_GAP,,NOT_RANKED,,,,,,,,,,,,,,,,,,,,,,,false,requires at least two observations,,
tcgplayer:214821,214821,Jumpstart - Booster Box,126.75,CERTIFIED_TCGCSV_LIVE_CURRENT_PRICE,,TCGCSV_LIVE,2026-08-08,NOT_RANKED_FORECAST_GAP,,NOT_RANKED,,,,,,,,,,,,,,,,,,,,,,,false,requires at least two observations,,
tcgplayer:214823,214823,Double Masters - Booster Box,898.86,CERTIFIED_TCGCSV_LIVE_CURRENT_PRICE,,TCGCSV_LIVE,2026-08-08,NOT_RANKED_FORECAST_GAP,,NOT_RANKED,,,,,,,,,,,,,,,,,,,,,,,false,requires at least two observations,,
tcgplayer:217533,217533,Mystery Booster - Booster Box [Convention Edition] (2019),335.86,CERTIFIED_TCGCSV_LIVE_CURRENT_PRICE,,TCGCSV_LIVE,2026-08-08,NOT_RANKED_FORECAST_GAP,,NOT_RANKED,,,,,,,,,,,,,,,,,,,,,,,false,requires at least two observations,,
tcgplayer:244380,244380,Magic 2012 (M12) - Booster Battle Pack Display Box,499.0,CERTIFIED_TCGCSV_LIVE_CURRENT_PRICE,,TCGCSV_LIVE,2026-08-08,NOT_RANKED_FORECAST_GAP,,NOT_RANKED,,,,,,,,,,,,,,,,,,,,,,,false,MISSING_CURRENT_PRICE_AUTHORITY,,
tcgplayer:246935,246935,Mystery Booster - Booster Box [Convention Edition] (2021),333.92,CERTIFIED_TCGCSV_LIVE_CURRENT_PRICE,,TCGCSV_LIVE,2026-08-08,NOT_RANKED_FORECAST_GAP,,NOT_RANKED,,,,,,,,,,,,,,,,,,,,,,,false,requires at least two observations,,
tcgplayer:27257,27257,10th Edition - Booster Box,824.77,CERTIFIED_TCGCSV_LIVE_CURRENT_PRICE,,TCGCSV_LIVE,2026-08-08,NOT_RANKED_FORECAST_GAP,,NOT_RANKED,,,,,,,,,,,,,,,,,,,,,,,false,MISSING_CURRENT_PRICE_AUTHORITY,,
tcgplayer:27258,27258,7th Edition - Booster Box,3809.94,CERTIFIED_TCGCSV_LIVE_CURRENT_PRICE,,TCGCSV_LIVE,2026-08-08,RANKED_FORECASTABLE,89,TIER_4_BOTTOM_QUARTILE,3889.93922081577,40.30409819967267,TIER_1_TOP_QUARTILE,0.801923076923077,0.2692307692307692,2.0,2.0,30.0,0.08319910864664515,0.08648849260086355,0.7344,0.792,0.5992,0.6297,-0.3794660360987774,-0.397890946413939,-0.07325790626460293,-0.16870757590097452,39.51533224222587,41.09286415711948,THREE_YEAR_SCENARIO_NOT_DIRECTLY_BACKTESTED,FIVE_YEAR_SCENARIO_NOT_DIRECTLY_BACKTESTED,false,,85,
tcgplayer:27259,27259,8th Edition - Booster Box,799.99,CERTIFIED_TCGCSV_LIVE_CURRENT_PRICE,,TCGCSV_LIVE,2026-08-08,RANKED_FORECASTABLE,84,TIER_4_BOTTOM_QUARTILE,820.1584480027858,43.16601145662848,TIER_1_TOP_QUARTILE,0.801923076923077,0.36346153846153845,3.0,3.0,30.0,0.08772030822883681,0.08957949245410313,0.7551,0.8052,0.6136,0.6453,-0.3683487656179094,-0.3832310534337766,-0.06841805670191015,-0.1642491856155977,42.66501145662849,43.66701145662848,THREE_YEAR_SCENARIO_NOT_DIRECTLY_BACKTESTED,FIVE_YEAR_SCENARIO_NOT_DIRECTLY_BACKTESTED,false,,81,
tcgplayer:27260,27260,9th Edition - Booster Box,999.99,CERTIFIED_TCGCSV_LIVE_CURRENT_PRICE,,TCGCSV_LIVE,2026-08-08,NOT_RANKED_FORECAST_GAP,,NOT_RANKED,,,,,,,,,,,,,,,,,,,,,,,false,MISSING_CURRENT_PRICE_AUTHORITY,,
tcgplayer:27261,27261,Alliances - Booster Box,1999.99,CERTIFIED_TCGCSV_LIVE_CURRENT_PRICE,,TCGCSV_LIVE,2026-08-08,RANKED_FORECASTABLE,75,TIER_4_BOTTOM_QUARTILE,2060.085854917354,50.09377414075287,TIER_1_TOP_QUARTILE,0.801923076923077,0.676923076923077,8.0,8.0,30.0,0.092905770672153,0.09485434584046615,0.7671,0.8165,0.6282,0.662,-0.34846330125779684,-0.366282168049953,-0.06504285193198223,-0.15974225776332351,49.59977414075287,50.58777414075287,THREE_YEAR_SCENARIO_NOT_DIRECTLY_BACKTESTED,FIVE_YEAR_SCENARIO_NOT_DIRECTLY_BACKTESTED,false,,73,
tcgplayer:27262,27262,Alpha Edition - Booster Box,,NO_CERTIFIED_CURRENT_PRICE_EVIDENCE,NO_POSITIVE_TCGCSV_LIVE_PRICE_RECORD,,,NOT_RANKED_NO_CURRENT_PRICE_AUTHORITY,,NOT_RANKED,,,,,,,,,,,,,,,,,,,,,,,false,NO_GOVERNED_CURRENT_PRICE_AUTHORITY,,
tcgplayer:27263,27263,Antiquities - Booster Box,59999.99,CERTIFIED_TCGCSV_LIVE_CURRENT_PRICE,,TCGCSV_LIVE,2026-08-08,NOT_RANKED_FORECAST_GAP,,NOT_RANKED,,,,,,,,,,,,,,,,,,,,,,,false,MISSING_CURRENT_PRICE_AUTHORITY,,
tcgplayer:27264,27264,Apocalypse - Booster Box,1174.27,CERTIFIED_TCGCSV_LIVE_CURRENT_PRICE,,TCGCSV_LIVE,2026-08-08,RANKED_FORECASTABLE,78,TIER_4_BOTTOM_QUARTILE,1283.696818839311,47.75076923076924,TIER_1_TOP_QUARTILE,0.801923076923077,0.18461538461538463,1.0,1.0,30.0,0.1599202665339433,0.16346940849874536,0.8777,0.9243,0.7888,0.8482,-0.23069228153441135,-0.14904733559812366,-0.004167210641219943,-0.09035071206354006,47.284769230769236,48.21676923076924,THREE_YEAR_SCENARIO_NOT_DIRECTLY_BACKTESTED,FIVE_YEAR_SCENARIO_NOT_DIRECTLY_BACKTESTED,false,,76,
tcgplayer:27265,27265,Arabian Nights - Booster Box,,NO_CERTIFIED_CURRENT_PRICE_EVIDENCE,NO_POSITIVE_TCGCSV_LIVE_PRICE_RECORD,,,NOT_RANKED_NO_CURRENT_PRICE_AUTHORITY,,NOT_RANKED,,,,,,,,,,,,,,,,,,,,,,,false,NO_GOVERNED_CURRENT_PRICE_AUTHORITY,,
tcgplayer:27266,27266,Beta Edition - Booster Box,,NO_CERTIFIED_CURRENT_PRICE_EVIDENCE,NO_POSITIVE_TCGCSV_LIVE_PRICE_RECORD,,,NOT_RANKED_NO_CURRENT_PRICE_AUTHORITY,,NOT_RANKED,,,,,,,,,,,,,,,,,,,,,,,false,NO_GOVERNED_CURRENT_PRICE_AUTHORITY,,
tcgplayer:27267,27267,Betrayers of Kamigawa - Booster Box,769.97,CERTIFIED_TCGCSV_LIVE_CURRENT_PRICE,,TCGCSV_LIVE,2026-08-08,RANKED_FORECASTABLE,8,TIER_1_TOP_QUARTILE,997.7480584474586,88.00139279869066,TIER_1_TOP_QUARTILE,0.801923076923077,0.6326923076923077,7.0,7.0,30.0,0.3770614737958643,0.3782177020326082,0.9869,0.9972,0.9745,0.992,0.2876369928050409,0.9860558339656468,0.0,0.0,87.79200981996726,88.21077577741407,THREE_YEAR_SCENARIO_NOT_DIRECTLY_BACKTESTED,FIVE_YEAR_SCENARIO_NOT_DIRECTLY_BACKTESTED,false,,8,
tcgplayer:27268,27268,Champions of Kamigawa - Booster Box,1067.41,CERTIFIED_TCGCSV_LIVE_CURRENT_PRICE,,TCGCSV_LIVE,2026-08-08,RANKED_FORECASTABLE,67,TIER_3_THIRD_QUARTILE,1196.8801416838799,55.82675777414076,TIER_1_TOP_QUARTILE,0.801923076923077,0.2692307692307692,2.0,2.0,30.0,0.1935908383656667,0.19167477083837758,0.9146,0.9513,0.8445,0.894,-0.1625041911176174,-0.03221875706600503,0.0,-0.06838683017164704,55.67252373158757,55.98099181669396,THREE_YEAR_SCENARIO_NOT_DIRECTLY_BACKTESTED,FIVE_YEAR_SCENARIO_NOT_DIRECTLY_BACKTESTED,false,,66,
tcgplayer:27269,27269,Chronicles - Booster Box,758.92,CERTIFIED_TCGCSV_LIVE_CURRENT_PRICE,,TCGCSV_LIVE,2026-08-08,RANKED_FORECASTABLE,38,TIER_2_SECOND_QUARTILE,916.0321084353337,73.07545826513913,TIER_1_TOP_QUARTILE,0.801923076923077,0.36346153846153845,3.0,3.0,30.0,0.2867080988302829,0.2838422225745628,0.9654,0.9901,0.9354,0.9728,0.04413269575781762,0.4230486043244033,0.0,0.0,72.82845826513913,73.32245826513913,THREE_YEAR_SCENARIO_NOT_DIRECTLY_BACKTESTED,FIVE_YEAR_SCENARIO_NOT_DIRECTLY_BACKTESTED,false,,38,
tcgplayer:27270,27270,Classic Sixth Edition - Booster Box,1977.0,CERTIFIED_TCGCSV_LIVE_CURRENT_PRICE,,TCGCSV_LIVE,2026-08-08,NOT_RANKED_FORECAST_GAP,,NOT_RANKED,,,,,,,,,,,,,,,,,,,,,,,false,MISSING_CURRENT_PRICE_AUTHORITY,,
tcgplayer:27271,27271,Coldsnap - Booster Box,,NO_CERTIFIED_CURRENT_PRICE_EVIDENCE,NO_POSITIVE_TCGCSV_LIVE_PRICE_RECORD,,,NOT_RANKED_NO_CURRENT_PRICE_AUTHORITY,,NOT_RANKED,,,,,,,,,,,,,,,,,,,,,,,false,NO_GOVERNED_CURRENT_PRICE_AUTHORITY,,
tcgplayer:27272,27272,Darksteel - Booster Box,993.66,CERTIFIED_TCGCSV_LIVE_CURRENT_PRICE,,TCGCSV_LIVE,2026-08-08,RANKED_FORECASTABLE,25,TIER_2_SECOND_QUARTILE,1217.6257965341367,78.57099018003275,TIER_1_TOP_QUARTILE,0.801923076923077,0.36346153846153845,3.0,3.0,30.0,0.3021864264016352,0.30563862859473667,0.972,0.9905,0.9481,0.9761,0.09453146941320154,0.4921373001000373,0.0,0.0,78.49237315875615,78.64960720130935,THREE_YEAR_SCENARIO_NOT_DIRECTLY_BACKTESTED,FIVE_YEAR_SCENARIO_NOT_DIRECTLY_BACKTESTED,false,,25,
tcgplayer:27273,27273,Dissension - Booster Box,861.47,CERTIFIED_TCGCSV_LIVE_CURRENT_PRICE,,TCGCSV_LIVE,2026-08-08,RANKED_FORECASTABLE,63,TIER_3_THIRD_QUARTILE,960.6797804819516,57.893238952536834,TIER_1_TOP_QUARTILE,0.801923076923077,0.4403846153846154,4.0,4.0,30.0,0.1880073578010636,0.18577884116187537,0.9088,0.9491,0.8356,0.8842,-0.17517570722268283,-0.04780746136768305,0.0,-0.07206410061750423,57.91577086743045,57.87070703764321,THREE_YEAR_SCENARIO_NOT_DIRECTLY_BACKTESTED,FIVE_YEAR_SCENARIO_NOT_DIRECTLY_BACKTESTED,false,,62,
tcgplayer:27274,27274,Eventide - Booster Box,850.0,CERTIFIED_TCGCSV_LIVE_CURRENT_PRICE,,TCGCSV_LIVE,2026-08-08,RANKED_FORECASTABLE,72,TIER_4_BOTTOM_QUARTILE,926.4917533360839,51.43407528641572,TIER_1_TOP_QUARTILE,0.801923076923077,0.36346153846153845,3.0,3.0,30.0,0.1595803121946594,0.16337526947476022,0.8758,0.9262,0.7838,0.8413,-0.2280881201371392,-0.14470023623052766,-0.00477931466239756,-0.09115583382435599,50.82369230769231,52.04445826513913,THREE_YEAR_SCENARIO_NOT_DIRECTLY_BACKTESTED,FIVE_YEAR_SCENARIO_NOT_DIRECTLY_BACKTESTED,false,,70,
tcgplayer:27275,27275,Exodus - Booster Box,5996.99,CERTIFIED_TCGCSV_LIVE_CURRENT_PRICE,,TCGCSV_LIVE,2026-08-08,NOT_RANKED_FORECAST_GAP,,NOT_RANKED,,,,,,,,,,,,,,,,,,,,,,,false,MISSING_CURRENT_PRICE_AUTHORITY,,
tcgplayer:27276,27276,Fallen Empires - Booster Box,571.66,CERTIFIED_TCGCSV_LIVE_CURRENT_PRICE,,TCGCSV_LIVE,2026-08-08,RANKED_FORECASTABLE,33,TIER_2_SECOND_QUARTILE,676.7109025684656,75.46228477905075,TIER_1_TOP_QUARTILE,0.801923076923077,0.676923076923077,8.0,8.0,30.0,0.25522011734720984,0.26080021828010835,0.9548,0.9848,0.9163,0.9593,-0.01954484959266509,0.292348601551348,0.0,-0.01296589283334676,74.4176039279869,76.50696563011459,THREE_YEAR_SCENARIO_NOT_DIRECTLY_BACKTESTED,FIVE_YEAR_SCENARIO_NOT_DIRECTLY_BACKTESTED,false,,33,
tcgplayer:27277,27277,Fifth Dawn - Booster Box,789.88,CERTIFIED_TCGCSV_LIVE_CURRENT_PRICE,,TCGCSV_LIVE,2026-08-08,RANKED_FORECASTABLE,56,TIER_3_THIRD_QUARTILE,912.2267575091905,61.84539443535189,TIER_1_TOP_QUARTILE,0.801923076923077,0.36346153846153845,3.0,3.0,30.0,0.22713858148940091,0.230317258399233,0.9438,0.9738,0.8928,0.9342,-0.07415215453337425,0.1330370131573838,0.0,-0.03415839621825273,61.7581603927987,61.932628477905084,THREE_YEAR_SCENARIO_NOT_DIRECTLY_BACKTESTED,FIVE_YEAR_SCENARIO_NOT_DIRECTLY_BACKTESTED,false,,56,
tcgplayer:27278,27278,Fifth Edition - Booster Box,1112.49,CERTIFIED_TCGCSV_LIVE_CURRENT_PRICE,,TCGCSV_LIVE,2026-08-08,RANKED_FORECASTABLE,59,TIER_3_THIRD_QUARTILE,1320.8183353202387,60.77270921985814,TIER_4_BOTTOM_QUARTILE,0.6352564102564102,0.07307692307692308,0.0,0.0,30.0,0.26276139454360004,0.26207007573696584,0.955,0.9822,0.9193,0.9571,-0.007818139526872494,0.2717516040947673,0.0,-0.012069353385871118,60.71347517730496,60.831943262411336,THREE_YEAR_SCENARIO_NOT_DIRECTLY_BACKTESTED,FIVE_YEAR_SCENARIO_NOT_DIRECTLY_BACKTESTED,false,,,1
tcgplayer:27279,27279,Fourth Edition - Booster Box,1005.0,CERTIFIED_TCGCSV_LIVE_CURRENT_PRICE,,TCGCSV_LIVE,2026-08-08,RANKED_FORECASTABLE,50,TIER_3_THIRD_QUARTILE,1177.3937816124367,65.87856464811784,TIER_1_TOP_QUARTILE,0.801923076923077,0.36346153846153845,3.0,3.0,30.0,0.2470955380755333,0.2455447329331073,0.9493,0.978,0.9062,0.9474,-0.043723864208963535,0.21268130559187814,0.0,-0.020239570037592358,66.12347954173487,65.63364975450082,THREE_YEAR_SCENARIO_NOT_DIRECTLY_BACKTESTED,FIVE_YEAR_SCENARIO_NOT_DIRECTLY_BACKTESTED,false,,50,
tcgplayer:27280,27280,Future Sight - Booster Box,1266.67,CERTIFIED_TCGCSV_LIVE_CURRENT_PRICE,,TCGCSV_LIVE,2026-08-08,RANKED_FORECASTABLE,18,TIER_1_TOP_QUARTILE,1578.2816889586045,82.41149427168577,TIER_1_TOP_QUARTILE,0.801923076923077,0.4403846153846154,4.0,4.0,30.0,0.32159918253804665,0.32550742285040024,0.9754,0.9939,0.9547,0.9849,0.13891107056971005,0.6558962425765021,0.0,0.0,82.22649427168577,82.59649427168576,THREE_YEAR_SCENARIO_NOT_DIRECTLY_BACKTESTED,FIVE_YEAR_SCENARIO_NOT_DIRECTLY_BACKTESTED,false,,18,
tcgplayer:27281,27281,Guildpact - Booster Box,597.26,CERTIFIED_TCGCSV_LIVE_CURRENT_PRICE,,TCGCSV_LIVE,2026-08-08,RANKED_FORECASTABLE,17,TIER_1_TOP_QUARTILE,730.3544287187643,82.46160720130933,TIER_1_TOP_QUARTILE,0.801923076923077,0.5634615384615385,6.0,6.0,30.0,0.30025707419691994,0.30263352020009326,0.9714,0.9908,0.9464,0.9779,0.08952505175691002,0.508243906806989,0.0,0.0,81.84207528641572,83.08113911620293,THREE_YEAR_SCENARIO_NOT_DIRECTLY_BACKTESTED,FIVE_YEAR_SCENARIO_NOT_DIRECTLY_BACKTESTED,false,,17,
tcgplayer:27282,27282,Homelands - Booster Box,532.91,CERTIFIED_TCGCSV_LIVE_CURRENT_PRICE,,TCGCSV_LIVE,2026-08-08,RANKED_FORECASTABLE,19,TIER_1_TOP_QUARTILE,648.8109054136985,81.74911456628479,TIER_1_TOP_QUARTILE,0.801923076923077,0.676923076923077,8.0,8.0,30.0,0.29210136622287397,0.29373808566517745,0.9715,0.9904,0.944,0.9742,0.0857346607760983,0.46178102489915046,0.0,0.0,81.7728805237316,81.72534860883798,THREE_YEAR_SCENARIO_NOT_DIRECTLY_BACKTESTED,FIVE_YEAR_SCENARIO_NOT_DIRECTLY_BACKTESTED,false,,19,
tcgplayer:27283,27283,Ice Age - Booster Box,1889.15,CERTIFIED_TCGCSV_LIVE_CURRENT_PRICE,,TCGCSV_LIVE,2026-08-08,RANKED_FORECASTABLE,90,TIER_4_BOTTOM_QUARTILE,1771.2752317685668,40.13143535188216,TIER_1_TOP_QUARTILE,0.801923076923077,0.6326923076923077,7.0,7.0,30.0,-0.006681565226348607,-0.0018698902527827799,0.4807,0.493,0.3342,0.3164,-0.5212946763757209,-0.5964792568633235,-0.17612666984888314,-0.277910823302112,40.00843535188216,40.254435351882165,THREE_YEAR_SCENARIO_NOT_DIRECTLY_BACKTESTED,FIVE_YEAR_SCENARIO_NOT_DIRECTLY_BACKTESTED,false,,86,
tcgplayer:27284,27284,Invasion - Booster Box,999.85,CERTIFIED_TCGCSV_LIVE_CURRENT_PRICE,,TCGCSV_LIVE,2026-08-08,RANKED_FORECASTABLE,52,TIER_3_THIRD_QUARTILE,1157.6333563097442,63.919770867430444,TIER_1_TOP_QUARTILE,0.801923076923077,0.4403846153846154,4.0,4.0,30.0,0.2280921604800621,0.23112693037006493,0.9419,0.9761,0.8929,0.939,-0.07968488426671805,0.15711642637902223,0.0,-0.03460960683173353,63.47138788870704,64.36815384615385,THREE_YEAR_SCENARIO_NOT_DIRECTLY_BACKTESTED,FIVE_YEAR_SCENARIO_NOT_DIRECTLY_BACKTESTED,false,,52,
tcgplayer:27285,27285,Judgment - Booster Box,811.33,CERTIFIED_TCGCSV_LIVE_CURRENT_PRICE,,TCGCSV_LIVE,2026-08-08,RANKED_FORECASTABLE,43,TIER_2_SECOND_QUARTILE,977.1309511440627,70.19239607201311,TIER_1_TOP_QUARTILE,0.801923076923077,0.2692307692307692,2.0,2.0,30.0,0.28199008030987605,0.2801427731010826,0.9633,0.9881,0.9323,0.9661,0.028966233620244062,0.3809564213335886,0.0,0.0,70.05077905073651,70.3340130932897,THREE_YEAR_SCENARIO_NOT_DIRECTLY_BACKTESTED,FIVE_YEAR_SCENARIO_NOT_DIRECTLY_BACKTESTED,false,,43,
tcgplayer:27286,27286,Legends - Booster Box,35000.0,CERTIFIED_TCGCSV_LIVE_CURRENT_PRICE,,TCGCSV_LIVE,2026-08-08,NOT_RANKED_FORECAST_GAP,,NOT_RANKED,,,,,,,,,,,,,,,,,,,,,,,false,MISSING_CURRENT_PRICE_AUTHORITY,,
tcgplayer:27287,27287,Legions - Booster Box,846.14,CERTIFIED_TCGCSV_LIVE_CURRENT_PRICE,,TCGCSV_LIVE,2026-08-08,RANKED_FORECASTABLE,58,TIER_3_THIRD_QUARTILE,982.0124248425191,61.33075777414076,TIER_1_TOP_QUARTILE,0.801923076923077,0.2692307692307692,2.0,2.0,30.0,0.2332076906015944,0.23793999138996813,0.9436,0.9727,0.8957,0.9377,-0.06918544112102624,0.14169549907918874,0.0,-0.029402929973646685,61.146140752864156,61.51537479541736,THREE_YEAR_SCENARIO_NOT_DIRECTLY_BACKTESTED,FIVE_YEAR_SCENARIO_NOT_DIRECTLY_BACKTESTED,false,,58,
tcgplayer:27288,27288,Lorwyn - Booster Box,1999.95,CERTIFIED_TCGCSV_LIVE_CURRENT_PRICE,,TCGCSV_LIVE,2026-08-08,RANKED_FORECASTABLE,85,TIER_4_BOTTOM_QUARTILE,1800.6237226191092,43.10783469721768,TIER_1_TOP_QUARTILE,0.801923076923077,0.9653846153846154,40.0,40.0,30.0,-0.042949324103651265,-0.042853048736575805,0.3625,0.3392,0.2354,0.2003,-0.567590226138674,-0.6805645668402465,-0.2323810815932495,-0.34932120396389926,43.44721767594108,42.768451718494276,THREE_YEAR_SCENARIO_NOT_DIRECTLY_BACKTESTED,FIVE_YEAR_SCENARIO_NOT_DIRECTLY_BACKTESTED,false,,82,
tcgplayer:27289,27289,Mercadian Masques - Booster Box,3000.0,CERTIFIED_TCGCSV_LIVE_CURRENT_PRICE,,TCGCSV_LIVE,2026-08-08,NOT_RANKED_FORECAST_GAP,,NOT_RANKED,,,,,,,,,,,,,,,,,,,,,,,false,MISSING_CURRENT_PRICE_AUTHORITY,,
tcgplayer:27290,27290,Mirage - Booster Box,,NO_CERTIFIED_CURRENT_PRICE_EVIDENCE,NO_POSITIVE_TCGCSV_LIVE_PRICE_RECORD,,,NOT_RANKED_NO_CURRENT_PRICE_AUTHORITY,,NOT_RANKED,,,,,,,,,,,,,,,,,,,,,,,false,NO_GOVERNED_CURRENT_PRICE_AUTHORITY,,
tcgplayer:27291,27291,Mirrodin - Booster Box,1185.56,CERTIFIED_TCGCSV_LIVE_CURRENT_PRICE,,TCGCSV_LIVE,2026-08-08,RANKED_FORECASTABLE,48,TIER_2_SECOND_QUARTILE,1355.5826123370207,66.5940278232406,TIER_1_TOP_QUARTILE,0.801923076923077,0.6711538461538462,9.0,7.0,30.0,0.21703601348307922,0.21662094209237115,0.9292,0.9649,0.8689,0.9159,-0.1142972242873463,0.050567785009879906,0.0,-0.04855883809925576,66.34341080196401,66.84464484451719,THREE_YEAR_SCENARIO_NOT_DIRECTLY_BACKTESTED,FIVE_YEAR_SCENARIO_NOT_DIRECTLY_BACKTESTED,false,,48,
tcgplayer:27292,27292,Morningtide - Booster Box,789.95,CERTIFIED_TCGCSV_LIVE_CURRENT_PRICE,,TCGCSV_LIVE,2026-08-08,RANKED_FORECASTABLE,27,TIER_2_SECOND_QUARTILE,960.1199706612616,77.83450409165303,TIER_1_TOP_QUARTILE,0.801923076923077,0.5,5.0,5.0,30.0,0.2922695327861424,0.29435286284371454,0.9665,0.9897,0.9408,0.9719,0.05901408129239165,0.4479403184641891,0.0,0.0,77.70888707037643,77.96012111292961,THREE_YEAR_SCENARIO_NOT_DIRECTLY_BACKTESTED,FIVE_YEAR_SCENARIO_NOT_DIRECTLY_BACKTESTED,false,,27,
tcgplayer:27293,27293,Nemesis - Booster Box,940.05,CERTIFIED_TCGCSV_LIVE_CURRENT_PRICE,,TCGCSV_LIVE,2026-08-08,RANKED_FORECASTABLE,29,TIER_2_SECOND_QUARTILE,1146.9022036949932,77.20801145662848,TIER_1_TOP_QUARTILE,0.801923076923077,0.36346153846153845,3.0,3.0,30.0,0.2974898474659723,0.2997452810981499,0.9726,0.9919,0.9459,0.9768,0.08950393181691116,0.48901772880058264,0.0,0.0,76.80224549918168,77.61377741407529,THREE_YEAR_SCENARIO_NOT_DIRECTLY_BACKTESTED,FIVE_YEAR_SCENARIO_NOT_DIRECTLY_BACKTESTED,false,,29,
tcgplayer:27294,27294,Odyssey - Booster Box,1383.98,CERTIFIED_TCGCSV_LIVE_CURRENT_PRICE,,TCGCSV_LIVE,2026-08-08,RANKED_FORECASTABLE,92,TIER_4_BOTTOM_QUARTILE,1461.0827674115876,38.034943262411346,TIER_4_BOTTOM_QUARTILE,0.6352564102564102,0.07307692307692308,0.0,0.0,30.0,0.1223270462283802,0.1222915254030359,0.8126,0.8721,0.696,0.7447,-0.31782044368287987,-0.2737871480184066,-0.04050347988070391,-0.13019972517945594,37.227177304964535,38.84270921985816,THREE_YEAR_SCENARIO_NOT_DIRECTLY_BACKTESTED,FIVE_YEAR_SCENARIO_NOT_DIRECTLY_BACKTESTED,false,,,5
tcgplayer:27295,27295,Onslaught - Booster Box,1903.38,CERTIFIED_TCGCSV_LIVE_CURRENT_PRICE,,TCGCSV_LIVE,2026-08-08,RANKED_FORECASTABLE,77,TIER_4_BOTTOM_QUARTILE,2003.3568273168314,48.33428150572832,TIER_1_TOP_QUARTILE,0.801923076923077,0.4403846153846154,4.0,4.0,30.0,0.11976017686918261,0.11779209350840913,0.8156,0.863,0.6957,0.7324,-0.3056399613100888,-0.2968560044633819,-0.0412072716364591,-0.13212569645867495,47.96666448445173,48.701898527004914,THREE_YEAR_SCENARIO_NOT_DIRECTLY_BACKTESTED,FIVE_YEAR_SCENARIO_NOT_DIRECTLY_BACKTESTED,false,,75,
tcgplayer:27296,27296,Planar Chaos - Booster Box,758.33,CERTIFIED_TCGCSV_LIVE_CURRENT_PRICE,,TCGCSV_LIVE,2026-08-08,RANKED_FORECASTABLE,82,TIER_4_BOTTOM_QUARTILE,796.3808855057282,43.858757774140756,TIER_1_TOP_QUARTILE,0.801923076923077,0.2692307692307692,2.0,2.0,30.0,0.11675207476243454,0.11481002912383886,0.8129,0.8562,0.6893,0.7237,-0.31983604578369446,-0.3123102418392536,-0.04529421460560412,-0.13820550174674673,43.63852373158756,44.07899181669394,THREE_YEAR_SCENARIO_NOT_DIRECTLY_BACKTESTED,FIVE_YEAR_SCENARIO_NOT_DIRECTLY_BACKTESTED,false,,79,
tcgplayer:27297,27297,Planeshift - Booster Box,1521.25,CERTIFIED_TCGCSV_LIVE_CURRENT_PRICE,,TCGCSV_LIVE,2026-08-08,RANKED_FORECASTABLE,23,TIER_1_TOP_QUARTILE,1949.5465438475592,79.86009819967268,TIER_1_TOP_QUARTILE,0.801923076923077,0.2692307692307692,2.0,2.0,30.0,0.36205332374999966,0.36449755070998835,0.985,0.997,0.9703,0.992,0.24327360260659836,0.9126745158055658,0.0,0.0,79.63371522094927,80.08648117839607,THREE_YEAR_SCENARIO_NOT_DIRECTLY_BACKTESTED,FIVE_YEAR_SCENARIO_NOT_DIRECTLY_BACKTESTED,false,,23,
tcgplayer:27298,27298,Portal - Booster Box,1749.5,CERTIFIED_TCGCSV_LIVE_CURRENT_PRICE,,TCGCSV_LIVE,2026-08-08,RANKED_FORECASTABLE,47,TIER_2_SECOND_QUARTILE,2035.207831527322,66.7478232405892,TIER_1_TOP_QUARTILE,0.801923076923077,0.5,5.0,5.0,30.0,0.23699750433363653,0.23783196977893195,0.9462,0.9758,0.8968,0.9414,-0.05957283983870849,0.16804713124868073,0.0,-0.03200234992633699,66.87735515548282,66.61829132569558,THREE_YEAR_SCENARIO_NOT_DIRECTLY_BACKTESTED,FIVE_YEAR_SCENARIO_NOT_DIRECTLY_BACKTESTED,false,,47,
tcgplayer:27299,27299,Portal Second Age - Booster Box,2999.99,CERTIFIED_TCGCSV_LIVE_CURRENT_PRICE,,TCGCSV_LIVE,2026-08-08,NOT_RANKED_FORECAST_GAP,,NOT_RANKED,,,,,,,,,,,,,,,,,,,,,,,false,MISSING_CURRENT_PRICE_AUTHORITY,,
tcgplayer:27300,27300,Portal Three Kingdoms - Booster Box,,NO_CERTIFIED_CURRENT_PRICE_EVIDENCE,NO_POSITIVE_TCGCSV_LIVE_PRICE_RECORD,,,NOT_RANKED_NO_CURRENT_PRICE_AUTHORITY,,NOT_RANKED,,,,,,,,,,,,,,,,,,,,,,,false,NO_GOVERNED_CURRENT_PRICE_AUTHORITY,,
tcgplayer:27301,27301,Prophecy - Booster Box,1823.5,CERTIFIED_TCGCSV_LIVE_CURRENT_PRICE,,TCGCSV_LIVE,2026-08-08,RANKED_FORECASTABLE,95,TIER_4_BOTTOM_QUARTILE,1686.8957476472478,19.740800872885977,TIER_4_BOTTOM_QUARTILE,0.4083333333333333,0.07307692307692308,0.0,0.0,26.0,-0.018142095950800685,-0.01580587467248412,0.4441,0.4395,0.3047,0.2707,-0.5325359815837142,-0.6259288408704465,-0.19238776737327373,-0.29977014159850146,19.78680087288598,19.694800872885978,THREE_YEAR_SCENARIO_NOT_DIRECTLY_BACKTESTED,FIVE_YEAR_SCENARIO_NOT_DIRECTLY_BACKTESTED,false,,,
tcgplayer:27302,27302,Ravnica - Booster Box,1176.8,CERTIFIED_TCGCSV_LIVE_CURRENT_PRICE,,TCGCSV_LIVE,2026-08-08,RANKED_FORECASTABLE,3,TIER_1_TOP_QUARTILE,1445.2163241634364,90.9785122749591,TIER_1_TOP_QUARTILE,0.801923076923077,0.9288461538461539,23.0,21.0,30.0,0.3054947829262107,0.3096330930913167,0.9736,0.9925,0.9491,0.9802,0.10979966885737782,0.5595223439799017,0.0,0.0,90.8958952536825,91.0611292962357,THREE_YEAR_SCENARIO_NOT_DIRECTLY_BACKTESTED,FIVE_YEAR_SCENARIO_NOT_DIRECTLY_BACKTESTED,false,,3,
tcgplayer:27303,27303,Revised Edition - Booster Box,13999.0,CERTIFIED_TCGCSV_LIVE_CURRENT_PRICE,,TCGCSV_LIVE,2026-08-08,NOT_RANKED_FORECAST_GAP,,NOT_RANKED,,,,,,,,,,,,,,,,,,,,,,,false,MISSING_CURRENT_PRICE_AUTHORITY,,
tcgplayer:27304,27304,Saviors of Kamigawa - Booster Box,595.49,CERTIFIED_TCGCSV_LIVE_CURRENT_PRICE,,TCGCSV_LIVE,2026-08-08,RANKED_FORECASTABLE,68,TIER_3_THIRD_QUARTILE,643.8396865463395,55.50686088379705,TIER_1_TOP_QUARTILE,0.801923076923077,0.6326923076923077,7.0,7.0,30.0,0.1504611274622737,0.15063148472265941,0.8628,0.9144,0.7665,0.818,-0.24928792658750676,-0.1866307709729185,-0.015093069998645348,-0.10211590599278259,54.884477905073645,56.12924386252046,THREE_YEAR_SCENARIO_NOT_DIRECTLY_BACKTESTED,FIVE_YEAR_SCENARIO_NOT_DIRECTLY_BACKTESTED,false,,67,
tcgplayer:27305,27305,Scourge - Booster Box,796.82,CERTIFIED_TCGCSV_LIVE_CURRENT_PRICE,,TCGCSV_LIVE,2026-08-08,RANKED_FORECASTABLE,74,TIER_4_BOTTOM_QUARTILE,838.1994566855714,50.81881996726678,TIER_1_TOP_QUARTILE,0.801923076923077,0.5634615384615385,6.0,6.0,30.0,0.12033955606420121,0.11689501400972513,0.8131,0.8678,0.6953,0.7329,-0.315029911159574,-0.2897779163019216,-0.041749462476168786,-0.1279205774985766,50.37820294599018,51.259436988543385,THREE_YEAR_SCENARIO_NOT_DIRECTLY_BACKTESTED,FIVE_YEAR_SCENARIO_NOT_DIRECTLY_BACKTESTED,false,,72,
tcgplayer:27306,27306,Shadowmoor - Booster Box,1399.96,CERTIFIED_TCGCSV_LIVE_CURRENT_PRICE,,TCGCSV_LIVE,2026-08-08,RANKED_FORECASTABLE,69,TIER_3_THIRD_QUARTILE,1563.207234521123,54.44916202945991,TIER_1_TOP_QUARTILE,0.801923076923077,0.2692307692307692,2.0,2.0,30.0,0.18586377674479915,0.1908242407417885,0.9076,0.9482,0.8323,0.8851,-0.17610373143643268,-0.05440453040739746,0.0,-0.06963770531313124,53.8303960720131,55.06792798690672,THREE_YEAR_SCENARIO_NOT_DIRECTLY_BACKTESTED,FIVE_YEAR_SCENARIO_NOT_DIRECTLY_BACKTESTED,false,,68,
tcgplayer:27307,27307,Stronghold - Booster Box,3874.5,CERTIFIED_TCGCSV_LIVE_CURRENT_PRICE,,TCGCSV_LIVE,2026-08-08,RANKED_FORECASTABLE,94,TIER_4_BOTTOM_QUARTILE,1736.0231111831881,23.48269230769231,TIER_1_TOP_QUARTILE,0.801923076923077,0.36346153846153845,3.0,3.0,30.0,-0.5222979825470815,-0.5224552688352813,0.0168,0.0007,0.016,0.0004,-0.9463045005638125,-0.9899939476788329,-0.8910040778755022,-0.9751999576700203,23.64369230769231,23.32169230769231,THREE_YEAR_SCENARIO_NOT_DIRECTLY_BACKTESTED,FIVE_YEAR_SCENARIO_NOT_DIRECTLY_BACKTESTED,false,,88,
tcgplayer:27308,27308,Tempest - Booster Box,2999.95,CERTIFIED_TCGCSV_LIVE_CURRENT_PRICE,,TCGCSV_LIVE,2026-08-08,RANKED_FORECASTABLE,93,TIER_4_BOTTOM_QUARTILE,2693.485179512917,30.683607201309332,TIER_1_TOP_QUARTILE,0.801923076923077,0.36346153846153845,3.0,3.0,30.0,-0.047059144612875026,-0.0445497672045988,0.3532,0.3312,0.2278,0.1955,-0.569427316785614,-0.6774778114120736,-0.24127871961363578,-0.35854920145362695,30.79722422258593,30.569990180032736,THREE_YEAR_SCENARIO_NOT_DIRECTLY_BACKTESTED,FIVE_YEAR_SCENARIO_NOT_DIRECTLY_BACKTESTED,false,,87,
tcgplayer:27309,27309,The Dark - Booster Box,5499.84,CERTIFIED_TCGCSV_LIVE_CURRENT_PRICE,,TCGCSV_LIVE,2026-08-08,NOT_RANKED_FORECAST_GAP,,NOT_RANKED,,,,,,,,,,,,,,,,,,,,,,,false,MISSING_CURRENT_PRICE_AUTHORITY,,
tcgplayer:27310,27310,Time Spiral - Booster Box,1150.0,CERTIFIED_TCGCSV_LIVE_CURRENT_PRICE,,TCGCSV_LIVE,2026-08-08,RANKED_FORECASTABLE,76,TIER_4_BOTTOM_QUARTILE,1155.1333465846412,50.03919803600655,TIER_1_TOP_QUARTILE,0.801923076923077,0.8711538461538462,15.0,15.0,30.0,0.06574303696400319,0.06935088285720925,0.7014,0.7436,0.5497,0.569,-0.39742177588279953,-0.4288344060011458,-0.08826528481410933,-0.18392552178908006,49.617198036006556,50.46119803600655,THREE_YEAR_SCENARIO_NOT_DIRECTLY_BACKTESTED,FIVE_YEAR_SCENARIO_NOT_DIRECTLY_BACKTESTED,false,,74,
tcgplayer:27311,27311,Torment - Booster Box,1037.31,CERTIFIED_TCGCSV_LIVE_CURRENT_PRICE,,TCGCSV_LIVE,2026-08-08,RANKED_FORECASTABLE,71,TIER_3_THIRD_QUARTILE,1107.7369083338822,51.58095090016367,TIER_1_TOP_QUARTILE,0.801923076923077,0.5,5.0,5.0,30.0,0.13605423504247405,0.13561237663698933,0.8454,0.8897,0.7341,0.7765,-0.2809727799948339,-0.2468126389458484,-0.02918824711212553,-0.11945393153019279,51.24433387888707,51.917567921440266,THREE_YEAR_SCENARIO_NOT_DIRECTLY_BACKTESTED,FIVE_YEAR_SCENARIO_NOT_DIRECTLY_BACKTESTED,false,,69,
tcgplayer:27312,27312,Unglued - Booster Box,1636.49,CERTIFIED_TCGCSV_LIVE_CURRENT_PRICE,,TCGCSV_LIVE,2026-08-08,NOT_RANKED_FORECAST_GAP,,NOT_RANKED,,,,,,,,,,,,,,,,,,,,,,,false,MISSING_CURRENT_PRICE_AUTHORITY,,
tcgplayer:27313,27313,Unlimited Edition - Booster Box,,NO_CERTIFIED_CURRENT_PRICE_EVIDENCE,NO_POSITIVE_TCGCSV_LIVE_PRICE_RECORD,,,NOT_RANKED_NO_CURRENT_PRICE_AUTHORITY,,NOT_RANKED,,,,,,,,,,,,,,,,,,,,,,,false,NO_GOVERNED_CURRENT_PRICE_AUTHORITY,,
tcgplayer:27314,27314,Urza's Destiny - Booster Box,8499.99,CERTIFIED_TCGCSV_LIVE_CURRENT_PRICE,,TCGCSV_LIVE,2026-08-08,NOT_RANKED_FORECAST_GAP,,NOT_RANKED,,,,,,,,,,,,,,,,,,,,,,,false,MISSING_CURRENT_PRICE_AUTHORITY,,
tcgplayer:27315,27315,Urza's Legacy - Booster Box,3787.5,CERTIFIED_TCGCSV_LIVE_CURRENT_PRICE,,TCGCSV_LIVE,2026-08-08,RANKED_FORECASTABLE,87,TIER_4_BOTTOM_QUARTILE,3826.710626941801,42.23534533551555,TIER_1_TOP_QUARTILE,0.801923076923077,0.4403846153846154,4.0,4.0,30.0,0.07427933790490915,0.07604384228603489,0.7171,0.7665,0.5725,0.5924,-0.38532554509500244,-0.4249194945559604,-0.08179818789624849,-0.1765028105419933,41.74134533551555,42.729345335515546,THREE_YEAR_SCENARIO_NOT_DIRECTLY_BACKTESTED,FIVE_YEAR_SCENARIO_NOT_DIRECTLY_BACKTESTED,false,,83,
tcgplayer:27316,27316,Urza's Saga - Booster Box,9299.99,CERTIFIED_TCGCSV_LIVE_CURRENT_PRICE,,TCGCSV_LIVE,2026-08-08,NOT_RANKED_FORECAST_GAP,,NOT_RANKED,,,,,,,,,,,,,,,,,,,,,,,false,MISSING_CURRENT_PRICE_AUTHORITY,,
tcgplayer:27317,27317,Visions - Booster Box,1400.0,CERTIFIED_TCGCSV_LIVE_CURRENT_PRICE,,TCGCSV_LIVE,2026-08-08,RANKED_FORECASTABLE,46,TIER_2_SECOND_QUARTILE,1637.9054456530673,67.26472995090018,TIER_1_TOP_QUARTILE,0.801923076923077,0.47115384615384615,5.0,4.0,30.0,0.24500464043637038,0.2446109401095765,0.949,0.976,0.9066,0.9447,-0.0519532924756427,0.1748481571402846,0.0,-0.026490316411403314,67.42026186579379,67.10919803600656,THREE_YEAR_SCENARIO_NOT_DIRECTLY_BACKTESTED,FIVE_YEAR_SCENARIO_NOT_DIRECTLY_BACKTESTED,false,,46,
tcgplayer:27318,27318,Weatherlight - Booster Box,2499.35,CERTIFIED_TCGCSV_LIVE_CURRENT_PRICE,,TCGCSV_LIVE,2026-08-08,NOT_RANKED_FORECAST_GAP,,NOT_RANKED,,,,,,,,,,,,,,,,,,,,,,,false,MISSING_CURRENT_PRICE_AUTHORITY,,
tcgplayer:28640,28640,Shards of Alara - Booster Box,709.0,CERTIFIED_TCGCSV_LIVE_CURRENT_PRICE,,TCGCSV_LIVE,2026-08-08,RANKED_FORECASTABLE,73,TIER_4_BOTTOM_QUARTILE,752.0484939958728,50.838036006546645,TIER_1_TOP_QUARTILE,0.801923076923077,0.5,5.0,5.0,30.0,0.12860659760243132,0.13269740516994866,0.83,0.884,0.715,0.7666,-0.29229575755096493,-0.2514834264515168,-0.0315072533209666,-0.1129834827158806,50.298036006546646,51.378036006546644,THREE_YEAR_SCENARIO_NOT_DIRECTLY_BACKTESTED,FIVE_YEAR_SCENARIO_NOT_DIRECTLY_BACKTESTED,false,,71,
tcgplayer:31841,31841,Alara Reborn - Booster Box,638.33,CERTIFIED_TCGCSV_LIVE_CURRENT_PRICE,,TCGCSV_LIVE,2026-08-08,RANKED_FORECASTABLE,21,TIER_1_TOP_QUARTILE,822.6238089272164,80.5413960720131,TIER_1_TOP_QUARTILE,0.801923076923077,0.2692307692307692,2.0,2.0,30.0,0.37236371558114634,0.37046173139482197,0.9885,0.9978,0.977,0.9931,0.2902900214041721,0.979418262327992,0.0,0.0,80.55477905073651,80.5280130932897,THREE_YEAR_SCENARIO_NOT_DIRECTLY_BACKTESTED,FIVE_YEAR_SCENARIO_NOT_DIRECTLY_BACKTESTED,false,,21,
tcgplayer:32529,32529,Magic 2010 (M10) - Booster Box,944.74,CERTIFIED_TCGCSV_LIVE_CURRENT_PRICE,,TCGCSV_LIVE,2026-08-08,NOT_RANKED_FORECAST_GAP,,NOT_RANKED,,,,,,,,,,,,,,,,,,,,,,,false,MISSING_CURRENT_PRICE_AUTHORITY,,
tcgplayer:32789,32789,Zendikar - Booster Box,956.79,CERTIFIED_TCGCSV_LIVE_CURRENT_PRICE,,TCGCSV_LIVE,2026-08-08,RANKED_FORECASTABLE,49,TIER_3_THIRD_QUARTILE,1058.413774976731,66.22134042553193,TIER_1_TOP_QUARTILE,0.801923076923077,0.948076923076923,29.0,25.0,30.0,0.17891914501398387,0.175155857237961,0.8971,0.9378,0.8158,0.8663,-0.19309551265106473,-0.10031162762508788,0.0,-0.08091626383835115,66.13348936170213,66.30919148936172,THREE_YEAR_SCENARIO_NOT_DIRECTLY_BACKTESTED,FIVE_YEAR_SCENARIO_NOT_DIRECTLY_BACKTESTED,false,,49,
tcgplayer:34468,34468,Worldwake - Booster Box,1249.99,CERTIFIED_TCGCSV_LIVE_CURRENT_PRICE,,TCGCSV_LIVE,2026-08-08,NOT_RANKED_FORECAST_GAP,,NOT_RANKED,,,,,,,,,,,,,,,,,,,,,,,false,MISSING_CURRENT_PRICE_AUTHORITY,,
tcgplayer:34678,34678,Rise of the Eldrazi - Booster Box,1244.89,CERTIFIED_TCGCSV_LIVE_CURRENT_PRICE,,TCGCSV_LIVE,2026-08-08,RANKED_FORECASTABLE,86,TIER_4_BOTTOM_QUARTILE,1286.6880470785597,42.881075286415715,TIER_4_BOTTOM_QUARTILE,0.5903846153846154,0.5,5.0,5.0,29.0,0.09769841297924098,0.10012549220654654,0.776,0.8207,0.6458,0.6741,-0.3433984260960751,-0.3621586951392099,-0.060386490893846734,-0.15212943299971987,42.43407528641572,43.32807528641571,THREE_YEAR_SCENARIO_NOT_DIRECTLY_BACKTESTED,FIVE_YEAR_SCENARIO_NOT_DIRECTLY_BACKTESTED,false,,,6
tcgplayer:35372,35372,Magic 2011 (M11) - Booster Box,387.14,CERTIFIED_TCGCSV_LIVE_CURRENT_PRICE,,TCGCSV_LIVE,2026-08-08,RANKED_FORECASTABLE,70,TIER_3_THIRD_QUARTILE,447.95784221399975,53.220283687943265,TIER_4_BOTTOM_QUARTILE,0.6352564102564102,0.07307692307692308,0.0,0.0,30.0,0.2275309756333337,0.23267127850195424,0.9432,0.9728,0.892,0.9364,-0.07086688722765619,0.13566785444184157,0.0,-0.03231654064876899,53.03066666666667,53.40990070921986,THREE_YEAR_SCENARIO_NOT_DIRECTLY_BACKTESTED,FIVE_YEAR_SCENARIO_NOT_DIRECTLY_BACKTESTED,false,,,2
tcgplayer:35749,35749,Scars of Mirrodin - Booster Box,679.98,CERTIFIED_TCGCSV_LIVE_CURRENT_PRICE,,TCGCSV_LIVE,2026-08-08,RANKED_FORECASTABLE,81,TIER_4_BOTTOM_QUARTILE,693.2308240119644,46.058947626841245,TIER_1_TOP_QUARTILE,0.801923076923077,0.5634615384615385,6.0,6.0,30.0,0.08295675893027377,0.08430326960721479,0.7392,0.7955,0.5996,0.633,-0.3735073088888965,-0.39879691459431016,-0.0734968706769259,-0.16417722918165456,45.49594762684124,46.62194762684125,THREE_YEAR_SCENARIO_NOT_DIRECTLY_BACKTESTED,FIVE_YEAR_SCENARIO_NOT_DIRECTLY_BACKTESTED,false,,78,
tcgplayer:39109,39109,Mirrodin Besieged - Booster Box,483.4,CERTIFIED_TCGCSV_LIVE_CURRENT_PRICE,,TCGCSV_LIVE,2026-08-08,RANKED_FORECASTABLE,37,TIER_2_SECOND_QUARTILE,569.7519400373278,73.24007364975449,TIER_1_TOP_QUARTILE,0.801923076923077,0.6326923076923077,7.0,7.0,30.0,0.25791076486762565,0.2541070003860516,0.9527,0.9808,0.9122,0.9538,-0.030946655603442622,0.24669141865806343,0.0,-0.01724342496371667,73.27822258592471,73.20192471358429,THREE_YEAR_SCENARIO_NOT_DIRECTLY_BACKTESTED,FIVE_YEAR_SCENARIO_NOT_DIRECTLY_BACKTESTED,false,,37,
tcgplayer:39410,39410,New Phyrexia - Booster Box,967.81,CERTIFIED_TCGCSV_LIVE_CURRENT_PRICE,,TCGCSV_LIVE,2026-08-08,RANKED_FORECASTABLE,88,TIER_4_BOTTOM_QUARTILE,984.0092752830011,41.69018166939445,TIER_1_TOP_QUARTILE,0.801923076923077,0.36346153846153845,3.0,3.0,30.0,0.08050573550572637,0.08353140041366414,0.7385,0.7806,0.5934,0.6216,-0.3694467493402966,-0.4034523564815388,-0.07611706658629458,-0.17059984198610256,41.481947626841254,41.898415711947635,THREE_YEAR_SCENARIO_NOT_DIRECTLY_BACKTESTED,FIVE_YEAR_SCENARIO_NOT_DIRECTLY_BACKTESTED,false,,84,
tcgplayer:46957,46957,Magic 2012 (M12) - Booster Box,276.11,CERTIFIED_TCGCSV_LIVE_CURRENT_PRICE,,TCGCSV_LIVE,2026-08-08,RANKED_FORECASTABLE,60,TIER_3_THIRD_QUARTILE,321.5957660226025,60.322747954173494,TIER_1_TOP_QUARTILE,0.801923076923077,0.18461538461538463,1.0,1.0,30.0,0.2390907674598688,0.23799179484067678,0.9397,0.9812,0.8959,0.9498,-0.08398685810311508,0.21840249630226624,0.0,-0.02558919608264587,58.950301145662856,61.695194762684125,THREE_YEAR_SCENARIO_NOT_DIRECTLY_BACKTESTED,FIVE_YEAR_SCENARIO_NOT_DIRECTLY_BACKTESTED,false,,59,
tcgplayer:47791,47791,Innistrad - Booster Box,573.77,CERTIFIED_TCGCSV_LIVE_CURRENT_PRICE,,TCGCSV_LIVE,2026-08-08,RANKED_FORECASTABLE,13,TIER_1_TOP_QUARTILE,683.7662169732815,83.4097217675941,TIER_1_TOP_QUARTILE,0.801923076923077,0.9923076923076923,69.0,51.0,30.0,0.2667428710619849,0.26955085277208646,0.959,0.985,0.9251,0.9605,0.00951176941924436,0.3106916438354151,0.0,-0.008370844421431434,83.14972176759412,83.66972176759411,THREE_YEAR_SCENARIO_NOT_DIRECTLY_BACKTESTED,FIVE_YEAR_SCENARIO_NOT_DIRECTLY_BACKTESTED,false,,13,
tcgplayer:485828,485828,Magic 2014 (M14) - Booster Battle Pack Display Box,,NO_CERTIFIED_CURRENT_PRICE_EVIDENCE,NO_POSITIVE_TCGCSV_LIVE_PRICE_RECORD,,,NOT_RANKED_NO_CURRENT_PRICE_AUTHORITY,,NOT_RANKED,,,,,,,,,,,,,,,,,,,,,,,false,NO_GOVERNED_CURRENT_PRICE_AUTHORITY,,
tcgplayer:485831,485831,Magic 2013 (M13) - Booster Battle Pack Display Box,,NO_CERTIFIED_CURRENT_PRICE_EVIDENCE,NO_POSITIVE_TCGCSV_LIVE_PRICE_RECORD,,,NOT_RANKED_NO_CURRENT_PRICE_AUTHORITY,,NOT_RANKED,,,,,,,,,,,,,,,,,,,,,,,false,NO_GOVERNED_CURRENT_PRICE_AUTHORITY,,
tcgplayer:57584,57584,Dark Ascension - Booster Box,242.57,CERTIFIED_TCGCSV_LIVE_CURRENT_PRICE,,TCGCSV_LIVE,2026-08-08,RANKED_FORECASTABLE,55,TIER_3_THIRD_QUARTILE,271.44276731773886,62.396690671031095,TIER_1_TOP_QUARTILE,0.801923076923077,0.6326923076923077,7.0,7.0,30.0,0.18838490017703524,0.19001811085169962,0.9098,0.95,0.8352,0.8869,-0.17283616440348287,-0.03565710147788342,0.0,-0.06884780641642951,62.20745662847791,62.58592471358428,THREE_YEAR_SCENARIO_NOT_DIRECTLY_BACKTESTED,FIVE_YEAR_SCENARIO_NOT_DIRECTLY_BACKTESTED,false,,55,
tcgplayer:58058,58058,Avacyn Restored - Booster Box,425.35,CERTIFIED_TCGCSV_LIVE_CURRENT_PRICE,,TCGCSV_LIVE,2026-08-08,RANKED_FORECASTABLE,11,TIER_1_TOP_QUARTILE,519.7532330858853,85.0696317512275,TIER_1_TOP_QUARTILE,0.801923076923077,0.775,11.0,11.0,30.0,0.2944476118905729,0.29952293610479885,0.9689,0.9906,0.9403,0.9753,0.06466846129515347,0.4958499347033028,0.0,0.0,83.89518494271687,86.24407855973814,THREE_YEAR_SCENARIO_NOT_DIRECTLY_BACKTESTED,FIVE_YEAR_SCENARIO_NOT_DIRECTLY_BACKTESTED,false,,11,
tcgplayer:59120,59120,Magic 2013 (M13) - Booster Box,311.77,CERTIFIED_TCGCSV_LIVE_CURRENT_PRICE,,TCGCSV_LIVE,2026-08-08,RANKED_FORECASTABLE,80,TIER_4_BOTTOM_QUARTILE,348.1927098456181,46.797602836879435,TIER_4_BOTTOM_QUARTILE,0.6352564102564102,0.07307692307692308,0.0,0.0,30.0,0.1868013083873339,0.18983351384851122,0.9001,0.9481,0.8262,0.882,-0.1918282918402848,-0.05688508854362735,0.0,-0.06878032652842059,46.42398581560283,47.17121985815603,THREE_YEAR_SCENARIO_NOT_DIRECTLY_BACKTESTED,FIVE_YEAR_SCENARIO_NOT_DIRECTLY_BACKTESTED,false,,,3
tcgplayer:60117,60117,Return to Ravnica - Booster Box,175.17,CERTIFIED_TCGCSV_LIVE_CURRENT_PRICE,,TCGCSV_LIVE,2026-08-08,RANKED_FORECASTABLE,12,TIER_1_TOP_QUARTILE,213.02978472689193,84.910968903437,TIER_1_TOP_QUARTILE,0.801923076923077,0.8634615384615385,15.0,14.0,30.0,0.2906345646459557,0.296348474230274,0.9679,0.9903,0.9371,0.9746,0.04888467542670433,0.46767561767628973,0.0,0.0,83.51675613747955,86.30518166939444,THREE_YEAR_SCENARIO_NOT_DIRECTLY_BACKTESTED,FIVE_YEAR_SCENARIO_NOT_DIRECTLY_BACKTESTED,false,,12,
tcgplayer:67311,67311,Gatecrash - Booster Box,153.3,CERTIFIED_TCGCSV_LIVE_CURRENT_PRICE,,TCGCSV_LIVE,2026-08-08,RANKED_FORECASTABLE,15,TIER_1_TOP_QUARTILE,184.08359219190842,82.88269885433715,TIER_1_TOP_QUARTILE,0.801923076923077,0.8865384615384615,16.0,16.0,30.0,0.27766438580818187,0.2807522535080167,0.9645,0.9894,0.9333,0.9689,0.032132039826667735,0.39557454624224236,0.0,0.0,82.42093289689035,83.34446481178396,THREE_YEAR_SCENARIO_NOT_DIRECTLY_BACKTESTED,FIVE_YEAR_SCENARIO_NOT_DIRECTLY_BACKTESTED,false,,15,
tcgplayer:67751,67751,Dragon's Maze - Booster Box,139.3,CERTIFIED_TCGCSV_LIVE_CURRENT_PRICE,,TCGCSV_LIVE,2026-08-08,RANKED_FORECASTABLE,30,TIER_2_SECOND_QUARTILE,164.57346644591797,76.23852373158755,TIER_1_TOP_QUARTILE,0.801923076923077,0.7442307692307693,10.0,10.0,30.0,0.2542827332129608,0.25646564164131047,0.9558,0.98,0.9157,0.9536,-0.010205361614834435,0.2509970144968587,0.0,-0.011623059126908974,75.99652373158756,76.48052373158755,THREE_YEAR_SCENARIO_NOT_DIRECTLY_BACKTESTED,FIVE_YEAR_SCENARIO_NOT_DIRECTLY_BACKTESTED,false,,30,
tcgplayer:68104,68104,Modern Masters - Booster Box,497.64,CERTIFIED_TCGCSV_LIVE_CURRENT_PRICE,,TCGCSV_LIVE,2026-08-08,RANKED_FORECASTABLE,39,TIER_2_SECOND_QUARTILE,578.4971126192933,72.69090834697218,TIER_1_TOP_QUARTILE,0.801923076923077,0.825,13.0,13.0,30.0,0.23433399636606256,0.23689863331595384,0.9435,0.976,0.8969,0.9392,-0.06492319356135193,0.15891835760860756,0.0,-0.027477140373979858,72.6850572831424,72.69675941080197,THREE_YEAR_SCENARIO_NOT_DIRECTLY_BACKTESTED,FIVE_YEAR_SCENARIO_NOT_DIRECTLY_BACKTESTED,false,,39,
tcgplayer:683213,683213,Guilds of Ravnica - Planeswalker Deck Display Box,159.9,CERTIFIED_TCGCSV_LIVE_CURRENT_PRICE,,TCGCSV_LIVE,2026-08-08,NOT_RANKED_FORECAST_GAP,,NOT_RANKED,,,,,,,,,,,,,,,,,,,,,,,false,MISSING_CURRENT_PRICE_AUTHORITY,,
tcgplayer:69243,69243,Magic 2014 (M14) - Booster Box,313.28,CERTIFIED_TCGCSV_LIVE_CURRENT_PRICE,,TCGCSV_LIVE,2026-08-08,RANKED_FORECASTABLE,79,TIER_4_BOTTOM_QUARTILE,339.55053915573967,46.859088379705405,TIER_1_TOP_QUARTILE,0.801923076923077,0.18461538461538463,1.0,1.0,30.0,0.15184799646378755,0.15381226337286036,0.87,0.9173,0.78,0.8188,-0.24156311790046134,-0.1880124383966994,-0.012666944924488388,-0.09949116219729115,46.49247135842881,47.225705400982,THREE_YEAR_SCENARIO_NOT_DIRECTLY_BACKTESTED,FIVE_YEAR_SCENARIO_NOT_DIRECTLY_BACKTESTED,false,,77,
tcgplayer:70960,70960,Theros - Booster Box,286.35,CERTIFIED_TCGCSV_LIVE_CURRENT_PRICE,,TCGCSV_LIVE,2026-08-08,RANKED_FORECASTABLE,42,TIER_2_SECOND_QUARTILE,323.93430927977124,70.25881342062195,TIER_1_TOP_QUARTILE,0.801923076923077,0.9153846153846154,21.0,19.0,30.0,0.2033771574802019,0.2036277573572004,0.9169,0.9616,0.8606,0.9078,-0.14672277383268692,0.024730584438407296,0.0,-0.05360232394890474,69.70543044189854,70.81219639934535,THREE_YEAR_SCENARIO_NOT_DIRECTLY_BACKTESTED,FIVE_YEAR_SCENARIO_NOT_DIRECTLY_BACKTESTED,false,,42,
tcgplayer:77321,77321,Born of the Gods - Booster Box,235.9,CERTIFIED_TCGCSV_LIVE_CURRENT_PRICE,,TCGCSV_LIVE,2026-08-08,RANKED_FORECASTABLE,51,TIER_3_THIRD_QUARTILE,268.73352405462913,64.18341571194763,TIER_1_TOP_QUARTILE,0.801923076923077,0.5634615384615385,6.0,6.0,30.0,0.20902921681576347,0.2140810699127147,0.9256,0.9641,0.8671,0.9193,-0.1252345020804007,0.05086028450623785,0.0,-0.05013759704138754,63.69203273322424,64.67479869067103,THREE_YEAR_SCENARIO_NOT_DIRECTLY_BACKTESTED,FIVE_YEAR_SCENARIO_NOT_DIRECTLY_BACKTESTED,false,,51,
tcgplayer:77322,77322,Journey Into Nyx - Booster Box,226.9,CERTIFIED_TCGCSV_LIVE_CURRENT_PRICE,,TCGCSV_LIVE,2026-08-08,RANKED_FORECASTABLE,44,TIER_2_SECOND_QUARTILE,260.3285722453096,69.25686579378069,TIER_1_TOP_QUARTILE,0.801923076923077,0.775,11.0,11.0,30.0,0.21706344810771938,0.21926031038818183,0.9319,0.9676,0.875,0.9275,-0.10797663250630424,0.08954604141084328,0.0,-0.04048546032911582,68.89986579378069,69.6138657937807,THREE_YEAR_SCENARIO_NOT_DIRECTLY_BACKTESTED,FIVE_YEAR_SCENARIO_NOT_DIRECTLY_BACKTESTED,false,,44,
tcgplayer:79290,79290,Unhinged - Booster Box,950.0,CERTIFIED_TCGCSV_LIVE_CURRENT_PRICE,,TCGCSV_LIVE,2026-08-08,NOT_RANKED_FORECAST_GAP,,NOT_RANKED,,,,,,,,,,,,,,,,,,,,,,,false,MISSING_CURRENT_PRICE_AUTHORITY,,
tcgplayer:82200,82200,Conspiracy - Booster Box,242.79,CERTIFIED_TCGCSV_LIVE_CURRENT_PRICE,,TCGCSV_LIVE,2026-08-08,RANKED_FORECASTABLE,5,TIER_1_TOP_QUARTILE,300.8511125916391,89.94150081833062,TIER_1_TOP_QUARTILE,0.801923076923077,0.8384615384615384,14.0,13.0,30.0,0.31819040327668513,0.32104847412245263,0.9757,0.993,0.9543,0.982,0.13351766794002856,0.6207364571419349,0.0,0.0,89.76850081833062,90.11450081833063,THREE_YEAR_SCENARIO_NOT_DIRECTLY_BACKTESTED,FIVE_YEAR_SCENARIO_NOT_DIRECTLY_BACKTESTED,false,,5,
tcgplayer:90786,90786,Magic 2015 (M15) - Booster Box,364.37,CERTIFIED_TCGCSV_LIVE_CURRENT_PRICE,,TCGCSV_LIVE,2026-08-08,RANKED_FORECASTABLE,66,TIER_3_THIRD_QUARTILE,409.1341446391839,56.17590671031097,TIER_1_TOP_QUARTILE,0.801923076923077,0.2692307692307692,2.0,2.0,30.0,0.1932708823374466,0.19353050019507523,0.915,0.9539,0.8421,0.8975,-0.15250681411604264,-0.017970547490619316,0.0,-0.06095299426101408,55.68052373158756,56.671289689034374,THREE_YEAR_SCENARIO_NOT_DIRECTLY_BACKTESTED,FIVE_YEAR_SCENARIO_NOT_DIRECTLY_BACKTESTED,false,,65,
tcgplayer:91650,91650,Khans of Tarkir - Booster Box,282.1,CERTIFIED_TCGCSV_LIVE_CURRENT_PRICE,,TCGCSV_LIVE,2026-08-08,RANKED_FORECASTABLE,9,TIER_1_TOP_QUARTILE,344.03974815297624,86.745937806874,TIER_1_TOP_QUARTILE,0.801923076923077,0.8538461538461538,14.0,14.0,30.0,0.298329901621602,0.3003535251409455,0.969,0.9898,0.9437,0.9753,0.07983312694350428,0.48704213289502707,0.0,0.0,86.11240589198037,87.3794697217676,THREE_YEAR_SCENARIO_NOT_DIRECTLY_BACKTESTED,FIVE_YEAR_SCENARIO_NOT_DIRECTLY_BACKTESTED,false,,9,
tcgplayer:93516,93516,Conflux - Booster Box,642.76,CERTIFIED_TCGCSV_LIVE_CURRENT_PRICE,,TCGCSV_LIVE,2026-08-08,RANKED_FORECASTABLE,83,TIER_4_BOTTOM_QUARTILE,673.198268227448,43.74675777414076,TIER_1_TOP_QUARTILE,0.801923076923077,0.2692307692307692,2.0,2.0,30.0,0.111416865230059,0.11579784174637875,0.8006,0.8573,0.6805,0.723,-0.3223003539141241,-0.30180275084914066,-0.04817016711490629,-0.13784077858863897,42.966991816693955,44.52652373158757,THREE_YEAR_SCENARIO_NOT_DIRECTLY_BACKTESTED,FIVE_YEAR_SCENARIO_NOT_DIRECTLY_BACKTESTED,false,,80,
tcgplayer:94746,94746,Fate Reforged - Booster Box,214.37,CERTIFIED_TCGCSV_LIVE_CURRENT_PRICE,,TCGCSV_LIVE,2026-08-08,RANKED_FORECASTABLE,20,TIER_1_TOP_QUARTILE,257.7908354331489,81.57455973813421,TIER_1_TOP_QUARTILE,0.801923076923077,0.8711538461538462,15.0,15.0,30.0,0.27694349185897693,0.2793615858092411,0.9634,0.9862,0.9312,0.9669,0.025681836812859838,0.3802495873904876,0.0,0.0,81.2401767594108,81.90894271685761,THREE_YEAR_SCENARIO_NOT_DIRECTLY_BACKTESTED,FIVE_YEAR_SCENARIO_NOT_DIRECTLY_BACKTESTED,false,,20,
tcgplayer:95052,95052,Modern Masters 2015 - Booster Box,414.52,CERTIFIED_TCGCSV_LIVE_CURRENT_PRICE,,TCGCSV_LIVE,2026-08-08,RANKED_FORECASTABLE,65,TIER_3_THIRD_QUARTILE,454.88378631485756,56.89467103109658,TIER_1_TOP_QUARTILE,0.801923076923077,0.5634615384615385,6.0,6.0,30.0,0.1718073778471425,0.16913129740930122,0.888,0.9324,0.7989,0.8521,-0.22638048574652186,-0.12327374583885825,0.0,-0.08499859835557833,56.34428805237317,57.44505400981998,THREE_YEAR_SCENARIO_NOT_DIRECTLY_BACKTESTED,FIVE_YEAR_SCENARIO_NOT_DIRECTLY_BACKTESTED,false,,64,
tcgplayer:96137,96137,Dragons of Tarkir - Booster Box,347.71,CERTIFIED_TCGCSV_LIVE_CURRENT_PRICE,,TCGCSV_LIVE,2026-08-08,RANKED_FORECASTABLE,61,TIER_3_THIRD_QUARTILE,381.0266074739686,59.89313093289689,TIER_1_TOP_QUARTILE,0.801923076923077,0.7096153846153846,9.0,9.0,30.0,0.1669427640493666,0.1673222364460717,0.8841,0.9332,0.7995,0.8476,-0.2173961090107577,-0.12029357638724085,-0.001771314535659485,-0.08723662644118785,59.614896890343694,60.17136497545008,THREE_YEAR_SCENARIO_NOT_DIRECTLY_BACKTESTED,FIVE_YEAR_SCENARIO_NOT_DIRECTLY_BACKTESTED,false,,60,
tcgplayer:96147,96147,Magic Origins - Booster Box,169.58,CERTIFIED_TCGCSV_LIVE_CURRENT_PRICE,,TCGCSV_LIVE,2026-08-08,RANKED_FORECASTABLE,24,TIER_1_TOP_QUARTILE,206.04137044731843,78.81658592471358,TIER_1_TOP_QUARTILE,0.801923076923077,0.5634615384615385,6.0,6.0,30.0,0.2922597313202271,0.2921982209112963,0.9687,0.9907,0.9395,0.9724,0.06281963938573677,0.43909065179295603,0.0,0.0,79.0221178396072,78.61105400981995,THREE_YEAR_SCENARIO_NOT_DIRECTLY_BACKTESTED,FIVE_YEAR_SCENARIO_NOT_DIRECTLY_BACKTESTED,false,,24,
