canonical_product_id,tcgplayer_product_id,product_name,current_price,final_rank,rank_tier,final_governed_score,final_ranking_eligibility_status,ranking_penalty_points,factor_calibration_strength,factor_downside_protection,factor_early_opportunity,factor_forecast_return_365,factor_forecast_return_1095_annualized,factor_supply_demand,factor_uncertainty_control,accepted_listing_count,distinct_seller_count,median_return_365,median_return_1095,probability_of_50pct_gain_365,probability_of_doubling_365,probability_of_loss_365,interval_width_return_365,budget_context_band,strong_entry_ceiling,candidate_entry_ceiling,current_vs_strong_ceiling_pct,median_price_365,p25_price_365,p90_price_365,purchase_basis,purchase_status,recommendation_authorized,recommended_quantity,calibration_status_365,calibration_status_1095,limitations,purchase_eligible_at_this_stage,weighted_score_before_penalty
MTG-CANON-TCGPLAYER-208279,208279,Ikoria: Lair of Behemoths - Collector Booster Display,630.72,31,TIER_3,38.854167,RANKING_ELIGIBLE_WITH_LIMITATIONS,5.0,25.0,83.333333,14.583333,37.5,43.75,16.666667,93.75,3.0,0.0,0.2986841403475391,0.9277836456747843,0.1112,0.0002,0.0079,0.38522860064687964,600_TO_1000,688.91,757.81,-0.084472,819.106061,757.805059,953.489976,DOES_NOT_CLEAR_PURCHASE_THRESHOLDS,WATCHLIST,False,0,CALIBRATED,INSUFFICIENT_REALIZED_VALIDATION,,True,43.854167
MTG-CANON-TCGPLAYER-214818,214818,Core Set 2021 - Collector Booster Display,457.08,27,TIER_3,43.645833,RANKING_ELIGIBLE_WITH_LIMITATIONS,5.0,27.083333,87.5,18.75,39.583333,45.833333,43.75,91.666667,7.0,0.0,0.29880111796622044,0.9293907806073336,0.1195,0.0001,0.0054,0.39441536273737654,400_TO_600,498.96,548.85,-0.083931,593.656015,548.853832,694.199871,DOES_NOT_CLEAR_PURCHASE_THRESHOLDS,WATCHLIST,False,0,CALIBRATED,INSUFFICIENT_REALIZED_VALIDATION,,True,48.645833
MTG-CANON-TCGPLAYER-220423,220423,Zendikar Rising - Collector Booster Display,439.15,34,TIER_3,32.8125,RANKING_ELIGIBLE_WITH_LIMITATIONS,5.0,29.166667,75.0,2.083333,22.916667,20.833333,45.833333,97.916667,7.0,0.0,0.24287696459068675,0.6868906842764433,0.0441,0.0,0.0138,0.3383572469543435,400_TO_600,462.39,508.63,-0.050265,545.809419,508.631409,626.873663,DOES_NOT_CLEAR_PURCHASE_THRESHOLDS,WATCHLIST,False,0,CALIBRATED,INSUFFICIENT_REALIZED_VALIDATION,,True,37.8125
MTG-CANON-TCGPLAYER-221323,221323,Commander Legends - Collector Booster Display,722.61,35,TIER_3,31.979167,RANKING_ELIGIBLE_WITH_LIMITATIONS,5.0,31.25,56.25,4.166667,14.583333,27.083333,81.25,95.833333,16.0,0.0,0.22815086561215603,0.7557004677488548,0.0526,0.0001,0.0199,0.3597847594137918,600_TO_1000,748.81,823.69,-0.034988,887.474097,823.690616,1035.744464,DOES_NOT_CLEAR_PURCHASE_THRESHOLDS,WATCHLIST,False,0,CALIBRATED,INSUFFICIENT_REALIZED_VALIDATION,,True,36.979167
MTG-CANON-TCGPLAYER-228249,228249,Kaldheim - Collector Booster Display,338.17,23,TIER_2,51.041667,RANKING_ELIGIBLE_WITH_LIMITATIONS,5.0,33.333333,85.416667,27.083333,47.916667,50.0,83.333333,81.25,18.0,0.0,0.3413526185054854,1.0541663423721794,0.1983,0.0013,0.0063,0.4502748706271993,UNDER_400,378.3,416.13,-0.10607,453.605215,416.125655,537.878474,DOES_NOT_CLEAR_PURCHASE_THRESHOLDS,WATCHLIST,False,0,CALIBRATED,INSUFFICIENT_REALIZED_VALIDATION,,True,56.041667
MTG-CANON-TCGPLAYER-233232,233232,Strixhaven: School of Mages - Collector Booster Display,629.6,8,TIER_1,66.5625,RANKING_ELIGIBLE_WITH_LIMITATIONS,5.0,35.416667,100.0,56.25,72.916667,66.666667,77.083333,83.333333,15.0,0.0,0.45822956003811943,1.3902659942820836,0.4029,0.003,0.0,0.4249555225540024,600_TO_1000,774.2,851.62,-0.186769,918.101331,851.615471,1063.514252,RANK_SCORE_DOWNSIDE_AND_P25_ENTRY_CLEAR,PURCHASE_CANDIDATE,True,1,CALIBRATED,INSUFFICIENT_REALIZED_VALIDATION,,True,71.5625
MTG-CANON-TCGPLAYER-236348,236348,Modern Horizons 2 - Collector Booster Display,590.32,41,TIER_3,24.375,RANKING_ELIGIBLE_WITH_LIMITATIONS,5.0,37.5,58.333333,0.0,8.333333,18.75,25.0,100.0,5.0,0.0,0.2159485617969914,0.6141958446266431,0.0318,0.0,0.0197,0.33315021513755255,400_TO_600,607.2,667.92,-0.027799,717.798755,667.919152,826.46175,DOES_NOT_CLEAR_PURCHASE_THRESHOLDS,WATCHLIST,False,0,CALIBRATED,INSUFFICIENT_REALIZED_VALIDATION,,True,29.375
MTG-CANON-TCGPLAYER-238745,238745,Adventures in the Forgotten Realms - Collector Booster Display,391.31,6,TIER_1,70.208333,RANKING_ELIGIBLE_WITH_LIMITATIONS,5.0,39.583333,89.583333,85.416667,89.583333,85.416667,35.416667,60.416667,6.0,0.0,0.48981890572691733,1.7999196902711407,0.482,0.0592,0.0048,0.6871689274488259,UNDER_400,474.16,521.58,-0.174736,582.981036,521.579692,740.116834,TOP_TIER_SCORE_DOWNSIDE_AND_P25_ENTRY_MARGIN,STRONG_PURCHASE_CANDIDATE,True,1,CALIBRATED,INSUFFICIENT_REALIZED_VALIDATION,,True,75.208333
MTG-CANON-TCGPLAYER-244384,244384,Innistrad: Midnight Hunt - Collector Booster Display,252.9,37,TIER_3,27.083333,RANKING_ELIGIBLE_WITH_LIMITATIONS,5.0,41.666667,31.25,10.416667,20.833333,16.666667,58.333333,79.166667,8.0,0.0,0.24091257809410838,0.5771847054171608,0.1038,0.0004,0.0843,0.4908988137603795,UNDER_400,256.98,282.68,-0.015871,313.826791,282.676317,380.674898,DOES_NOT_CLEAR_PURCHASE_THRESHOLDS,WATCHLIST,False,0,CALIBRATED,INSUFFICIENT_REALIZED_VALIDATION,,True,32.083333
MTG-CANON-TCGPLAYER-246457,246457,Innistrad: Crimson Vow - Collector Booster Display,289.14,36,TIER_3,31.458333,RANKING_ELIGIBLE_WITH_LIMITATIONS,5.0,43.75,25.0,37.5,29.166667,25.0,47.916667,66.666667,7.0,0.0,0.2905242408521824,0.7353578439510273,0.225,0.0154,0.1074,0.6811297053330567,UNDER_400,294.9,324.39,-0.019522,373.142179,324.38653,483.456525,DOES_NOT_CLEAR_PURCHASE_THRESHOLDS,WATCHLIST,False,0,CALIBRATED,INSUFFICIENT_REALIZED_VALIDATION,,True,36.458333
MTG-CANON-TCGPLAYER-257563,257563,Kamigawa: Neon Dynasty - Collector Booster Display,553.13,30,TIER_3,39.6875,RANKING_ELIGIBLE_WITH_LIMITATIONS,5.0,45.833333,33.333333,39.583333,45.833333,29.166667,50.0,75.0,7.0,0.0,0.33580157467503136,0.7696374161589501,0.2535,0.0063,0.0563,0.6034439968904235,400_TO_600,596.13,655.74,-0.072128,738.871925,655.740035,920.045031,DOES_NOT_CLEAR_PURCHASE_THRESHOLDS,WATCHLIST,False,0,CALIBRATED,INSUFFICIENT_REALIZED_VALIDATION,,True,44.6875
MTG-CANON-TCGPLAYER-264767,264767,Streets of New Capenna - Collector Booster Display,277.37,26,TIER_3,45.729167,RANKING_ELIGIBLE_WITH_LIMITATIONS,5.0,47.916667,79.166667,22.916667,41.666667,22.916667,68.75,89.583333,11.0,0.0,0.3075292281068609,0.7159458629267765,0.1239,0.0001,0.0088,0.39627613296319003,UNDER_400,303.98,334.38,-0.08754,362.669382,334.378527,422.565755,DOES_NOT_CLEAR_PURCHASE_THRESHOLDS,WATCHLIST,False,0,CALIBRATED,INSUFFICIENT_REALIZED_VALIDATION,,True,50.729167
MTG-CANON-TCGPLAYER-267023,267023,Commander Legends: Battle for Baldur's Gate - Collector Booster Display,594.35,4,TIER_1,73.125,RANKING_ELIGIBLE_WITH_LIMITATIONS,5.0,50.0,97.916667,93.75,93.75,95.833333,18.75,47.916667,3.0,0.0,0.6314268949272313,2.528696389332884,0.6836,0.1253,0.0007,0.7272840615798772,400_TO_600,786.58,865.23,-0.244384,969.638575,865.234689,1218.569506,TOP_TIER_SCORE_DOWNSIDE_AND_P25_ENTRY_MARGIN,STRONG_PURCHASE_CANDIDATE,True,1,CALIBRATED,INSUFFICIENT_REALIZED_VALIDATION,,True,78.125
MTG-CANON-TCGPLAYER-271509,271509,Double Masters 2022 - Collector Booster Display,437.78,32,TIER_3,38.333333,RANKING_ELIGIBLE_WITH_LIMITATIONS,5.0,52.083333,50.0,12.5,33.333333,33.333333,66.666667,87.5,10.0,0.0,0.2915220544565764,0.7739469368175798,0.1103,0.0,0.022,0.4171578030060762,400_TO_600,471.0,518.1,-0.070526,565.402525,518.097359,661.90624,DOES_NOT_CLEAR_PURCHASE_THRESHOLDS,WATCHLIST,False,0,CALIBRATED,INSUFFICIENT_REALIZED_VALIDATION,,True,43.333333
MTG-CANON-TCGPLAYER-275406,275406,Unfinity - Collector Booster Display,360.28,29,TIER_3,39.895833,RANKING_ELIGIBLE_WITH_LIMITATIONS,5.0,54.166667,29.166667,47.916667,43.75,35.416667,70.833333,41.666667,12.0,0.0,0.3319703064283337,0.7785081381147996,0.2967,0.0364,0.0911,0.7707616381703118,UNDER_400,375.82,413.41,-0.041362,479.882262,413.407396,642.246867,DOES_NOT_CLEAR_PURCHASE_THRESHOLDS,WATCHLIST,False,0,CALIBRATED,INSUFFICIENT_REALIZED_VALIDATION,,True,44.895833
MTG-CANON-TCGPLAYER-275412,275412,Dominaria United - Collector Booster Display,350.35,28,TIER_3,42.708333,RANKING_ELIGIBLE_WITH_LIMITATIONS,5.0,56.25,62.5,20.833333,35.416667,31.25,72.916667,85.416667,13.0,0.0,0.2936513629227915,0.7721170657913514,0.123,0.0001,0.0187,0.4191060682174967,UNDER_400,378.24,416.07,-0.073744,453.230755,416.067366,533.586867,DOES_NOT_CLEAR_PURCHASE_THRESHOLDS,WATCHLIST,False,0,CALIBRATED,INSUFFICIENT_REALIZED_VALIDATION,,True,47.708333
MTG-CANON-TCGPLAYER-282224,282224,The Brothers' War - Collector Booster Display,742.23,19,TIER_2,53.645833,RANKING_ELIGIBLE_WITH_LIMITATIONS,5.0,58.333333,72.916667,50.0,52.083333,54.166667,60.416667,72.916667,9.0,0.0,0.4054928957331285,1.2300332417175266,0.3509,0.02,0.0144,0.6119432601754171,600_TO_1000,848.65,933.51,-0.125397,1043.198992,933.512493,1300.069433,DOES_NOT_CLEAR_PURCHASE_THRESHOLDS,WATCHLIST,False,0,CALIBRATED,INSUFFICIENT_REALIZED_VALIDATION,,True,58.645833
MTG-CANON-TCGPLAYER-449559,449559,Dominaria Remastered - Collector Booster Display,532.31,5,TIER_1,70.9375,RANKING_ELIGIBLE_WITH_LIMITATIONS,5.0,60.416667,91.666667,81.25,83.333333,83.333333,37.5,68.75,6.0,0.0,0.478953250925213,1.791108014127107,0.4681,0.0409,0.0047,0.6302720801788433,400_TO_600,640.93,705.02,-0.169472,787.261605,705.022402,978.772002,TOP_TIER_SCORE_DOWNSIDE_AND_P25_ENTRY_MARGIN,STRONG_PURCHASE_CANDIDATE,True,1,CALIBRATED,INSUFFICIENT_REALIZED_VALIDATION,,True,75.9375
MTG-CANON-TCGPLAYER-451880,451880,Phyrexia: All Will Be One - Collector Booster Display,951.79,20,TIER_2,52.708333,RANKING_ELIGIBLE_WITH_LIMITATIONS,5.0,62.5,64.583333,64.583333,62.5,64.583333,10.416667,58.333333,1.0,0.0,0.4429567856354868,1.3802121255739186,0.4202,0.0478,0.0187,0.7023660250685552,600_TO_1000,1102.36,1212.6,-0.136592,1373.391839,1212.600106,1761.673547,DOES_NOT_CLEAR_PURCHASE_THRESHOLDS,WATCHLIST,False,0,CALIBRATED,INSUFFICIENT_REALIZED_VALIDATION,,True,57.708333
MTG-CANON-TCGPLAYER-475584,475584,March of the Machine - Collector Booster Display,797.74,16,TIER_2,56.25,RANKING_ELIGIBLE_WITH_LIMITATIONS,5.0,64.583333,60.416667,68.75,66.666667,70.833333,27.083333,56.25,5.0,0.0,0.4465168049740518,1.4106682427858699,0.4288,0.0476,0.019,0.7063050580389602,600_TO_1000,926.15,1018.76,-0.138647,1153.944316,1018.762504,1478.584734,DOES_NOT_CLEAR_PURCHASE_THRESHOLDS,WATCHLIST,False,0,CALIBRATED,INSUFFICIENT_REALIZED_VALIDATION,,True,61.25
MTG-CANON-TCGPLAYER-484912,484912,Universes Beyond: The Lord of the Rings: Tales of Middle-earth - Collector Booster Display,2030.03,3,TIER_1,73.4375,RANKING_ELIGIBLE_WITH_LIMITATIONS,5.0,66.666667,95.833333,97.916667,97.916667,100.0,29.166667,4.166667,5.0,0.0,0.7276417545553515,2.7510885129776406,0.7426,0.2524,0.002,0.9983293852800205,OVER_1000,2749.65,3024.61,-0.261713,3507.164591,3024.612188,4702.985466,TOP_TIER_SCORE_DOWNSIDE_AND_P25_ENTRY_MARGIN,STRONG_PURCHASE_CANDIDATE,True,1,CALIBRATED,INSUFFICIENT_REALIZED_VALIDATION,,True,78.4375
MTG-CANON-TCGPLAYER-484929,484929,Commander Masters - Collector Booster Box,506.55,15,TIER_2,57.1875,RANKING_ELIGIBLE_WITH_LIMITATIONS,5.0,68.75,77.083333,54.166667,60.416667,52.083333,52.083333,70.833333,7.0,0.0,0.4334422090612968,1.2221070022702598,0.3944,0.0228,0.0117,0.6124592893100386,400_TO_600,590.94,650.03,-0.142807,726.110151,650.034504,898.11623,DOES_NOT_CLEAR_PURCHASE_THRESHOLDS,WATCHLIST,False,0,CALIBRATED,INSUFFICIENT_REALIZED_VALIDATION,,True,62.1875
MTG-CANON-TCGPLAYER-489207,489207,March of the Machine: The Aftermath - Collector Booster Display,249.05,22,TIER_2,51.5625,RANKING_ELIGIBLE_WITH_LIMITATIONS,5.0,70.833333,52.083333,66.666667,64.583333,68.75,0.0,54.166667,0.0,0.0,0.4455088215217826,1.4022880706685403,0.4226,0.0452,0.021,0.7073911624171852,UNDER_400,288.44,317.29,-0.13657,360.003972,317.286849,459.952717,DOES_NOT_CLEAR_PURCHASE_THRESHOLDS,WATCHLIST,False,0,CALIBRATED,INSUFFICIENT_REALIZED_VALIDATION,,True,56.5625
MTG-CANON-TCGPLAYER-496041,496041,Wilds of Eldraine - Collector Booster Display,908.51,2,TIER_1,75.729167,RANKING_ELIGIBLE_WITH_LIMITATIONS,5.0,72.916667,81.25,100.0,100.0,97.916667,62.5,2.083333,9.0,0.0,0.7868614016356452,2.6085176475768015,0.7567,0.3434,0.0085,1.2589625518706455,600_TO_1000,1245.34,1369.87,-0.270472,1623.381452,1369.873934,2318.808499,TOP_TIER_SCORE_DOWNSIDE_AND_P25_ENTRY_MARGIN,STRONG_PURCHASE_CANDIDATE,True,1,CALIBRATED,INSUFFICIENT_REALIZED_VALIDATION,,True,80.729167
MTG-CANON-TCGPLAYER-496076,496076,Universes Beyond: Doctor Who - Collector Booster Display,638.08,12,TIER_2,59.6875,RANKING_ELIGIBLE_WITH_LIMITATIONS,5.0,75.0,68.75,70.833333,75.0,60.416667,12.5,64.583333,2.0,0.0,0.4604096320210631,1.3025488434052157,0.4418,0.0428,0.0162,0.6822889512286862,600_TO_1000,747.46,822.21,-0.146341,931.858178,822.211007,1175.66424,RANK_SCORE_DOWNSIDE_AND_P25_ENTRY_CLEAR,PURCHASE_CANDIDATE,True,1,CALIBRATED,INSUFFICIENT_REALIZED_VALIDATION,,True,64.6875
MTG-CANON-TCGPLAYER-515906,515906,The Lord of the Rings: Tales of Middle-earth - Special Edition Collector Booster Display,5828.6,,,,,,,,,,,,,,,,,,,,,,,,,,,,,,,,,,,,
MTG-CANON-TCGPLAYER-516614,516614,The Lost Caverns of Ixalan - Collector Booster Display,1002.68,11,TIER_2,60.104167,RANKING_ELIGIBLE_WITH_LIMITATIONS,5.0,77.083333,54.166667,77.083333,81.25,79.166667,2.083333,52.083333,0.0,0.0,0.46921873080145216,1.4663312033749554,0.4566,0.0552,0.0202,0.7180168189252802,OVER_1000,1180.73,1298.8,-0.150798,1473.156237,1298.804896,1878.945366,RANK_SCORE_DOWNSIDE_AND_P25_ENTRY_CLEAR,PURCHASE_CANDIDATE,True,1,CALIBRATED,INSUFFICIENT_REALIZED_VALIDATION,,True,65.104167
MTG-CANON-TCGPLAYER-517708,517708,Ravnica Remastered - Collector Booster Display,974.18,9,TIER_1,63.854167,RANKING_ELIGIBLE_WITH_LIMITATIONS,5.0,79.166667,66.666667,72.916667,79.166667,81.25,31.25,50.0,5.0,0.0,0.46430069186392653,1.4784340902092015,0.4502,0.0526,0.0169,0.722594568765526,600_TO_1000,1142.32,1256.55,-0.147191,1426.492448,1256.550622,1828.829705,RANK_SCORE_DOWNSIDE_AND_P25_ENTRY_CLEAR,PURCHASE_CANDIDATE,True,1,CALIBRATED,INSUFFICIENT_REALIZED_VALIDATION,,True,68.854167
MTG-CANON-TCGPLAYER-523185,523185,Universes Beyond: Fallout - Collector Booster Display,1760.06,7,TIER_1,68.125,RANKING_ELIGIBLE_WITH_LIMITATIONS,5.0,81.25,70.833333,91.666667,91.666667,89.583333,33.333333,8.333333,5.0,0.0,0.5723895912639343,1.9460093593400227,0.5823,0.1436,0.0153,0.9038437053282274,OVER_1000,2167.19,2383.91,-0.18786,2767.500024,2383.905407,3696.768904,TOP_TIER_SCORE_DOWNSIDE_AND_P25_ENTRY_MARGIN,STRONG_PURCHASE_CANDIDATE,True,1,CALIBRATED,INSUFFICIENT_REALIZED_VALIDATION,,True,73.125
MTG-CANON-TCGPLAYER-529968,529968,Murders at Karlov Manor - Collector Booster Display,379.9,21,TIER_2,52.395833,RANKING_ELIGIBLE_WITH_LIMITATIONS,5.0,83.333333,47.916667,58.333333,56.25,62.5,54.166667,45.833333,7.0,0.0,0.42492471176625424,1.3296907186101605,0.3945,0.043,0.0324,0.7281253829955251,UNDER_400,430.7,473.78,-0.117958,541.328898,473.77549,698.766402,DOES_NOT_CLEAR_PURCHASE_THRESHOLDS,WATCHLIST,False,0,CALIBRATED,INSUFFICIENT_REALIZED_VALIDATION,,True,57.395833
MTG-CANON-TCGPLAYER-541090,541090,Outlaws of Thunder Junction - Collector Booster Display,429.6,24,TIER_2,48.645833,RANKING_ELIGIBLE_WITH_LIMITATIONS,5.0,85.416667,41.666667,60.416667,54.166667,56.25,39.583333,39.583333,6.0,0.0,0.42091869878957167,1.2893013477653632,0.4012,0.0593,0.043,0.788382122905028,400_TO_600,478.87,526.76,-0.102892,610.426673,526.759436,805.591268,DOES_NOT_CLEAR_PURCHASE_THRESHOLDS,WATCHLIST,False,0,CALIBRATED,INSUFFICIENT_REALIZED_VALIDATION,,True,53.645833
MTG-CANON-TCGPLAYER-541179,541179,Modern Horizons 3 - Collector Booster Display,819.01,25,TIER_2,47.1875,RANKING_ELIGIBLE_WITH_LIMITATIONS,5.0,87.5,35.416667,62.5,58.333333,58.333333,20.833333,33.333333,3.0,0.0,0.4272267750088521,1.290740779721859,0.4075,0.0623,0.0458,0.8083331400105006,600_TO_1000,919.41,1011.35,-0.109201,1168.913001,1011.352093,1550.570846,DOES_NOT_CLEAR_PURCHASE_THRESHOLDS,WATCHLIST,False,0,CALIBRATED,INSUFFICIENT_REALIZED_VALIDATION,,True,52.1875
MTG-CANON-TCGPLAYER-541225,541225,Universes Beyond: Assassin's Creed - Collector Booster Display,535.82,33,TIER_3,37.083333,RANKING_ELIGIBLE_WITH_LIMITATIONS,5.0,89.583333,27.083333,52.083333,50.0,47.916667,4.166667,10.416667,0.0,0.0,0.3707285991564331,1.0324622522488895,0.3529,0.0644,0.1042,0.8869961628905227,400_TO_600,563.75,620.13,-0.049547,734.463798,620.127477,1008.476335,DOES_NOT_CLEAR_PURCHASE_THRESHOLDS,WATCHLIST,False,0,CALIBRATED,INSUFFICIENT_REALIZED_VALIDATION,,True,42.083333
MTG-CANON-TCGPLAYER-541238,541238,Bloomburrow - Collector Booster Display,1069.11,17,TIER_2,54.895833,RANKING_ELIGIBLE_WITH_LIMITATIONS,5.0,91.666667,43.75,75.0,68.75,75.0,22.916667,25.0,3.0,0.0,0.4516744357456204,1.427697825293936,0.4445,0.0813,0.0424,0.8542575759276408,OVER_1000,1218.61,1340.47,-0.122683,1551.999656,1340.473714,2085.155689,DOES_NOT_CLEAR_PURCHASE_THRESHOLDS,WATCHLIST,False,0,CALIBRATED,INSUFFICIENT_REALIZED_VALIDATION,,True,59.895833
MTG-CANON-TCGPLAYER-557244,557244,Duskmourn: House of Horror - Collector Booster Display,688.02,13,TIER_2,59.166667,RANKING_ELIGIBLE_WITH_LIMITATIONS,5.0,93.75,37.5,83.333333,77.083333,72.916667,41.666667,20.833333,6.0,0.0,0.46083821109851475,1.4164027470131684,0.4529,0.0875,0.0454,0.862884869625883,600_TO_1000,782.56,860.81,-0.120803,1005.085906,860.810742,1346.923927,RANK_SCORE_DOWNSIDE_AND_P25_ENTRY_CLEAR,PURCHASE_CANDIDATE,True,1,CALIBRATED,INSUFFICIENT_REALIZED_VALIDATION,,True,64.166667
MTG-CANON-TCGPLAYER-562122,562122,Magic: The Gathering Foundations - Collector Booster Display,804.27,10,TIER_1,60.208333,RANKING_ELIGIBLE_WITH_LIMITATIONS,5.0,95.833333,45.833333,79.166667,70.833333,77.083333,56.25,22.916667,7.0,0.0,0.4553570703868104,1.4481765874644088,0.4485,0.085,0.0419,0.8626737637857934,600_TO_1000,916.55,1008.2,-0.122503,1170.500031,1008.204617,1575.30572,RANK_SCORE_DOWNSIDE_AND_P25_ENTRY_CLEAR,PURCHASE_CANDIDATE,True,1,CALIBRATED,INSUFFICIENT_REALIZED_VALIDATION,,True,65.208333
MTG-CANON-TCGPLAYER-594681,594681,Innistrad Remastered - Collector Booster Display,455.81,39,TIER_3,24.895833,RANKING_ELIGIBLE_WITH_LIMITATIONS,5.0,97.916667,14.583333,8.333333,6.25,6.25,64.583333,77.083333,9.0,0.0,0.16568241811281004,0.380315602992475,0.08,0.0012,0.193,0.5409052061165835,400_TO_600,427.66,470.42,0.065827,531.329703,470.424561,670.156895,DOES_NOT_CLEAR_PURCHASE_THRESHOLDS,WATCHLIST,False,0,CALIBRATED,INSUFFICIENT_REALIZED_VALIDATION,,True,29.895833
MTG-CANON-TCGPLAYER-604253,604253,Aetherdrift - Collector Booster Display,308.89,42,TIER_3,21.979167,RANKING_ELIGIBLE_WITH_LIMITATIONS,5.0,100.0,2.083333,16.666667,2.083333,4.166667,87.5,43.75,22.0,0.0,0.11974744407394211,0.11958496875910529,0.115,0.0082,0.3314,0.7318151154132538,UNDER_400,262.68,288.95,0.175924,345.878788,288.946422,471.271078,DOES_NOT_CLEAR_PURCHASE_THRESHOLDS,WATCHLIST,False,0,CALIBRATED,INSUFFICIENT_REALIZED_VALIDATION,,True,26.979167
MTG-CANON-TCGPLAYER-618893,618893,FINAL FANTASY - Collector Booster Display,1773.26,14,TIER_2,58.125,RANKING_ELIGIBLE_WITH_LIMITATIONS,5.0,16.666667,22.916667,89.583333,87.5,87.5,95.833333,0.0,42.0,0.0,0.48247418201504577,1.8282493621916696,0.4879,0.2094,0.1215,1.4322812165164724,OVER_1000,1894.4,2083.84,-0.063948,2628.812168,2083.843887,4249.131403,DOES_NOT_CLEAR_PURCHASE_THRESHOLDS,WATCHLIST,False,0,CALIBRATED_WITH_LIMITATIONS,INSUFFICIENT_REALIZED_VALIDATION,,True,63.125
MTG-CANON-TCGPLAYER-619649,619649,Tarkir: Dragonstorm - Collector Booster Display,485.22,18,TIER_2,54.0625,RANKING_ELIGIBLE_WITH_LIMITATIONS,10.0,18.75,39.583333,87.5,85.416667,93.75,75.0,6.25,14.0,0.0,0.47897969786900774,2.1501863093029963,0.4751,0.1187,0.0431,0.9603845307283292,400_TO_600,555.24,610.76,-0.126101,717.630529,610.759362,997.627129,DOES_NOT_CLEAR_PURCHASE_THRESHOLDS,WATCHLIST,False,0,CALIBRATED_WITH_LIMITATIONS,INSUFFICIENT_REALIZED_VALIDATION,SUPPORTING_HORIZON_REVIEW_OPEN,True,64.0625
MTG-CANON-TCGPLAYER-619672,619672,Edge of Eternities - Collector Booster Display,717.61,1,TIER_1,76.145833,RANKING_ELIGIBLE_WITH_LIMITATIONS,5.0,20.833333,93.75,95.833333,95.833333,91.666667,89.583333,37.5,22.0,0.0,0.6804306949457226,2.078382052925684,0.7309,0.1684,0.0023,0.7934258580566045,600_TO_1000,968.44,1065.28,-0.259002,1205.893871,1065.280195,1521.618244,TOP_TIER_SCORE_DOWNSIDE_AND_P25_ENTRY_MARGIN,STRONG_PURCHASE_CANDIDATE,True,1,CALIBRATED_WITH_LIMITATIONS,INSUFFICIENT_REALIZED_VALIDATION,,True,81.145833
MTG-CANON-TCGPLAYER-621110,621110,Marvel's Spider-Man - Collector Booster Display,385.58,47,TIER_3,9.895833,RANKING_ELIGIBLE_WITH_LIMITATIONS,5.0,22.916667,0.0,6.25,0.0,0.0,97.916667,18.75,59.0,0.0,-0.20731316717672077,-0.5207695419886924,0.0592,0.0081,0.711,0.872869474557809,UNDER_400,210.5,231.56,0.831693,305.644189,231.555145,516.961899,DOES_NOT_CLEAR_PURCHASE_THRESHOLDS,WATCHLIST,False,0,CALIBRATED_WITH_LIMITATIONS,INSUFFICIENT_REALIZED_VALIDATION,,True,14.895833
MTG-CANON-TCGPLAYER-648650,648650,Avatar: The Last Airbender - Collector Booster Display,473.82,38,TIER_3,26.666667,RANKING_ELIGIBLE_WITH_LIMITATIONS,5.0,0.0,18.75,43.75,27.083333,39.583333,85.416667,16.666667,20.0,0.0,0.28932402811194136,0.8004958317504538,0.2817,0.0453,0.1662,0.8738395825418934,400_TO_600,464.18,510.6,0.020759,610.907511,510.602172,851.234397,DOES_NOT_CLEAR_PURCHASE_THRESHOLDS,WATCHLIST,False,0,INSUFFICIENT_REALIZED_VALIDATION,INSUFFICIENT_REALIZED_VALIDATION,,True,31.666667
MTG-CANON-TCGPLAYER-656322,656322,Lorwyn Eclipsed - Collector Booster Display,419.46,45,TIER_3,16.458333,RANKING_ELIGIBLE_WITH_LIMITATIONS,5.0,2.083333,4.166667,25.0,4.166667,2.083333,91.666667,62.5,28.0,0.0,0.1574682806465455,0.0818971415629619,0.1216,0.0066,0.2644,0.6833989438802269,400_TO_600,377.12,414.83,0.11227,485.511645,414.8327,644.5273,DOES_NOT_CLEAR_PURCHASE_THRESHOLDS,WATCHLIST,False,0,INSUFFICIENT_REALIZED_VALIDATION,INSUFFICIENT_REALIZED_VALIDATION,,True,21.458333
MTG-CANON-TCGPLAYER-657852,657852,Teenage Mutant Ninja Turtles - Collector Booster Display,438.09,40,TIER_3,24.791667,RANKING_ELIGIBLE_WITH_LIMITATIONS,5.0,4.166667,16.666667,41.666667,25.0,37.5,79.166667,14.583333,15.0,0.0,0.2849289849117762,0.7900721381451301,0.2763,0.0449,0.1689,0.8765513045264671,400_TO_600,428.49,471.34,0.022407,562.914539,471.33769,787.784234,DOES_NOT_CLEAR_PURCHASE_THRESHOLDS,WATCHLIST,False,0,INSUFFICIENT_REALIZED_VALIDATION,INSUFFICIENT_REALIZED_VALIDATION,,True,29.791667
MTG-CANON-TCGPLAYER-675558,675558,Secrets of Strixhaven - Collector Booster Display,463.55,43,TIER_3,21.770833,RANKING_ELIGIBLE_WITH_LIMITATIONS,5.0,6.25,12.5,35.416667,16.666667,14.583333,93.75,31.25,35.0,0.0,0.22918746197821172,0.5229526588286053,0.2191,0.0241,0.208,0.8114619285945421,400_TO_600,436.11,479.72,0.062916,569.789848,479.722963,786.211445,DOES_NOT_CLEAR_PURCHASE_THRESHOLDS,WATCHLIST,False,0,INSUFFICIENT_REALIZED_VALIDATION,INSUFFICIENT_REALIZED_VALIDATION,,True,26.770833
MTG-CANON-TCGPLAYER-675606,675606,Marvel Super Heroes - Collector Booster Display,427.96,44,TIER_3,20.625,RANKING_ELIGIBLE_WITH_LIMITATIONS,5.0,8.333333,6.25,31.25,18.75,8.333333,100.0,27.083333,60.0,0.0,0.2307959575661278,0.48545884662117955,0.2127,0.0237,0.2189,0.8248094284512573,400_TO_600,399.52,439.48,0.071176,526.731438,439.475903,727.155958,DOES_NOT_CLEAR_PURCHASE_THRESHOLDS,WATCHLIST,False,0,INSUFFICIENT_REALIZED_VALIDATION,INSUFFICIENT_REALIZED_VALIDATION,,True,25.625
MTG-CANON-TCGPLAYER-692963,692963,The Hobbit - Collector Booster Display,795.02,48,TIER_3,1.458333,CONDITIONAL_RANKING_ELIGIBLE,15.0,10.416667,8.333333,33.333333,12.5,10.416667,14.583333,29.166667,2.0,0.0,0.22762870116475065,0.5026163052501824,0.2148,0.0248,0.2166,0.8235065822243466,600_TO_1000,743.04,817.35,0.06995,975.98937,817.348348,1349.450846,CONDITIONAL_OR_INELIGIBLE_EVIDENCE_STATUS,NOT_PURCHASE_ELIGIBLE,False,0,INSUFFICIENT_REALIZED_VALIDATION,INSUFFICIENT_REALIZED_VALIDATION,NO_REALIZED_SHORT_OR_PRIMARY_VALIDATION,False,16.458333
MTG-CANON-TCGPLAYER-692983,692983,Reality Fracture - Collector Booster Display,475.42,49,TIER_3,0.729167,CONDITIONAL_RANKING_ELIGIBLE,15.0,12.5,10.416667,29.166667,10.416667,12.5,6.25,35.416667,0.0,0.0,0.2246281035715787,0.5119819654200495,0.2096,0.0251,0.2126,0.8070531361743299,400_TO_600,446.55,491.21,0.064646,582.212693,491.207204,800.937146,CONDITIONAL_OR_INELIGIBLE_EVIDENCE_STATUS,NOT_PURCHASE_ELIGIBLE,False,0,INSUFFICIENT_REALIZED_VALIDATION,INSUFFICIENT_REALIZED_VALIDATION,NO_REALIZED_SHORT_OR_PRIMARY_VALIDATION,False,15.729167
MTG-CANON-TCGPLAYER-706142,706142,Star Trek - Collector Booster Display,701.71,46,TIER_3,12.083333,CONDITIONAL_RANKING_ELIGIBLE,15.0,14.583333,20.833333,45.833333,31.25,41.666667,8.333333,12.5,0.0,0.0,0.2909991520713684,0.8160766726995481,0.283,0.0461,0.1645,0.886713226261561,600_TO_1000,690.64,759.71,0.016026,905.907015,759.706001,1269.313916,CONDITIONAL_OR_INELIGIBLE_EVIDENCE_STATUS,NOT_PURCHASE_ELIGIBLE,False,0,INSUFFICIENT_REALIZED_VALIDATION,INSUFFICIENT_REALIZED_VALIDATION,NO_REALIZED_SHORT_OR_PRIMARY_VALIDATION,False,27.083333
