investment_product_id,approved_tcgplayer_product_id,box_name,set_name,set_type,current_price,price_source,price_data_quality,investment_score,risk_adjusted_score,expected_cagr,projection_confidence,rating,buy_signal,target_buy_price,investment_feature_score,history_confidence,momentum_score,drawdown_score,price_stability_score,snapshot_date
TCGCSV-23019-484912,484912,Universes Beyond: The Lord of the Rings: Tales of Middle-earth Collector Booster Display,Universes Beyond: The Lord of the Rings: Tales of Middle-earth,Universes Beyond,1975.23,tcgcsv,95,82.86,77.7,0.23,77.2,Accumulate,Watch,1601.52,50.5,10.0,50,55,75,2026-07-11
TCGCSV-2965-257563,257563,Kamigawa: Neon Dynasty Collector Booster Display,Kamigawa: Neon Dynasty,Standard,497.04,tcgcsv,95,78.1,73.79,0.18,76.7,Fair Value,Watch,395.23,50.5,10.0,50,55,75,2026-07-11
TCGCSV-3070-271509,271509,Double Masters 2022 Collector Booster Display,Double Masters 2022,Masters,410.8,tcgcsv,95,77.02,72.38,0.19,76.3,Fair Value,Watch,324.33,50.5,10.0,50,55,75,2026-07-11
TCGCSV-24219-618893,618893,FINAL FANTASY Collector Booster Display,FINAL FANTASY,Universes Beyond,1508.77,tcgcsv,95,76.14,69.73,0.17,63.8,Fair Value,Speculative / Wait,1176.84,50.5,10.0,50,55,75,2026-07-11
TCGCSV-2809-236348,236348,Modern Horizons 2 Collector Booster Display,Modern Horizons 2,Modern Horizons,551.86,tcgcsv,95,68.13,62.39,0.14,73.0,Speculative,Speculative / Wait,430.45,50.5,10.0,50,55,75,2026-07-11
TCGCSV-23020-484929,484929,Commander Masters Collector Booster Display,Commander Masters,Masters,490.38,tcgcsv,95,67.63,61.89,0.15,72.2,Speculative,Speculative / Wait,382.5,50.5,10.0,50,55,75,2026-07-11
TCGCSV-24245-621110,621110,Marvel's Spider-Man Collector Booster Display,Marvel's Spider-Man,Universes Beyond,367.52,tcgcsv,95,67.59,61.76,0.13,62.6,Speculative,Speculative / Wait,286.67,50.5,10.0,50,55,75,2026-07-11
TCGCSV-24553-675606,675606,Marvel Super Heroes Collector Booster Display,Marvel Super Heroes,Universes Beyond,462.46,tcgcsv,95,67.42,61.59,0.13,59.0,Speculative,Speculative / Wait,360.72,48.5,10.0,50,55,65,2026-07-11
TCGCSV-23444-541179,541179,Modern Horizons 3 Collector Booster Display,Modern Horizons 3,Modern Horizons,722.99,tcgcsv,95,67.29,61.55,0.12,68.9,Speculative,Speculative / Wait,563.93,50.5,10.0,50,55,75,2026-07-11
TCGCSV-23337-523185,523185,Universes Beyond: Fallout Collector Booster Display,Universes Beyond: Fallout,Universes Beyond,1702.12,tcgcsv,95,67.17,61.34,0.15,70.2,Speculative,Speculative / Wait,1327.65,48.5,10.0,50,55,65,2026-07-11
TCGCSV-23165-496076,496076,Universes Beyond: Doctor Who Collector Booster Display,Universes Beyond: Doctor Who,Universes Beyond,626.48,tcgcsv,95,67.02,61.19,0.15,71.8,Speculative,Speculative / Wait,488.65,48.5,10.0,50,55,65,2026-07-11
TCGCSV-23446-541225,541225,Universes Beyond: Assassin's Creed Collector Booster Display,Universes Beyond: Assassin's Creed,Universes Beyond,430.16,tcgcsv,95,66.92,61.09,0.13,68.6,Speculative,Speculative / Wait,335.52,45.5,10.0,50,55,50,2026-07-11
TCGCSV-2864-244384,244384,Innistrad: Midnight Hunt Collector Booster Display,Innistrad: Midnight Hunt,Standard,212.26,tcgcsv,95,63.73,57.99,0.1251,72.2,Speculative,Avoid,165.56,50.5,10.0,50,55,75,2026-07-11
TCGCSV-3026-264767,264767,Streets of New Capenna Collector Booster Display,Streets of New Capenna,Standard,247.41,tcgcsv,95,63.71,57.97,0.125,72.2,Speculative,Avoid,192.98,50.5,10.0,50,55,75,2026-07-11
TCGCSV-2750-228249,228249,Kaldheim Collector Booster Display,Kaldheim,Standard,313.14,tcgcsv,95,63.66,57.92,0.1247,72.2,Speculative,Avoid,244.25,50.5,10.0,50,55,75,2026-07-11
TCGCSV-2958-275406,275406,Unfinity Collector Booster Display,Unfinity,Standard,335.93,tcgcsv,95,63.64,57.9,0.1146,72.2,Speculative,Avoid,262.03,50.5,10.0,50,55,75,2026-07-11
TCGCSV-3047-267023,267023,Commander Legends: Battle for Baldur's Gate Collector Booster Display,Commander Legends: Battle for Baldur's Gate,Commander,581.65,tcgcsv,95,63.6,57.86,0.1304,72.2,Speculative,Avoid,453.69,50.5,10.0,50,55,75,2026-07-11
TCGCSV-2823-238745,238745,Adventures in the Forgotten Realms Collector Booster Display,Adventures in the Forgotten Realms,Standard,318.01,tcgcsv,95,63.59,57.85,0.1243,72.2,Speculative,Avoid,248.05,50.5,10.0,50,55,75,2026-07-11
TCGCSV-22875-475584,475584,March of the Machine Collector Booster Display,March of the Machine,Standard,769.25,tcgcsv,95,63.52,57.78,0.1149,72.2,Speculative,Avoid,600.02,50.5,10.0,50,55,75,2026-07-11
TCGCSV-23874-604253,604253,Aetherdrift Collector Booster Display,Aetherdrift,Standard,271.01,tcgcsv,95,63.49,57.75,0.1,64.8,Speculative,Avoid,211.39,50.5,10.0,50,55,75,2026-07-11
TCGCSV-2648-220423,220423,Zendikar Rising Collector Booster Display,Zendikar Rising,Standard,370.37,tcgcsv,95,63.44,57.7,0.1244,72.2,Speculative,Avoid,288.89,50.5,10.0,50,55,75,2026-07-11
TCGCSV-2862-246457,246457,Innistrad: Crimson Vow Collector Booster Display,Innistrad: Crimson Vow,Standard,248.1,tcgcsv,95,63.43,57.69,0.1249,72.2,Speculative,Avoid,193.52,48.5,10.0,50,55,65,2026-07-11
TCGCSV-3102-275412,275412,Dominaria United Collector Booster Display,Dominaria United,Standard,311.2,tcgcsv,95,63.39,57.65,0.1146,72.2,Speculative,Avoid,242.74,48.5,10.0,50,55,65,2026-07-11
TCGCSV-2708-221323,221323,Commander Legends Collector Booster Display,Commander Legends,Commander,707.48,tcgcsv,95,63.34,57.6,0.1288,72.2,Speculative,Avoid,551.83,50.5,10.0,50,55,75,2026-07-11
TCGCSV-22876-489207,489207,March of the Machine: The Aftermath Collector Booster Display,March of the Machine: The Aftermath,Standard,227.18,tcgcsv,95,63.34,57.6,0.1127,72.2,Speculative,Avoid,177.2,50.5,10.0,50,55,75,2026-07-11
TCGCSV-2773-233232,233232,Strixhaven: School of Mages Collector Booster Display,Strixhaven: School of Mages,Standard,622.76,tcgcsv,95,63.33,57.59,0.1237,72.2,Speculative,Avoid,485.75,50.5,10.0,50,55,75,2026-07-11
TCGCSV-17670-449559,449559,Dominaria Remastered Collector Booster Display,Dominaria Remastered,Standard,497.36,tcgcsv,95,63.31,57.57,0.1136,72.2,Speculative,Avoid,387.94,50.5,10.0,50,55,75,2026-07-11
TCGCSV-24232-619649,619649,Tarkir: Dragonstorm Collector Booster Display,Tarkir: Dragonstorm,Standard,463.19,tcgcsv,95,63.27,57.53,0.0997,64.1,Speculative,Avoid,361.29,50.5,10.0,50,55,75,2026-07-11
TCGCSV-23848-594681,594681,Innistrad Remastered Collector Booster Display,Innistrad Remastered,Standard,413.81,tcgcsv,95,63.26,57.52,0.0997,65.2,Speculative,Avoid,322.77,50.5,10.0,50,55,75,2026-07-11
TCGCSV-17684-451880,451880,Phyrexia: All Will Be One Collector Booster Display,Phyrexia: All Will Be One,Standard,920.02,tcgcsv,95,63.22,57.48,0.1145,72.2,Speculative,Avoid,717.62,50.5,10.0,50,55,75,2026-07-11
TCGCSV-2603-208279,208279,Ikoria: Lair of Behemoths Collector Booster Display,Ikoria: Lair of Behemoths,Standard,561.43,tcgcsv,95,63.21,57.47,0.123,72.2,Speculative,Avoid,437.92,50.5,10.0,50,55,75,2026-07-11
TCGCSV-23556-562122,562122,Foundations Collector Booster Display,Foundations,Standard,737.34,tcgcsv,95,63.19,57.45,0.0992,66.1,Speculative,Avoid,575.13,50.5,10.0,50,55,75,2026-07-11
TCGCSV-23439-541090,541090,Outlaws of Thunder Junction Collector Booster Display,Outlaws of Thunder Junction,Standard,406.91,tcgcsv,95,63.14,57.4,0.1139,68.9,Speculative,Avoid,317.39,50.5,10.0,50,55,75,2026-07-11
TCGCSV-24421-648650,648650,Avatar: The Last Airbender Collector Booster Display,Avatar: The Last Airbender,Standard,424.65,tcgcsv,95,63.11,57.37,0.0748,61.3,Speculative,Avoid,331.23,50.5,10.0,50,55,75,2026-07-11
TCGCSV-3157-282224,282224,The Brothers' War Collector Booster Display,The Brothers' War,Standard,695.22,tcgcsv,95,63.07,57.33,0.1138,72.2,Speculative,Avoid,542.27,48.5,10.0,50,55,65,2026-07-11
TCGCSV-23550-557244,557244,Duskmourn: House of Horror Collector Booster Display,Duskmourn: House of Horror,Standard,651.18,tcgcsv,95,63.06,57.32,0.0984,66.9,Speculative,Avoid,507.92,50.5,10.0,50,55,75,2026-07-11
TCGCSV-24495-657852,657852,Teenage Mutant Ninja Turtles Collector Booster Display,Teenage Mutant Ninja Turtles,Standard,431.05,tcgcsv,95,62.94,57.2,0.0499,60.1,Speculative,Avoid,336.22,50.5,10.0,50,55,75,2026-07-11
TCGCSV-23312-516614,516614,The Lost Caverns of Ixalan Collector Booster Display,The Lost Caverns of Ixalan,Standard,929.16,tcgcsv,95,62.9,57.16,0.1138,70.9,Speculative,Avoid,724.74,50.5,10.0,50,55,75,2026-07-11
TCGCSV-23447-541238,541238,Bloomburrow Collector Booster Display,Bloomburrow,Standard,980.7,tcgcsv,95,62.87,57.13,0.0987,67.7,Speculative,Avoid,764.95,50.5,10.0,50,55,75,2026-07-11
TCGCSV-24463-656322,656322,Lorwyn Eclipsed Collector Booster Display,Lorwyn Eclipsed,Standard,381.46,tcgcsv,95,62.85,57.11,0.0494,60.5,Speculative,Avoid,297.54,50.5,10.0,50,55,75,2026-07-11
TCGCSV-23319-517708,517708,Ravnica Remastered Collector Booster Display,Ravnica Remastered,Standard,867.32,tcgcsv,95,62.74,57.0,0.1129,70.1,Speculative,Avoid,676.51,50.5,10.0,50,55,75,2026-07-11
TCGCSV-23163-496041,496041,Wilds of Eldraine Collector Booster Display,Wilds of Eldraine,Standard,865.07,tcgcsv,95,62.72,56.98,0.1143,72.1,Speculative,Avoid,674.75,48.5,10.0,50,55,65,2026-07-11
TCGCSV-24684-692983,692983,Reality Fracture Collector Booster Display,Reality Fracture,Standard,478.02,tcgcsv,95,62.7,56.96,0.0462,58.5,Speculative,Avoid,372.86,50.5,10.0,50,55,75,2026-07-11
TCGCSV-23361-529968,529968,Murders at Karlov Manor Collector Booster Display,Murders at Karlov Manor,Standard,352.29,tcgcsv,95,62.68,56.94,0.1127,70.1,Speculative,Avoid,274.79,48.5,10.0,50,55,65,2026-07-11
TCGCSV-2653-214818,214818,Core Set 2021 Collector Booster Display,Core Set 2021,Standard,403.03,tcgcsv,95,62.5,56.76,0.1226,72.2,Speculative,Avoid,314.36,45.5,10.0,50,55,50,2026-07-11
TCGCSV-24601-675558,675558,Secrets of Strixhaven Collector Booster Display,Secrets of Strixhaven,Standard,478.11,tcgcsv,95,62.22,56.48,0.0494,59.3,Speculative,Avoid,372.93,45.5,10.0,50,55,50,2026-07-11
TCGCSV-24233-619672,619672,Edge of Eternities Collector Booster Display,Edge of Eternities,Standard,622.38,tcgcsv,95,62.01,56.27,0.0721,62.9,Speculative,Avoid,485.46,45.5,10.0,50,55,50,2026-07-11
TCGCSV-24683-692963,692963,The Hobbit Collector Booster Display,The Hobbit,Standard,817.32,tcgcsv,95,60.83,55.09,0.0401,58.5,Speculative,Avoid,637.51,45.5,10.0,50,55,50,2026-07-11
