"suppression_reason","Count"
"LEGACY_INTELLIGENCE_GUARDRAIL","260"
"QUALITY_EXCLUDED:NO_ACCEPTED_EVIDENCE","254"
"QUALITY_REVIEW_REQUIRED:LOW_CONFIDENCE","194"
"GOVERNED_VALUATION_UNAVAILABLE","140"
"QUALITY_REVIEW_REQUIRED:LOW_CONFIDENCE|SINGLE_OBSERVATION|WEAK_SELLER_DIVERSITY","116"
"VERY_SPARSE_OBSERVATIONS","14"
"QUALITY_REVIEW_REQUIRED:HIGH_MEDIAN_VALUE","14"
"QUALITY_REVIEW_REQUIRED:HIGH_MEDIAN_VALUE|LOW_CONFIDENCE","14"
"QUALITY_REVIEW_REQUIRED:HIGH_MEDIAN_VALUE|LOW_CONFIDENCE|SINGLE_OBSERVATION|WEAK_SELLER_DIVERSITY","12"
"CURRENT_ASKING_REFERENCE_NOT_SOLD_HISTORY","12"
"MEDIAN_LOWEST_RATIO_AT_LEAST_2;MEDIAN_LOWEST_RATIO_AT_LEAST_4","7"
"QUALITY_REVIEW_REQUIRED:HIGH_DISPERSION|LOW_CONFIDENCE|WIDE_PRICE_RANGE","6"
"MEDIAN_LOWEST_RATIO_AT_LEAST_2","4"
"SINGLE_ACCEPTED_OBSERVATION;VERY_SPARSE_OBSERVATIONS;SINGLE_SELLER_DEPENDENCE","3"
"MARKET_VALUE_ABOVE_20000;SINGLE_ACCEPTED_OBSERVATION;VERY_SPARSE_OBSERVATIONS;SINGLE_SELLER_DEPENDENCE","2"
"QUALITY_REVIEW_REQUIRED:WIDE_PRICE_RANGE","2"
"QUALITY_EXCLUDED:HIGH_DISPERSION|VERY_LOW_CONFIDENCE|WEAK_SELLER_DIVERSITY|WIDE_PRICE_RANGE","1"
"QUALITY_REVIEW_REQUIRED:LOW_CONFIDENCE|WEAK_SELLER_DIVERSITY","1"
"MARKET_VALUE_BELOW_100;PRE_2001_VALUE_BELOW_250;PRE_1997_VALUE_BELOW_500;SINGLE_ACCEPTED_OBSERVATION;VERY_SPARSE_OBSERVATIONS;SINGLE_SELLER_DEPENDENCE","1"
"PRE_1997_VALUE_BELOW_500","1"
