"product_class","suppression_reason","count"
"SECRET_LAIR","QUALITY_EXCLUDED:NO_ACCEPTED_EVIDENCE","254"
"SECRET_LAIR","LEGACY_INTELLIGENCE_GUARDRAIL","211"
"SECRET_LAIR","QUALITY_REVIEW_REQUIRED:LOW_CONFIDENCE","194"
"SECRET_LAIR","GOVERNED_VALUATION_UNAVAILABLE","136"
"SECRET_LAIR","QUALITY_REVIEW_REQUIRED:LOW_CONFIDENCE|SINGLE_OBSERVATION|WEAK_SELLER_DIVERSITY","116"
"COLLECTOR_BOOSTER_BOX","LEGACY_INTELLIGENCE_GUARDRAIL","49"
"SECRET_LAIR","QUALITY_REVIEW_REQUIRED:HIGH_MEDIAN_VALUE|LOW_CONFIDENCE","14"
"SECRET_LAIR","QUALITY_REVIEW_REQUIRED:HIGH_MEDIAN_VALUE","14"
"PRE_COLLECTOR_BOOSTER_BOX","VERY_SPARSE_OBSERVATIONS","14"
"SECRET_LAIR","QUALITY_REVIEW_REQUIRED:HIGH_MEDIAN_VALUE|LOW_CONFIDENCE|SINGLE_OBSERVATION|WEAK_SELLER_DIVERSITY","12"
"SECRET_LAIR","CURRENT_ASKING_REFERENCE_NOT_SOLD_HISTORY","12"
"PRE_COLLECTOR_BOOSTER_BOX","MEDIAN_LOWEST_RATIO_AT_LEAST_2;MEDIAN_LOWEST_RATIO_AT_LEAST_4","7"
"SECRET_LAIR","QUALITY_REVIEW_REQUIRED:HIGH_DISPERSION|LOW_CONFIDENCE|WIDE_PRICE_RANGE","6"
"PRE_COLLECTOR_BOOSTER_BOX","GOVERNED_VALUATION_UNAVAILABLE","4"
"PRE_COLLECTOR_BOOSTER_BOX","MEDIAN_LOWEST_RATIO_AT_LEAST_2","4"
"PRE_COLLECTOR_BOOSTER_BOX","SINGLE_ACCEPTED_OBSERVATION;VERY_SPARSE_OBSERVATIONS;SINGLE_SELLER_DEPENDENCE","3"
"PRE_COLLECTOR_BOOSTER_BOX","MARKET_VALUE_ABOVE_20000;SINGLE_ACCEPTED_OBSERVATION;VERY_SPARSE_OBSERVATIONS;SINGLE_SELLER_DEPENDENCE","2"
"SECRET_LAIR","QUALITY_REVIEW_REQUIRED:WIDE_PRICE_RANGE","2"
"SECRET_LAIR","QUALITY_EXCLUDED:HIGH_DISPERSION|VERY_LOW_CONFIDENCE|WEAK_SELLER_DIVERSITY|WIDE_PRICE_RANGE","1"
"PRE_COLLECTOR_BOOSTER_BOX","PRE_1997_VALUE_BELOW_500","1"
"PRE_COLLECTOR_BOOSTER_BOX","MARKET_VALUE_BELOW_100;PRE_2001_VALUE_BELOW_250;PRE_1997_VALUE_BELOW_500;SINGLE_ACCEPTED_OBSERVATION;VERY_SPARSE_OBSERVATIONS;SINGLE_SELLER_DEPENDENCE","1"
"SECRET_LAIR","QUALITY_REVIEW_REQUIRED:LOW_CONFIDENCE|WEAK_SELLER_DIVERSITY","1"
