type,path,exists,bytes,sha256
SOURCE,scripts\build_full_secret_lair_model_evaluation.py,True,14655,40914392319876d13862cbe93106ee8e7a37d330fea0e4d9b19f6b5e5a41a73e
SOURCE,scripts\build_unified_mtg_intelligence.py,True,18266,6e96791086d112e5f7b0c0a7045d0cc214c9ce3f2509e503ec4c39c4e22e5f6c
SOURCE,scripts\build_phase_10_10_universal_export.py,True,11460,c578c477ef186141b2f77b5978d0a85aa90c9d9b3cf9d53e724f5cf494940ad5
SOURCE,scripts\build_mtg_hosted_uip_delivery.py,True,17543,d7fd97a9ad496a0c441c18d14632ed107108fbbed942f667529f76385d425ff5
SOURCE,scripts\certify_phase_10_secret_lair_closeout.py,True,5193,6decbc714a090b334757c76bb52ffefce724f5af296aa9454f62aa8825027fd2
SOURCE,terminal2\portfolio\secret_lair_full_registry.py,True,20719,cda8ae19610673dc142beab238bca685a158060638b0f8f027641452d02a25e4
TEST,tests\test_full_secret_lair_model_evaluation.py,True,4732,795d4630d2a30ab8e4d2e6ca39dc727f39a24573091e2c6248cf6abe3f43c581
TEST,tests\test_phase_10_secret_lair_production_closeout.py,True,3122,718537f37c58b11d5cb6a801355ae99362bd08a92f4984360da77c36a5706a35
TEST,tests\test_unified_mtg_intelligence.py,True,2556,a7acc09348e2dee21af170df4a6ab42ff525389f210c65d7ea9ff7748e486cce
TEST,tests\test_mtg_hosted_uip_delivery.py,True,1776,58f7e76564d020a86dc3552ee9a0795efa822f4eb31c0d992ec4a5aa868cd1f9
TEST,tests\test_uip_handoff.py,True,2729,480244510f99adcdca7bd7e0a1ac7f2f9b33dafe9356d3a6ac226b492143c865
