dataset,field,semantic_class,populated_rows,numeric_rows,example_1,example_2,example_3
unified,universal_mtg_product_id,IDENTITY_OR_PRODUCT,973,0,MTG:SECRET_LAIR:SL-27F25ED44B60AC,MTG:SECRET_LAIR:SL-4AFB9096DD6221,MTG:SECRET_LAIR:SL-C83649108644FE
unified,lane,OTHER,973,0,SECRET_LAIR,,
unified,source_product_id,IDENTITY_OR_PRODUCT,973,0,SL-27F25ED44B60AC,SL-4AFB9096DD6221,SL-C83649108644FE
unified,canonical_product_name,IDENTITY_OR_PRODUCT,973,0,30th Anniversary Countdown Kit — Standard Edition,Astrology Lands (Aries) - Non-Foil Edition — Nonfoil Edition,Astrology Lands (Aries) - Traditional Foil Edition — Foil Edition
unified,product_class,IDENTITY_OR_PRODUCT,973,0,SECRET_LAIR,,
unified,admission_tier,OTHER,973,0,PROVISIONAL_MODEL,STRUCTURAL_ONLY,FULL_MODEL
unified,quality_disposition,QUALITY_OR_LIQUIDITY,973,0,REVIEW_REQUIRED,EXCLUDE_FROM_MODEL,PASS
unified,current_market_value_usd,CURRENT_OR_RANGE_VALUATION,973,973,365.97,48.95,87.44
unified,forecast_method,FORWARD_FORECAST,973,0,PROVISIONAL_OBSERVED_MIDPOINT,COMPARABLE_GROUP_MEDIAN,OBSERVED_GOVERNED_MEDIAN
unified,forecast_status,FORWARD_FORECAST,973,0,WIDE_INTERVAL_FORECAST,STRUCTURAL_RANGE_ONLY,FULL_FORECAST
unified,forecast_eligible,FORWARD_FORECAST,973,0,YES,,
unified,native_forecast_low_usd,FORWARD_FORECAST,973,973,332.93,35.0,21.86
unified,native_forecast_base_usd,FORWARD_FORECAST,973,973,365.97,48.95,87.44
unified,native_forecast_high_usd,FORWARD_FORECAST,973,973,399.0,62.89,153.02
unified,one_year_downside_usd,FORWARD_FORECAST,0,0,,,
unified,one_year_base_usd,FORWARD_FORECAST,0,0,,,
unified,one_year_upside_usd,FORWARD_FORECAST,0,0,,,
unified,three_year_downside_usd,FORWARD_FORECAST,0,0,,,
unified,three_year_base_usd,FORWARD_FORECAST,0,0,,,
unified,three_year_upside_usd,FORWARD_FORECAST,0,0,,,
unified,five_year_downside_usd,FORWARD_FORECAST,0,0,,,
unified,five_year_base_usd,FORWARD_FORECAST,0,0,,,
unified,five_year_upside_usd,FORWARD_FORECAST,0,0,,,
unified,recommendation_action,OTHER,973,0,WATCH,DATA_NEEDED,REVIEW_FOR_BUY
unified,recommendation_status,OTHER,973,0,WATCH_ONLY,DATA_NEEDED,ELIGIBLE
unified,recommendation_eligible,OTHER,973,0,NO,YES,
unified,confidence,QUALITY_OR_LIQUIDITY,973,973,49.69,45.8,15.0
unified,rationale,OTHER,0,0,,,
unified,suppression_reason,OTHER,759,0,QUALITY_REVIEW_REQUIRED:HIGH_MEDIAN_VALUE|LOW_CONFIDENCE,QUALITY_REVIEW_REQUIRED:LOW_CONFIDENCE,QUALITY_EXCLUDED:NO_ACCEPTED_EVIDENCE
unified,currency,OTHER,973,0,USD,,
uip_forecasts,asset_id,IDENTITY_OR_PRODUCT,973,0,MTG:SECRET_LAIR:SL-00DFD5FAF7A6FF,MTG:SECRET_LAIR:SL-014CB03DE34288,MTG:SECRET_LAIR:SL-0170AA960296CD
uip_forecasts,source_product_id,IDENTITY_OR_PRODUCT,973,0,SL-00DFD5FAF7A6FF,SL-014CB03DE34288,SL-0170AA960296CD
uip_forecasts,tcgplayer_product_id,IDENTITY_OR_PRODUCT,0,0,,,
uip_forecasts,forecast_eligible,FORWARD_FORECAST,973,0,YES,,
uip_forecasts,forecast_status,FORWARD_FORECAST,973,0,WIDE_INTERVAL_FORECAST,FULL_FORECAST,STRUCTURAL_RANGE_ONLY
uip_forecasts,forecast_method,FORWARD_FORECAST,973,0,PROVISIONAL_OBSERVED_MIDPOINT,OBSERVED_GOVERNED_MEDIAN,COMPARABLE_GROUP_MEDIAN
uip_forecasts,current_market_value_usd,CURRENT_OR_RANGE_VALUATION,973,973,66.5,47.5,325.0
uip_forecasts,native_forecast_low_usd,FORWARD_FORECAST,973,973,66.5,45.0,81.25
uip_forecasts,native_forecast_base_usd,FORWARD_FORECAST,973,973,66.5,47.5,325.0
uip_forecasts,native_forecast_high_usd,FORWARD_FORECAST,973,973,66.5,50.0,568.75
uip_forecasts,one_year_downside_usd,FORWARD_FORECAST,0,0,,,
uip_forecasts,one_year_base_usd,FORWARD_FORECAST,0,0,,,
uip_forecasts,one_year_upside_usd,FORWARD_FORECAST,0,0,,,
uip_forecasts,three_year_downside_usd,FORWARD_FORECAST,0,0,,,
uip_forecasts,three_year_base_usd,FORWARD_FORECAST,0,0,,,
uip_forecasts,three_year_upside_usd,FORWARD_FORECAST,0,0,,,
uip_forecasts,five_year_downside_usd,FORWARD_FORECAST,0,0,,,
uip_forecasts,five_year_base_usd,FORWARD_FORECAST,0,0,,,
uip_forecasts,five_year_upside_usd,FORWARD_FORECAST,0,0,,,
uip_forecasts,confidence,QUALITY_OR_LIQUIDITY,973,973,40.75,69.95,15.0
uip_forecasts,currency,OTHER,973,0,USD,,
uip_recommendations,asset_id,IDENTITY_OR_PRODUCT,973,0,MTG:SECRET_LAIR:SL-00DFD5FAF7A6FF,MTG:SECRET_LAIR:SL-014CB03DE34288,MTG:SECRET_LAIR:SL-0170AA960296CD
uip_recommendations,source_product_id,IDENTITY_OR_PRODUCT,973,0,SL-00DFD5FAF7A6FF,SL-014CB03DE34288,SL-0170AA960296CD
uip_recommendations,tcgplayer_product_id,IDENTITY_OR_PRODUCT,0,0,,,
uip_recommendations,recommendation_eligible,OTHER,973,0,NO,YES,
uip_recommendations,recommendation_status,OTHER,973,0,WATCH_ONLY,ELIGIBLE,DATA_NEEDED
uip_recommendations,recommendation_action,OTHER,973,0,WATCH,HOLD_OR_WATCH,DATA_NEEDED
uip_recommendations,recommendation_rationale,OTHER,0,0,,,
uip_recommendations,suppression_reason,OTHER,759,0,QUALITY_REVIEW_REQUIRED:LOW_CONFIDENCE|SINGLE_OBSERVATION|WEAK_SELLER_DIVERSITY,QUALITY_EXCLUDED:NO_ACCEPTED_EVIDENCE,QUALITY_REVIEW_REQUIRED:LOW_CONFIDENCE
uip_recommendations,confidence,QUALITY_OR_LIQUIDITY,973,973,40.75,69.95,15.0
uip_recommendations,currency,OTHER,973,0,USD,,
