product_id,in_registry,in_evaluation,in_forecast,in_recommendation,in_unified,in_uip_forecasts,in_uip_recommendations
MTG:SECRET_LAIR:SL-00DFD5FAF7A6FF,NO,NO,NO,NO,YES,YES,YES
MTG:SECRET_LAIR:SL-014CB03DE34288,NO,NO,NO,NO,YES,YES,YES
MTG:SECRET_LAIR:SL-0170AA960296CD,NO,NO,NO,NO,YES,YES,YES
MTG:SECRET_LAIR:SL-01A33A04CE8DA9,NO,NO,NO,NO,YES,YES,YES
MTG:SECRET_LAIR:SL-01DC7B8F9D05F8,NO,NO,NO,NO,YES,YES,YES
MTG:SECRET_LAIR:SL-01E98F93055799,NO,NO,NO,NO,YES,YES,YES
MTG:SECRET_LAIR:SL-01F4014DB0F8CA,NO,NO,NO,NO,YES,YES,YES
MTG:SECRET_LAIR:SL-02041401623B89,NO,NO,NO,NO,YES,YES,YES
MTG:SECRET_LAIR:SL-021B2153DBD979,NO,NO,NO,NO,YES,YES,YES
MTG:SECRET_LAIR:SL-02BF1E90F565BA,NO,NO,NO,NO,YES,YES,YES
MTG:SECRET_LAIR:SL-030C40B079BE71,NO,NO,NO,NO,YES,YES,YES
MTG:SECRET_LAIR:SL-031591793B58D2,NO,NO,NO,NO,YES,YES,YES
MTG:SECRET_LAIR:SL-035B905324063A,NO,NO,NO,NO,YES,YES,YES
MTG:SECRET_LAIR:SL-038D960C141CC9,NO,NO,NO,NO,YES,YES,YES
MTG:SECRET_LAIR:SL-0430987FB34846,NO,NO,NO,NO,YES,YES,YES
MTG:SECRET_LAIR:SL-0464E462AF6315,NO,NO,NO,NO,YES,YES,YES
MTG:SECRET_LAIR:SL-04F997D8C52528,NO,NO,NO,NO,YES,YES,YES
MTG:SECRET_LAIR:SL-0559BC4D37DF0B,NO,NO,NO,NO,YES,YES,YES
MTG:SECRET_LAIR:SL-061D727564DFFE,NO,NO,NO,NO,YES,YES,YES
MTG:SECRET_LAIR:SL-064D2E49795666,NO,NO,NO,NO,YES,YES,YES
MTG:SECRET_LAIR:SL-0695851252F6DF,NO,NO,NO,NO,YES,YES,YES
MTG:SECRET_LAIR:SL-06CAAF43297C92,NO,NO,NO,NO,YES,YES,YES
MTG:SECRET_LAIR:SL-074AA34DCCD62C,NO,NO,NO,NO,YES,YES,YES
MTG:SECRET_LAIR:SL-07E8B624A8C7D4,NO,NO,NO,NO,YES,YES,YES
MTG:SECRET_LAIR:SL-083956F35FB3E4,NO,NO,NO,NO,YES,YES,YES
MTG:SECRET_LAIR:SL-091253B94BB947,NO,NO,NO,NO,YES,YES,YES
MTG:SECRET_LAIR:SL-09332718CFEA52,NO,NO,NO,NO,YES,YES,YES
MTG:SECRET_LAIR:SL-0957EA8624A898,NO,NO,NO,NO,YES,YES,YES
MTG:SECRET_LAIR:SL-095A861D9875C3,NO,NO,NO,NO,YES,YES,YES
MTG:SECRET_LAIR:SL-09F80672292CE8,NO,NO,NO,NO,YES,YES,YES
MTG:SECRET_LAIR:SL-0A174DAC0F9024,NO,NO,NO,NO,YES,YES,YES
MTG:SECRET_LAIR:SL-0A1AF554F409DF,NO,NO,NO,NO,YES,YES,YES
MTG:SECRET_LAIR:SL-0AA8438AAB4240,NO,NO,NO,NO,YES,YES,YES
MTG:SECRET_LAIR:SL-0B3132C3EEAD64,NO,NO,NO,NO,YES,YES,YES
MTG:SECRET_LAIR:SL-0B75BFD8A38901,NO,NO,NO,NO,YES,YES,YES
MTG:SECRET_LAIR:SL-0C1E7816FD9FE9,NO,NO,NO,NO,YES,YES,YES
MTG:SECRET_LAIR:SL-0C4B6E83C3E214,NO,NO,NO,NO,YES,YES,YES
MTG:SECRET_LAIR:SL-0CEABF59829053,NO,NO,NO,NO,YES,YES,YES
MTG:SECRET_LAIR:SL-0CED568CA776CD,NO,NO,NO,NO,YES,YES,YES
MTG:SECRET_LAIR:SL-0CF3E7A9C296C3,NO,NO,NO,NO,YES,YES,YES
MTG:SECRET_LAIR:SL-0CFD9C26617BF8,NO,NO,NO,NO,YES,YES,YES
MTG:SECRET_LAIR:SL-0D7734D027859B,NO,NO,NO,NO,YES,YES,YES
MTG:SECRET_LAIR:SL-0D989A557A9D90,NO,NO,NO,NO,YES,YES,YES
MTG:SECRET_LAIR:SL-0E13518CC2D50B,NO,NO,NO,NO,YES,YES,YES
MTG:SECRET_LAIR:SL-0E630241169A8E,NO,NO,NO,NO,YES,YES,YES
MTG:SECRET_LAIR:SL-0E772D4E9A9FA4,NO,NO,NO,NO,YES,YES,YES
MTG:SECRET_LAIR:SL-0EA9F010F7F403,NO,NO,NO,NO,YES,YES,YES
MTG:SECRET_LAIR:SL-0ED724E9E0E76F,NO,NO,NO,NO,YES,YES,YES
MTG:SECRET_LAIR:SL-0EF6F56C669DFA,NO,NO,NO,NO,YES,YES,YES
MTG:SECRET_LAIR:SL-0F1DBD84485B3E,NO,NO,NO,NO,YES,YES,YES
MTG:SECRET_LAIR:SL-0F86D31256941D,NO,NO,NO,NO,YES,YES,YES
MTG:SECRET_LAIR:SL-0F8CABC723BB6B,NO,NO,NO,NO,YES,YES,YES
MTG:SECRET_LAIR:SL-0FD5F6D742E1F1,NO,NO,NO,NO,YES,YES,YES
MTG:SECRET_LAIR:SL-1051ECFDCBF5AF,NO,NO,NO,NO,YES,YES,YES
MTG:SECRET_LAIR:SL-10654C31034738,NO,NO,NO,NO,YES,YES,YES
MTG:SECRET_LAIR:SL-10F7835581923D,NO,NO,NO,NO,YES,YES,YES
MTG:SECRET_LAIR:SL-115EC34A20CEBD,NO,NO,NO,NO,YES,YES,YES
MTG:SECRET_LAIR:SL-118CC96FD450B8,NO,NO,NO,NO,YES,YES,YES
MTG:SECRET_LAIR:SL-120AAF80ADF7D7,NO,NO,NO,NO,YES,YES,YES
MTG:SECRET_LAIR:SL-122DA15C9E14A2,NO,NO,NO,NO,YES,YES,YES
MTG:SECRET_LAIR:SL-126AA07A5786BF,NO,NO,NO,NO,YES,YES,YES
MTG:SECRET_LAIR:SL-12A0108619FC9B,NO,NO,NO,NO,YES,YES,YES
MTG:SECRET_LAIR:SL-12C2591B92C35D,NO,NO,NO,NO,YES,YES,YES
MTG:SECRET_LAIR:SL-1300E73CDDA9B5,NO,NO,NO,NO,YES,YES,YES
MTG:SECRET_LAIR:SL-1304148BB94881,NO,NO,NO,NO,YES,YES,YES
MTG:SECRET_LAIR:SL-137214427FCCAA,NO,NO,NO,NO,YES,YES,YES
MTG:SECRET_LAIR:SL-13874C5D848C73,NO,NO,NO,NO,YES,YES,YES
MTG:SECRET_LAIR:SL-13A381A40449C9,NO,NO,NO,NO,YES,YES,YES
MTG:SECRET_LAIR:SL-13FAC3EF59E6AC,NO,NO,NO,NO,YES,YES,YES
MTG:SECRET_LAIR:SL-14069B556F0234,NO,NO,NO,NO,YES,YES,YES
MTG:SECRET_LAIR:SL-140EB9D3B38175,NO,NO,NO,NO,YES,YES,YES
MTG:SECRET_LAIR:SL-142966DB35DC8F,NO,NO,NO,NO,YES,YES,YES
MTG:SECRET_LAIR:SL-145E2D7DAB1056,NO,NO,NO,NO,YES,YES,YES
MTG:SECRET_LAIR:SL-14CB93A38C37A0,NO,NO,NO,NO,YES,YES,YES
MTG:SECRET_LAIR:SL-15ADFCF5094915,NO,NO,NO,NO,YES,YES,YES
MTG:SECRET_LAIR:SL-15F0BDC0F7B590,NO,NO,NO,NO,YES,YES,YES
MTG:SECRET_LAIR:SL-167399D6CD6288,NO,NO,NO,NO,YES,YES,YES
MTG:SECRET_LAIR:SL-1673F72E783176,NO,NO,NO,NO,YES,YES,YES
MTG:SECRET_LAIR:SL-1716D8997667E1,NO,NO,NO,NO,YES,YES,YES
MTG:SECRET_LAIR:SL-17405C5D45E661,NO,NO,NO,NO,YES,YES,YES
MTG:SECRET_LAIR:SL-18623F544924A7,NO,NO,NO,NO,YES,YES,YES
MTG:SECRET_LAIR:SL-189ED14E304342,NO,NO,NO,NO,YES,YES,YES
MTG:SECRET_LAIR:SL-18DF50D0713A3D,NO,NO,NO,NO,YES,YES,YES
MTG:SECRET_LAIR:SL-19307234228696,NO,NO,NO,NO,YES,YES,YES
MTG:SECRET_LAIR:SL-197CCEBB8BF2AC,NO,NO,NO,NO,YES,YES,YES
MTG:SECRET_LAIR:SL-197EC2ADF7628E,NO,NO,NO,NO,YES,YES,YES
MTG:SECRET_LAIR:SL-197F90EACBF23A,NO,NO,NO,NO,YES,YES,YES
MTG:SECRET_LAIR:SL-19B445CB21B8AA,NO,NO,NO,NO,YES,YES,YES
MTG:SECRET_LAIR:SL-1AC45BAFCC79A8,NO,NO,NO,NO,YES,YES,YES
MTG:SECRET_LAIR:SL-1B0779915A22B6,NO,NO,NO,NO,YES,YES,YES
MTG:SECRET_LAIR:SL-1B4F52C53867DC,NO,NO,NO,NO,YES,YES,YES
MTG:SECRET_LAIR:SL-1B5B0C7B7DFD8A,NO,NO,NO,NO,YES,YES,YES
MTG:SECRET_LAIR:SL-1C45E7F91C62E4,NO,NO,NO,NO,YES,YES,YES
MTG:SECRET_LAIR:SL-1CBB2CDA24A606,NO,NO,NO,NO,YES,YES,YES
MTG:SECRET_LAIR:SL-1D01680A770718,NO,NO,NO,NO,YES,YES,YES
MTG:SECRET_LAIR:SL-1D242838322B00,NO,NO,NO,NO,YES,YES,YES
MTG:SECRET_LAIR:SL-1D9FB450470C75,NO,NO,NO,NO,YES,YES,YES
MTG:SECRET_LAIR:SL-1DA21B27711D91,NO,NO,NO,NO,YES,YES,YES
MTG:SECRET_LAIR:SL-1DE33F0229DA09,NO,NO,NO,NO,YES,YES,YES
MTG:SECRET_LAIR:SL-1E11913E760B30,NO,NO,NO,NO,YES,YES,YES
MTG:SECRET_LAIR:SL-1F7D163D1ACEFB,NO,NO,NO,NO,YES,YES,YES
MTG:SECRET_LAIR:SL-1F9921A151E628,NO,NO,NO,NO,YES,YES,YES
MTG:SECRET_LAIR:SL-2007070E059EDF,NO,NO,NO,NO,YES,YES,YES
MTG:SECRET_LAIR:SL-204D6B03D36FE2,NO,NO,NO,NO,YES,YES,YES
MTG:SECRET_LAIR:SL-207EFFFEEB79A0,NO,NO,NO,NO,YES,YES,YES
MTG:SECRET_LAIR:SL-2098A235696D4F,NO,NO,NO,NO,YES,YES,YES
MTG:SECRET_LAIR:SL-20A675073DCB5D,NO,NO,NO,NO,YES,YES,YES
MTG:SECRET_LAIR:SL-20D499A470B8A5,NO,NO,NO,NO,YES,YES,YES
MTG:SECRET_LAIR:SL-20E2C89BAB6915,NO,NO,NO,NO,YES,YES,YES
MTG:SECRET_LAIR:SL-20EA4A771B3569,NO,NO,NO,NO,YES,YES,YES
MTG:SECRET_LAIR:SL-213339E791C59A,NO,NO,NO,NO,YES,YES,YES
MTG:SECRET_LAIR:SL-214ED723D3A771,NO,NO,NO,NO,YES,YES,YES
MTG:SECRET_LAIR:SL-21979E71D302E5,NO,NO,NO,NO,YES,YES,YES
MTG:SECRET_LAIR:SL-219DB149BBB690,NO,NO,NO,NO,YES,YES,YES
MTG:SECRET_LAIR:SL-22454153307BC0,NO,NO,NO,NO,YES,YES,YES
MTG:SECRET_LAIR:SL-226F557D91DE6E,NO,NO,NO,NO,YES,YES,YES
MTG:SECRET_LAIR:SL-22B841990DAC1F,NO,NO,NO,NO,YES,YES,YES
MTG:SECRET_LAIR:SL-22CD7E1A6B7A30,NO,NO,NO,NO,YES,YES,YES
MTG:SECRET_LAIR:SL-22E3600468CA16,NO,NO,NO,NO,YES,YES,YES
MTG:SECRET_LAIR:SL-2347A35CDE0CCA,NO,NO,NO,NO,YES,YES,YES
MTG:SECRET_LAIR:SL-23598BE2582FF4,NO,NO,NO,NO,YES,YES,YES
MTG:SECRET_LAIR:SL-239D6859BD1D9C,NO,NO,NO,NO,YES,YES,YES
MTG:SECRET_LAIR:SL-23E541A279A532,NO,NO,NO,NO,YES,YES,YES
MTG:SECRET_LAIR:SL-23F2295DED1E9C,NO,NO,NO,NO,YES,YES,YES
MTG:SECRET_LAIR:SL-23FA662D95286E,NO,NO,NO,NO,YES,YES,YES
MTG:SECRET_LAIR:SL-24526707F6CB2D,NO,NO,NO,NO,YES,YES,YES
MTG:SECRET_LAIR:SL-24D60CEE50EB04,NO,NO,NO,NO,YES,YES,YES
MTG:SECRET_LAIR:SL-255A0A2F4FEB20,NO,NO,NO,NO,YES,YES,YES
MTG:SECRET_LAIR:SL-2569BCFE16FD2C,NO,NO,NO,NO,YES,YES,YES
MTG:SECRET_LAIR:SL-256B2682940475,NO,NO,NO,NO,YES,YES,YES
MTG:SECRET_LAIR:SL-25FFECED0CE8DE,NO,NO,NO,NO,YES,YES,YES
MTG:SECRET_LAIR:SL-26B06B683BCA6B,NO,NO,NO,NO,YES,YES,YES
MTG:SECRET_LAIR:SL-26CE439D88A06A,NO,NO,NO,NO,YES,YES,YES
MTG:SECRET_LAIR:SL-26D338135420FD,NO,NO,NO,NO,YES,YES,YES
MTG:SECRET_LAIR:SL-26D60205AA523A,NO,NO,NO,NO,YES,YES,YES
MTG:SECRET_LAIR:SL-272CED28AF6023,NO,NO,NO,NO,YES,YES,YES
MTG:SECRET_LAIR:SL-2786878C1D8F2A,NO,NO,NO,NO,YES,YES,YES
MTG:SECRET_LAIR:SL-278D493DAEF98B,NO,NO,NO,NO,YES,YES,YES
MTG:SECRET_LAIR:SL-27BCF6F90AE7CD,NO,NO,NO,NO,YES,YES,YES
MTG:SECRET_LAIR:SL-27F25ED44B60AC,NO,NO,NO,NO,YES,YES,YES
MTG:SECRET_LAIR:SL-27F53952DEB63B,NO,NO,NO,NO,YES,YES,YES
MTG:SECRET_LAIR:SL-2825A1B58F0B24,NO,NO,NO,NO,YES,YES,YES
MTG:SECRET_LAIR:SL-284D5484C99F48,NO,NO,NO,NO,YES,YES,YES
MTG:SECRET_LAIR:SL-28E7EF25549A0F,NO,NO,NO,NO,YES,YES,YES
MTG:SECRET_LAIR:SL-290BC5AB169700,NO,NO,NO,NO,YES,YES,YES
MTG:SECRET_LAIR:SL-299EFC297156F1,NO,NO,NO,NO,YES,YES,YES
MTG:SECRET_LAIR:SL-2A0B13F359B600,NO,NO,NO,NO,YES,YES,YES
MTG:SECRET_LAIR:SL-2A2F4D4D905F89,NO,NO,NO,NO,YES,YES,YES
MTG:SECRET_LAIR:SL-2AA846FD9ACD02,NO,NO,NO,NO,YES,YES,YES
MTG:SECRET_LAIR:SL-2AC9C47B84FA46,NO,NO,NO,NO,YES,YES,YES
MTG:SECRET_LAIR:SL-2ADC84D7922A98,NO,NO,NO,NO,YES,YES,YES
MTG:SECRET_LAIR:SL-2AF8009F200134,NO,NO,NO,NO,YES,YES,YES
MTG:SECRET_LAIR:SL-2B046AC7FBA460,NO,NO,NO,NO,YES,YES,YES
MTG:SECRET_LAIR:SL-2B40642CD07C6B,NO,NO,NO,NO,YES,YES,YES
MTG:SECRET_LAIR:SL-2B55545460A82C,NO,NO,NO,NO,YES,YES,YES
MTG:SECRET_LAIR:SL-2B817FBC9624E5,NO,NO,NO,NO,YES,YES,YES
MTG:SECRET_LAIR:SL-2B9EE853724B6D,NO,NO,NO,NO,YES,YES,YES
MTG:SECRET_LAIR:SL-2BC80C4864DCB3,NO,NO,NO,NO,YES,YES,YES
MTG:SECRET_LAIR:SL-2C8BD576A51D61,NO,NO,NO,NO,YES,YES,YES
MTG:SECRET_LAIR:SL-2CC41EDDF7EBA1,NO,NO,NO,NO,YES,YES,YES
MTG:SECRET_LAIR:SL-2CFDA3F4C0066D,NO,NO,NO,NO,YES,YES,YES
MTG:SECRET_LAIR:SL-2D3CABC651E40A,NO,NO,NO,NO,YES,YES,YES
MTG:SECRET_LAIR:SL-2D3F3FFB5E9435,NO,NO,NO,NO,YES,YES,YES
MTG:SECRET_LAIR:SL-2D5B5D6DB161EE,NO,NO,NO,NO,YES,YES,YES
MTG:SECRET_LAIR:SL-2E5D3F1C55B40E,NO,NO,NO,NO,YES,YES,YES
MTG:SECRET_LAIR:SL-2E6BF27043E9BB,NO,NO,NO,NO,YES,YES,YES
MTG:SECRET_LAIR:SL-2F0C6070A19154,NO,NO,NO,NO,YES,YES,YES
MTG:SECRET_LAIR:SL-2F498E0B93A360,NO,NO,NO,NO,YES,YES,YES
MTG:SECRET_LAIR:SL-2F5BFD58A416E7,NO,NO,NO,NO,YES,YES,YES
MTG:SECRET_LAIR:SL-2FCD076205C4F4,NO,NO,NO,NO,YES,YES,YES
MTG:SECRET_LAIR:SL-2FE515EC6D482C,NO,NO,NO,NO,YES,YES,YES
MTG:SECRET_LAIR:SL-301D3C32669404,NO,NO,NO,NO,YES,YES,YES
MTG:SECRET_LAIR:SL-30B353B1E2F40A,NO,NO,NO,NO,YES,YES,YES
MTG:SECRET_LAIR:SL-30C88E4C2B3278,NO,NO,NO,NO,YES,YES,YES
MTG:SECRET_LAIR:SL-30DF537FBDFC90,NO,NO,NO,NO,YES,YES,YES
MTG:SECRET_LAIR:SL-3104ED52ED0029,NO,NO,NO,NO,YES,YES,YES
MTG:SECRET_LAIR:SL-31ABCEB49A1123,NO,NO,NO,NO,YES,YES,YES
MTG:SECRET_LAIR:SL-31EB584CE2759D,NO,NO,NO,NO,YES,YES,YES
MTG:SECRET_LAIR:SL-31EB85A6AF4F60,NO,NO,NO,NO,YES,YES,YES
MTG:SECRET_LAIR:SL-32E9767E0B3D5C,NO,NO,NO,NO,YES,YES,YES
MTG:SECRET_LAIR:SL-33DE5E031EFD3B,NO,NO,NO,NO,YES,YES,YES
MTG:SECRET_LAIR:SL-33FFFBC2DAC5E2,NO,NO,NO,NO,YES,YES,YES
MTG:SECRET_LAIR:SL-34194E4F054A23,NO,NO,NO,NO,YES,YES,YES
MTG:SECRET_LAIR:SL-34352A7A87C72D,NO,NO,NO,NO,YES,YES,YES
MTG:SECRET_LAIR:SL-347373B1ADC604,NO,NO,NO,NO,YES,YES,YES
MTG:SECRET_LAIR:SL-35D49FF298AC45,NO,NO,NO,NO,YES,YES,YES
MTG:SECRET_LAIR:SL-36280CB83AC2AF,NO,NO,NO,NO,YES,YES,YES
MTG:SECRET_LAIR:SL-364F90FA6A1775,NO,NO,NO,NO,YES,YES,YES
MTG:SECRET_LAIR:SL-366202692BF768,NO,NO,NO,NO,YES,YES,YES
MTG:SECRET_LAIR:SL-3695BA5801481E,NO,NO,NO,NO,YES,YES,YES
MTG:SECRET_LAIR:SL-369FF863EC799B,NO,NO,NO,NO,YES,YES,YES
MTG:SECRET_LAIR:SL-3734ADEE0BD3D9,NO,NO,NO,NO,YES,YES,YES
MTG:SECRET_LAIR:SL-373CCE73104F13,NO,NO,NO,NO,YES,YES,YES
MTG:SECRET_LAIR:SL-37C6B768973D2F,NO,NO,NO,NO,YES,YES,YES
MTG:SECRET_LAIR:SL-37F143176116F8,NO,NO,NO,NO,YES,YES,YES
MTG:SECRET_LAIR:SL-37F8EC322DC4FF,NO,NO,NO,NO,YES,YES,YES
MTG:SECRET_LAIR:SL-383A5390F8CB76,NO,NO,NO,NO,YES,YES,YES
MTG:SECRET_LAIR:SL-384FB17537F64E,NO,NO,NO,NO,YES,YES,YES
MTG:SECRET_LAIR:SL-3852DBF0BE0E0F,NO,NO,NO,NO,YES,YES,YES
MTG:SECRET_LAIR:SL-38870530CF4440,NO,NO,NO,NO,YES,YES,YES
MTG:SECRET_LAIR:SL-38D62E44CA4044,NO,NO,NO,NO,YES,YES,YES
MTG:SECRET_LAIR:SL-391ADFABB49A8E,NO,NO,NO,NO,YES,YES,YES
MTG:SECRET_LAIR:SL-397AD1D0B568A3,NO,NO,NO,NO,YES,YES,YES
MTG:SECRET_LAIR:SL-39B978CCE71007,NO,NO,NO,NO,YES,YES,YES
MTG:SECRET_LAIR:SL-39CDF02CD749A1,NO,NO,NO,NO,YES,YES,YES
MTG:SECRET_LAIR:SL-39F25CFE2C5A26,NO,NO,NO,NO,YES,YES,YES
MTG:SECRET_LAIR:SL-3A02BD35AC0C02,NO,NO,NO,NO,YES,YES,YES
MTG:SECRET_LAIR:SL-3A798704DD8BBD,NO,NO,NO,NO,YES,YES,YES
MTG:SECRET_LAIR:SL-3A8C34AA302232,NO,NO,NO,NO,YES,YES,YES
MTG:SECRET_LAIR:SL-3ABE230D547642,NO,NO,NO,NO,YES,YES,YES
MTG:SECRET_LAIR:SL-3AD38730FCEF33,NO,NO,NO,NO,YES,YES,YES
MTG:SECRET_LAIR:SL-3AE8E2E6E8B3B6,NO,NO,NO,NO,YES,YES,YES
MTG:SECRET_LAIR:SL-3AED22057A4FFB,NO,NO,NO,NO,YES,YES,YES
MTG:SECRET_LAIR:SL-3B1C73233CF74E,NO,NO,NO,NO,YES,YES,YES
MTG:SECRET_LAIR:SL-3BCA01B6A36AD0,NO,NO,NO,NO,YES,YES,YES
MTG:SECRET_LAIR:SL-3BF23A821ADB00,NO,NO,NO,NO,YES,YES,YES
MTG:SECRET_LAIR:SL-3BF37BD3ACB158,NO,NO,NO,NO,YES,YES,YES
MTG:SECRET_LAIR:SL-3BF8B1EFC3D63E,NO,NO,NO,NO,YES,YES,YES
MTG:SECRET_LAIR:SL-3C65FD2BF954A2,NO,NO,NO,NO,YES,YES,YES
MTG:SECRET_LAIR:SL-3C8F74D9F8C33A,NO,NO,NO,NO,YES,YES,YES
MTG:SECRET_LAIR:SL-3C90B58C213EC3,NO,NO,NO,NO,YES,YES,YES
MTG:SECRET_LAIR:SL-3CA7E30CC977F0,NO,NO,NO,NO,YES,YES,YES
MTG:SECRET_LAIR:SL-3CE747424ABD9D,NO,NO,NO,NO,YES,YES,YES
MTG:SECRET_LAIR:SL-3D0052CFE56421,NO,NO,NO,NO,YES,YES,YES
MTG:SECRET_LAIR:SL-3D01D7D0EAE8CA,NO,NO,NO,NO,YES,YES,YES
MTG:SECRET_LAIR:SL-3D16987F5EDCDC,NO,NO,NO,NO,YES,YES,YES
MTG:SECRET_LAIR:SL-3D43E1264ED817,NO,NO,NO,NO,YES,YES,YES
MTG:SECRET_LAIR:SL-3D4434A1970156,NO,NO,NO,NO,YES,YES,YES
MTG:SECRET_LAIR:SL-3D4D8B9063C0F4,NO,NO,NO,NO,YES,YES,YES
MTG:SECRET_LAIR:SL-3D98DA707A8A83,NO,NO,NO,NO,YES,YES,YES
MTG:SECRET_LAIR:SL-3EEFF77D627261,NO,NO,NO,NO,YES,YES,YES
MTG:SECRET_LAIR:SL-3EF9855B3720AF,NO,NO,NO,NO,YES,YES,YES
MTG:SECRET_LAIR:SL-3F0275C619056A,NO,NO,NO,NO,YES,YES,YES
MTG:SECRET_LAIR:SL-3F1F1DB9343414,NO,NO,NO,NO,YES,YES,YES
MTG:SECRET_LAIR:SL-3F2B421DD9669F,NO,NO,NO,NO,YES,YES,YES
MTG:SECRET_LAIR:SL-3F3C86FF9BD9C8,NO,NO,NO,NO,YES,YES,YES
MTG:SECRET_LAIR:SL-3F745D24C8D183,NO,NO,NO,NO,YES,YES,YES
MTG:SECRET_LAIR:SL-4018B4444438E9,NO,NO,NO,NO,YES,YES,YES
MTG:SECRET_LAIR:SL-401C61727EE263,NO,NO,NO,NO,YES,YES,YES
MTG:SECRET_LAIR:SL-40670F87176D8C,NO,NO,NO,NO,YES,YES,YES
MTG:SECRET_LAIR:SL-40B6F9DD3A4665,NO,NO,NO,NO,YES,YES,YES
MTG:SECRET_LAIR:SL-412C261AA45A1B,NO,NO,NO,NO,YES,YES,YES
MTG:SECRET_LAIR:SL-415E40E57B3DAB,NO,NO,NO,NO,YES,YES,YES
MTG:SECRET_LAIR:SL-41A8311FB84FA5,NO,NO,NO,NO,YES,YES,YES
MTG:SECRET_LAIR:SL-41DAD3A3B372D8,NO,NO,NO,NO,YES,YES,YES
MTG:SECRET_LAIR:SL-42559D1C728178,NO,NO,NO,NO,YES,YES,YES
MTG:SECRET_LAIR:SL-4262135C124315,NO,NO,NO,NO,YES,YES,YES
MTG:SECRET_LAIR:SL-42D8B704EA16D9,NO,NO,NO,NO,YES,YES,YES
MTG:SECRET_LAIR:SL-43286263D6D2C4,NO,NO,NO,NO,YES,YES,YES
MTG:SECRET_LAIR:SL-43659890F8CF5B,NO,NO,NO,NO,YES,YES,YES
MTG:SECRET_LAIR:SL-43DBFB9B561C4B,NO,NO,NO,NO,YES,YES,YES
MTG:SECRET_LAIR:SL-4445D560A16695,NO,NO,NO,NO,YES,YES,YES
MTG:SECRET_LAIR:SL-44C1A8804ED001,NO,NO,NO,NO,YES,YES,YES
MTG:SECRET_LAIR:SL-452614AF0A815A,NO,NO,NO,NO,YES,YES,YES
MTG:SECRET_LAIR:SL-4538C3C87DD66E,NO,NO,NO,NO,YES,YES,YES
MTG:SECRET_LAIR:SL-45AC0450672011,NO,NO,NO,NO,YES,YES,YES
MTG:SECRET_LAIR:SL-45AD439AB34854,NO,NO,NO,NO,YES,YES,YES
MTG:SECRET_LAIR:SL-4608D41552CD68,NO,NO,NO,NO,YES,YES,YES
MTG:SECRET_LAIR:SL-4735ED23F7A4FD,NO,NO,NO,NO,YES,YES,YES
MTG:SECRET_LAIR:SL-47609F826AE46F,NO,NO,NO,NO,YES,YES,YES
MTG:SECRET_LAIR:SL-47D0706F022868,NO,NO,NO,NO,YES,YES,YES
MTG:SECRET_LAIR:SL-47FD7A58931702,NO,NO,NO,NO,YES,YES,YES
MTG:SECRET_LAIR:SL-481026198BBC92,NO,NO,NO,NO,YES,YES,YES
MTG:SECRET_LAIR:SL-481C91DE34F288,NO,NO,NO,NO,YES,YES,YES
MTG:SECRET_LAIR:SL-485FDCB7A00AFE,NO,NO,NO,NO,YES,YES,YES
MTG:SECRET_LAIR:SL-48E2D44B0DB112,NO,NO,NO,NO,YES,YES,YES
MTG:SECRET_LAIR:SL-4A13D668591161,NO,NO,NO,NO,YES,YES,YES
MTG:SECRET_LAIR:SL-4AF8E5539A3A37,NO,NO,NO,NO,YES,YES,YES
MTG:SECRET_LAIR:SL-4AFB9096DD6221,NO,NO,NO,NO,YES,YES,YES
MTG:SECRET_LAIR:SL-4B22D43419542B,NO,NO,NO,NO,YES,YES,YES
MTG:SECRET_LAIR:SL-4B314F21B95F79,NO,NO,NO,NO,YES,YES,YES
MTG:SECRET_LAIR:SL-4BE57560047EB4,NO,NO,NO,NO,YES,YES,YES
MTG:SECRET_LAIR:SL-4BF63B64592660,NO,NO,NO,NO,YES,YES,YES
MTG:SECRET_LAIR:SL-4BF7FE45B6D5FA,NO,NO,NO,NO,YES,YES,YES
MTG:SECRET_LAIR:SL-4C044399719CB3,NO,NO,NO,NO,YES,YES,YES
MTG:SECRET_LAIR:SL-4C3509AD7E230B,NO,NO,NO,NO,YES,YES,YES
MTG:SECRET_LAIR:SL-4C4FCD42C6E4CB,NO,NO,NO,NO,YES,YES,YES
MTG:SECRET_LAIR:SL-4C6A3C65A74465,NO,NO,NO,NO,YES,YES,YES
MTG:SECRET_LAIR:SL-4D59CDC526B4A4,NO,NO,NO,NO,YES,YES,YES
MTG:SECRET_LAIR:SL-4D89F0ED51988D,NO,NO,NO,NO,YES,YES,YES
MTG:SECRET_LAIR:SL-4E0F9462AECE34,NO,NO,NO,NO,YES,YES,YES
MTG:SECRET_LAIR:SL-4E3DD31A8F10CD,NO,NO,NO,NO,YES,YES,YES
MTG:SECRET_LAIR:SL-4E446C326A35E0,NO,NO,NO,NO,YES,YES,YES
MTG:SECRET_LAIR:SL-4E4666C9C585DF,NO,NO,NO,NO,YES,YES,YES
MTG:SECRET_LAIR:SL-4F949907592453,NO,NO,NO,NO,YES,YES,YES
MTG:SECRET_LAIR:SL-500F5F97CE9D3D,NO,NO,NO,NO,YES,YES,YES
MTG:SECRET_LAIR:SL-5023185002A2AA,NO,NO,NO,NO,YES,YES,YES
MTG:SECRET_LAIR:SL-5068960BC36908,NO,NO,NO,NO,YES,YES,YES
MTG:SECRET_LAIR:SL-50C145DADB01EC,NO,NO,NO,NO,YES,YES,YES
MTG:SECRET_LAIR:SL-50E644B80B9CC1,NO,NO,NO,NO,YES,YES,YES
MTG:SECRET_LAIR:SL-50FC4B0DB8BFBC,NO,NO,NO,NO,YES,YES,YES
MTG:SECRET_LAIR:SL-514B5766ECCE6E,NO,NO,NO,NO,YES,YES,YES
MTG:SECRET_LAIR:SL-514C1D6728B156,NO,NO,NO,NO,YES,YES,YES
MTG:SECRET_LAIR:SL-51976658E5C23C,NO,NO,NO,NO,YES,YES,YES
MTG:SECRET_LAIR:SL-51F0E5266661E3,NO,NO,NO,NO,YES,YES,YES
MTG:SECRET_LAIR:SL-51F6FE2831BC59,NO,NO,NO,NO,YES,YES,YES
MTG:SECRET_LAIR:SL-52287049EB9C78,NO,NO,NO,NO,YES,YES,YES
MTG:SECRET_LAIR:SL-5255E36FDEE99C,NO,NO,NO,NO,YES,YES,YES
MTG:SECRET_LAIR:SL-52AD75C0AF1006,NO,NO,NO,NO,YES,YES,YES
MTG:SECRET_LAIR:SL-52D6DADA65F954,NO,NO,NO,NO,YES,YES,YES
MTG:SECRET_LAIR:SL-52F611E7CD122A,NO,NO,NO,NO,YES,YES,YES
MTG:SECRET_LAIR:SL-5372DCEAF5B496,NO,NO,NO,NO,YES,YES,YES
MTG:SECRET_LAIR:SL-5375C51D0AF757,NO,NO,NO,NO,YES,YES,YES
MTG:SECRET_LAIR:SL-537F7A73B4E5D7,NO,NO,NO,NO,YES,YES,YES
MTG:SECRET_LAIR:SL-539814AFE340EF,NO,NO,NO,NO,YES,YES,YES
MTG:SECRET_LAIR:SL-53DBCED4126506,NO,NO,NO,NO,YES,YES,YES
MTG:SECRET_LAIR:SL-53E99BA82486AE,NO,NO,NO,NO,YES,YES,YES
MTG:SECRET_LAIR:SL-53EFFF4AB66655,NO,NO,NO,NO,YES,YES,YES
MTG:SECRET_LAIR:SL-5460CC74A875D8,NO,NO,NO,NO,YES,YES,YES
MTG:SECRET_LAIR:SL-5468F7B9EAB454,NO,NO,NO,NO,YES,YES,YES
MTG:SECRET_LAIR:SL-54C9080526A1C2,NO,NO,NO,NO,YES,YES,YES
MTG:SECRET_LAIR:SL-54E30F9610306E,NO,NO,NO,NO,YES,YES,YES
MTG:SECRET_LAIR:SL-55E97B4006F89E,NO,NO,NO,NO,YES,YES,YES
MTG:SECRET_LAIR:SL-560F109DA33288,NO,NO,NO,NO,YES,YES,YES
MTG:SECRET_LAIR:SL-5623C86036522B,NO,NO,NO,NO,YES,YES,YES
MTG:SECRET_LAIR:SL-568C9C053EB3C5,NO,NO,NO,NO,YES,YES,YES
MTG:SECRET_LAIR:SL-56A06CCE61A990,NO,NO,NO,NO,YES,YES,YES
MTG:SECRET_LAIR:SL-57224CF33D1B18,NO,NO,NO,NO,YES,YES,YES
MTG:SECRET_LAIR:SL-57B769C050A1F6,NO,NO,NO,NO,YES,YES,YES
MTG:SECRET_LAIR:SL-585CACD9E76000,NO,NO,NO,NO,YES,YES,YES
MTG:SECRET_LAIR:SL-5866DDA4AFF1E6,NO,NO,NO,NO,YES,YES,YES
MTG:SECRET_LAIR:SL-5870A36D552768,NO,NO,NO,NO,YES,YES,YES
MTG:SECRET_LAIR:SL-58CA1F11EE3BE3,NO,NO,NO,NO,YES,YES,YES
MTG:SECRET_LAIR:SL-5933AE80C184BC,NO,NO,NO,NO,YES,YES,YES
MTG:SECRET_LAIR:SL-59E7F564794C20,NO,NO,NO,NO,YES,YES,YES
MTG:SECRET_LAIR:SL-5A1F788DAA7722,NO,NO,NO,NO,YES,YES,YES
MTG:SECRET_LAIR:SL-5A4A678A238B50,NO,NO,NO,NO,YES,YES,YES
MTG:SECRET_LAIR:SL-5A6AE8606BA087,NO,NO,NO,NO,YES,YES,YES
MTG:SECRET_LAIR:SL-5B3A6F59394F77,NO,NO,NO,NO,YES,YES,YES
MTG:SECRET_LAIR:SL-5B5B32122CDD63,NO,NO,NO,NO,YES,YES,YES
MTG:SECRET_LAIR:SL-5B6759715093DA,NO,NO,NO,NO,YES,YES,YES
MTG:SECRET_LAIR:SL-5C3F30C12BEBAB,NO,NO,NO,NO,YES,YES,YES
MTG:SECRET_LAIR:SL-5C5578252D2926,NO,NO,NO,NO,YES,YES,YES
MTG:SECRET_LAIR:SL-5C83F0908286AA,NO,NO,NO,NO,YES,YES,YES
MTG:SECRET_LAIR:SL-5CD1718708F7CF,NO,NO,NO,NO,YES,YES,YES
MTG:SECRET_LAIR:SL-5D627AA081FA6B,NO,NO,NO,NO,YES,YES,YES
MTG:SECRET_LAIR:SL-5DCBAF53678E9A,NO,NO,NO,NO,YES,YES,YES
MTG:SECRET_LAIR:SL-5DE687263E31C2,NO,NO,NO,NO,YES,YES,YES
MTG:SECRET_LAIR:SL-5DFBCE0AB83C38,NO,NO,NO,NO,YES,YES,YES
MTG:SECRET_LAIR:SL-5E385BCEB8C1D3,NO,NO,NO,NO,YES,YES,YES
MTG:SECRET_LAIR:SL-5E88158210994E,NO,NO,NO,NO,YES,YES,YES
MTG:SECRET_LAIR:SL-5EF93AB87CC7BC,NO,NO,NO,NO,YES,YES,YES
MTG:SECRET_LAIR:SL-5FB294356B3D9E,NO,NO,NO,NO,YES,YES,YES
MTG:SECRET_LAIR:SL-5FE7868CA1C657,NO,NO,NO,NO,YES,YES,YES
MTG:SECRET_LAIR:SL-5FF41CC2D13BA0,NO,NO,NO,NO,YES,YES,YES
MTG:SECRET_LAIR:SL-600CD704BB077D,NO,NO,NO,NO,YES,YES,YES
MTG:SECRET_LAIR:SL-60461872853DE5,NO,NO,NO,NO,YES,YES,YES
MTG:SECRET_LAIR:SL-60A40519C4C2EC,NO,NO,NO,NO,YES,YES,YES
MTG:SECRET_LAIR:SL-60B5B69D0C5853,NO,NO,NO,NO,YES,YES,YES
MTG:SECRET_LAIR:SL-60BFB1DCD1B82F,NO,NO,NO,NO,YES,YES,YES
MTG:SECRET_LAIR:SL-60FC2555A55C64,NO,NO,NO,NO,YES,YES,YES
MTG:SECRET_LAIR:SL-61289242472F60,NO,NO,NO,NO,YES,YES,YES
MTG:SECRET_LAIR:SL-61E8E5DF8B1BBE,NO,NO,NO,NO,YES,YES,YES
MTG:SECRET_LAIR:SL-61FF8037187542,NO,NO,NO,NO,YES,YES,YES
MTG:SECRET_LAIR:SL-622D7365B067D1,NO,NO,NO,NO,YES,YES,YES
MTG:SECRET_LAIR:SL-623013DF1CDC7A,NO,NO,NO,NO,YES,YES,YES
MTG:SECRET_LAIR:SL-62530032A99C72,NO,NO,NO,NO,YES,YES,YES
MTG:SECRET_LAIR:SL-6272B7E7FCCDE5,NO,NO,NO,NO,YES,YES,YES
MTG:SECRET_LAIR:SL-627854ED741646,NO,NO,NO,NO,YES,YES,YES
MTG:SECRET_LAIR:SL-62924E622370DA,NO,NO,NO,NO,YES,YES,YES
MTG:SECRET_LAIR:SL-62BFC9811DD915,NO,NO,NO,NO,YES,YES,YES
MTG:SECRET_LAIR:SL-62C80AB34D9CC5,NO,NO,NO,NO,YES,YES,YES
MTG:SECRET_LAIR:SL-63246582180433,NO,NO,NO,NO,YES,YES,YES
MTG:SECRET_LAIR:SL-63F3882ECD7C27,NO,NO,NO,NO,YES,YES,YES
MTG:SECRET_LAIR:SL-641F10B993511F,NO,NO,NO,NO,YES,YES,YES
MTG:SECRET_LAIR:SL-64570B00C96787,NO,NO,NO,NO,YES,YES,YES
MTG:SECRET_LAIR:SL-649995DEB9E53B,NO,NO,NO,NO,YES,YES,YES
MTG:SECRET_LAIR:SL-64DF5C443D393A,NO,NO,NO,NO,YES,YES,YES
MTG:SECRET_LAIR:SL-653ECA949C539E,NO,NO,NO,NO,YES,YES,YES
MTG:SECRET_LAIR:SL-65D2FBF09647F2,NO,NO,NO,NO,YES,YES,YES
MTG:SECRET_LAIR:SL-6640A3B637C825,NO,NO,NO,NO,YES,YES,YES
MTG:SECRET_LAIR:SL-66650DD69BF4D5,NO,NO,NO,NO,YES,YES,YES
MTG:SECRET_LAIR:SL-67CAEA24680CC1,NO,NO,NO,NO,YES,YES,YES
MTG:SECRET_LAIR:SL-6826C5CCC691B8,NO,NO,NO,NO,YES,YES,YES
MTG:SECRET_LAIR:SL-686E1BBEBCBFAA,NO,NO,NO,NO,YES,YES,YES
MTG:SECRET_LAIR:SL-690BF3733992EE,NO,NO,NO,NO,YES,YES,YES
MTG:SECRET_LAIR:SL-6913FBEDFDB80B,NO,NO,NO,NO,YES,YES,YES
MTG:SECRET_LAIR:SL-69852EB562DC18,NO,NO,NO,NO,YES,YES,YES
MTG:SECRET_LAIR:SL-698A08AB4D7C37,NO,NO,NO,NO,YES,YES,YES
MTG:SECRET_LAIR:SL-69FAC4782CEAD8,NO,NO,NO,NO,YES,YES,YES
MTG:SECRET_LAIR:SL-6A188AFCDB31E1,NO,NO,NO,NO,YES,YES,YES
MTG:SECRET_LAIR:SL-6A2D2E139F2254,NO,NO,NO,NO,YES,YES,YES
MTG:SECRET_LAIR:SL-6A7B01B7E9573D,NO,NO,NO,NO,YES,YES,YES
MTG:SECRET_LAIR:SL-6AF6F8F8E4C984,NO,NO,NO,NO,YES,YES,YES
MTG:SECRET_LAIR:SL-6B03C6C7C5B91D,NO,NO,NO,NO,YES,YES,YES
MTG:SECRET_LAIR:SL-6B5DCD60BA5730,NO,NO,NO,NO,YES,YES,YES
MTG:SECRET_LAIR:SL-6B6C979A6E1B4E,NO,NO,NO,NO,YES,YES,YES
MTG:SECRET_LAIR:SL-6B7BB6F2DC6CCE,NO,NO,NO,NO,YES,YES,YES
MTG:SECRET_LAIR:SL-6C10833A178EED,NO,NO,NO,NO,YES,YES,YES
MTG:SECRET_LAIR:SL-6C1B3964A65485,NO,NO,NO,NO,YES,YES,YES
MTG:SECRET_LAIR:SL-6C256345194D9E,NO,NO,NO,NO,YES,YES,YES
MTG:SECRET_LAIR:SL-6CD9F3DF876B1F,NO,NO,NO,NO,YES,YES,YES
MTG:SECRET_LAIR:SL-6CE59E51DCC615,NO,NO,NO,NO,YES,YES,YES
MTG:SECRET_LAIR:SL-6D386CB092B8F1,NO,NO,NO,NO,YES,YES,YES
MTG:SECRET_LAIR:SL-6D6C79C2652BFD,NO,NO,NO,NO,YES,YES,YES
MTG:SECRET_LAIR:SL-6DA9DA55C5623B,NO,NO,NO,NO,YES,YES,YES
MTG:SECRET_LAIR:SL-6DF016FCB60547,NO,NO,NO,NO,YES,YES,YES
MTG:SECRET_LAIR:SL-6DFA783F3B9A37,NO,NO,NO,NO,YES,YES,YES
MTG:SECRET_LAIR:SL-6E10E7A8BD8C2C,NO,NO,NO,NO,YES,YES,YES
MTG:SECRET_LAIR:SL-6E398CB1F66169,NO,NO,NO,NO,YES,YES,YES
MTG:SECRET_LAIR:SL-6E41C5BF4AA13D,NO,NO,NO,NO,YES,YES,YES
MTG:SECRET_LAIR:SL-6E54B9A2BF9CBF,NO,NO,NO,NO,YES,YES,YES
MTG:SECRET_LAIR:SL-6EB03A8FE440C8,NO,NO,NO,NO,YES,YES,YES
MTG:SECRET_LAIR:SL-6EC27A54060DFF,NO,NO,NO,NO,YES,YES,YES
MTG:SECRET_LAIR:SL-6F5DC80C66F4E7,NO,NO,NO,NO,YES,YES,YES
MTG:SECRET_LAIR:SL-6F9B1732BC4226,NO,NO,NO,NO,YES,YES,YES
MTG:SECRET_LAIR:SL-701AF6693C838C,NO,NO,NO,NO,YES,YES,YES
MTG:SECRET_LAIR:SL-70307120926003,NO,NO,NO,NO,YES,YES,YES
MTG:SECRET_LAIR:SL-711EEDF03C34FB,NO,NO,NO,NO,YES,YES,YES
MTG:SECRET_LAIR:SL-7184A0B63B1E9E,NO,NO,NO,NO,YES,YES,YES
MTG:SECRET_LAIR:SL-72472EFE8746C4,NO,NO,NO,NO,YES,YES,YES
MTG:SECRET_LAIR:SL-729124208E824A,NO,NO,NO,NO,YES,YES,YES
MTG:SECRET_LAIR:SL-72B79910F6BD16,NO,NO,NO,NO,YES,YES,YES
MTG:SECRET_LAIR:SL-72C3D4333AE81B,NO,NO,NO,NO,YES,YES,YES
MTG:SECRET_LAIR:SL-72C515905E7352,NO,NO,NO,NO,YES,YES,YES
MTG:SECRET_LAIR:SL-7321B93310E560,NO,NO,NO,NO,YES,YES,YES
MTG:SECRET_LAIR:SL-732A9E59B24774,NO,NO,NO,NO,YES,YES,YES
MTG:SECRET_LAIR:SL-73CD6FD155407F,NO,NO,NO,NO,YES,YES,YES
MTG:SECRET_LAIR:SL-73D3B01E989878,NO,NO,NO,NO,YES,YES,YES
MTG:SECRET_LAIR:SL-73D93121EB1CDB,NO,NO,NO,NO,YES,YES,YES
MTG:SECRET_LAIR:SL-74035B29B5EAA4,NO,NO,NO,NO,YES,YES,YES
MTG:SECRET_LAIR:SL-74104655C7BE3C,NO,NO,NO,NO,YES,YES,YES
MTG:SECRET_LAIR:SL-7417373ADFE528,NO,NO,NO,NO,YES,YES,YES
MTG:SECRET_LAIR:SL-747C45FB80DFBE,NO,NO,NO,NO,YES,YES,YES
MTG:SECRET_LAIR:SL-750655931E6F97,NO,NO,NO,NO,YES,YES,YES
MTG:SECRET_LAIR:SL-75579AD5DE6CB9,NO,NO,NO,NO,YES,YES,YES
MTG:SECRET_LAIR:SL-75A147DF7061C1,NO,NO,NO,NO,YES,YES,YES
MTG:SECRET_LAIR:SL-75C9DE65D2674C,NO,NO,NO,NO,YES,YES,YES
MTG:SECRET_LAIR:SL-75D2EFF8DB9AA4,NO,NO,NO,NO,YES,YES,YES
MTG:SECRET_LAIR:SL-75EB6270819FE3,NO,NO,NO,NO,YES,YES,YES
MTG:SECRET_LAIR:SL-761D477012E693,NO,NO,NO,NO,YES,YES,YES
MTG:SECRET_LAIR:SL-769EDCF494E5DB,NO,NO,NO,NO,YES,YES,YES
MTG:SECRET_LAIR:SL-76D63CDFA651CA,NO,NO,NO,NO,YES,YES,YES
MTG:SECRET_LAIR:SL-76D8B5BE432384,NO,NO,NO,NO,YES,YES,YES
MTG:SECRET_LAIR:SL-76EE3574620B68,NO,NO,NO,NO,YES,YES,YES
MTG:SECRET_LAIR:SL-7704D13F4E7F46,NO,NO,NO,NO,YES,YES,YES
MTG:SECRET_LAIR:SL-7716CAD08A2C84,NO,NO,NO,NO,YES,YES,YES
MTG:SECRET_LAIR:SL-771BBE0ADFF762,NO,NO,NO,NO,YES,YES,YES
MTG:SECRET_LAIR:SL-774E94D5987351,NO,NO,NO,NO,YES,YES,YES
MTG:SECRET_LAIR:SL-77B45F83FF98D9,NO,NO,NO,NO,YES,YES,YES
MTG:SECRET_LAIR:SL-789447B652E3B8,NO,NO,NO,NO,YES,YES,YES
MTG:SECRET_LAIR:SL-78C40B1B9F39C2,NO,NO,NO,NO,YES,YES,YES
MTG:SECRET_LAIR:SL-7993B0A0677511,NO,NO,NO,NO,YES,YES,YES
MTG:SECRET_LAIR:SL-7A106AED6BFADC,NO,NO,NO,NO,YES,YES,YES
MTG:SECRET_LAIR:SL-7A15A1811F841D,NO,NO,NO,NO,YES,YES,YES
MTG:SECRET_LAIR:SL-7A1A1484F233C2,NO,NO,NO,NO,YES,YES,YES
MTG:SECRET_LAIR:SL-7AB8CB8D6BF8A6,NO,NO,NO,NO,YES,YES,YES
MTG:SECRET_LAIR:SL-7AFCC7EB7F6678,NO,NO,NO,NO,YES,YES,YES
MTG:SECRET_LAIR:SL-7B02CD15018C5D,NO,NO,NO,NO,YES,YES,YES
MTG:SECRET_LAIR:SL-7B17A9D6C16703,NO,NO,NO,NO,YES,YES,YES
MTG:SECRET_LAIR:SL-7B48FB549C4A3E,NO,NO,NO,NO,YES,YES,YES
MTG:SECRET_LAIR:SL-7B6BF7476036E4,NO,NO,NO,NO,YES,YES,YES
MTG:SECRET_LAIR:SL-7C2B424B1C7969,NO,NO,NO,NO,YES,YES,YES
MTG:SECRET_LAIR:SL-7C656D70CEC8AA,NO,NO,NO,NO,YES,YES,YES
MTG:SECRET_LAIR:SL-7CCCC779832E62,NO,NO,NO,NO,YES,YES,YES
MTG:SECRET_LAIR:SL-7CCD4E3550ADDB,NO,NO,NO,NO,YES,YES,YES
MTG:SECRET_LAIR:SL-7CD7CFCF523E56,NO,NO,NO,NO,YES,YES,YES
MTG:SECRET_LAIR:SL-7D6A0F10ADD5A6,NO,NO,NO,NO,YES,YES,YES
MTG:SECRET_LAIR:SL-7DE930AD4A4B8C,NO,NO,NO,NO,YES,YES,YES
MTG:SECRET_LAIR:SL-7E347F44185EA2,NO,NO,NO,NO,YES,YES,YES
MTG:SECRET_LAIR:SL-7E61275FD5CC85,NO,NO,NO,NO,YES,YES,YES
MTG:SECRET_LAIR:SL-7E75AB2D5E48E1,NO,NO,NO,NO,YES,YES,YES
MTG:SECRET_LAIR:SL-7E80920E7FFF0A,NO,NO,NO,NO,YES,YES,YES
MTG:SECRET_LAIR:SL-7EA408BA13BB00,NO,NO,NO,NO,YES,YES,YES
MTG:SECRET_LAIR:SL-7EAFE139BC0BCD,NO,NO,NO,NO,YES,YES,YES
MTG:SECRET_LAIR:SL-7ECED24F562902,NO,NO,NO,NO,YES,YES,YES
MTG:SECRET_LAIR:SL-7F55A4E4C3D3D0,NO,NO,NO,NO,YES,YES,YES
MTG:SECRET_LAIR:SL-7F86F1BD66EEEB,NO,NO,NO,NO,YES,YES,YES
MTG:SECRET_LAIR:SL-7FD38092671142,NO,NO,NO,NO,YES,YES,YES
MTG:SECRET_LAIR:SL-7FF5D4693BDBF9,NO,NO,NO,NO,YES,YES,YES
MTG:SECRET_LAIR:SL-800F3A66865530,NO,NO,NO,NO,YES,YES,YES
MTG:SECRET_LAIR:SL-81870DDCED77D3,NO,NO,NO,NO,YES,YES,YES
MTG:SECRET_LAIR:SL-81FFD366420F3A,NO,NO,NO,NO,YES,YES,YES
MTG:SECRET_LAIR:SL-823B9F2127A229,NO,NO,NO,NO,YES,YES,YES
MTG:SECRET_LAIR:SL-831C7242985EC8,NO,NO,NO,NO,YES,YES,YES
MTG:SECRET_LAIR:SL-832BF55C6E27A1,NO,NO,NO,NO,YES,YES,YES
MTG:SECRET_LAIR:SL-835C4CD141949B,NO,NO,NO,NO,YES,YES,YES
MTG:SECRET_LAIR:SL-8396530F9CA30C,NO,NO,NO,NO,YES,YES,YES
MTG:SECRET_LAIR:SL-839B89840B6DBF,NO,NO,NO,NO,YES,YES,YES
MTG:SECRET_LAIR:SL-83DFC7BCCB8A6D,NO,NO,NO,NO,YES,YES,YES
MTG:SECRET_LAIR:SL-83E8E9E9BDAB7C,NO,NO,NO,NO,YES,YES,YES
MTG:SECRET_LAIR:SL-85D9B6A0A7C714,NO,NO,NO,NO,YES,YES,YES
MTG:SECRET_LAIR:SL-86693ED2B58D32,NO,NO,NO,NO,YES,YES,YES
MTG:SECRET_LAIR:SL-866F1B1463479D,NO,NO,NO,NO,YES,YES,YES
MTG:SECRET_LAIR:SL-8679F958F70268,NO,NO,NO,NO,YES,YES,YES
MTG:SECRET_LAIR:SL-867D74417C00E1,NO,NO,NO,NO,YES,YES,YES
MTG:SECRET_LAIR:SL-86A2BCC3D47BF2,NO,NO,NO,NO,YES,YES,YES
MTG:SECRET_LAIR:SL-86AA5CC0673EF5,NO,NO,NO,NO,YES,YES,YES
MTG:SECRET_LAIR:SL-86C6A385452411,NO,NO,NO,NO,YES,YES,YES
MTG:SECRET_LAIR:SL-86F0753AA66E4B,NO,NO,NO,NO,YES,YES,YES
MTG:SECRET_LAIR:SL-87225328ADBE06,NO,NO,NO,NO,YES,YES,YES
MTG:SECRET_LAIR:SL-873865C256386B,NO,NO,NO,NO,YES,YES,YES
MTG:SECRET_LAIR:SL-8741607914304D,NO,NO,NO,NO,YES,YES,YES
MTG:SECRET_LAIR:SL-876ECC963B1678,NO,NO,NO,NO,YES,YES,YES
MTG:SECRET_LAIR:SL-8789D987BBC540,NO,NO,NO,NO,YES,YES,YES
MTG:SECRET_LAIR:SL-87961062B3471E,NO,NO,NO,NO,YES,YES,YES
MTG:SECRET_LAIR:SL-879DE87D93AF4D,NO,NO,NO,NO,YES,YES,YES
MTG:SECRET_LAIR:SL-87A9F998D7BC8B,NO,NO,NO,NO,YES,YES,YES
MTG:SECRET_LAIR:SL-88061F345B7215,NO,NO,NO,NO,YES,YES,YES
MTG:SECRET_LAIR:SL-8809E95120F445,NO,NO,NO,NO,YES,YES,YES
MTG:SECRET_LAIR:SL-88141E031F2873,NO,NO,NO,NO,YES,YES,YES
MTG:SECRET_LAIR:SL-88858FD4A6CAF7,NO,NO,NO,NO,YES,YES,YES
MTG:SECRET_LAIR:SL-888F2E0C4FB9B0,NO,NO,NO,NO,YES,YES,YES
MTG:SECRET_LAIR:SL-88ECC52C2FD66F,NO,NO,NO,NO,YES,YES,YES
MTG:SECRET_LAIR:SL-89002E8BB22ACE,NO,NO,NO,NO,YES,YES,YES
MTG:SECRET_LAIR:SL-892D977231D36E,NO,NO,NO,NO,YES,YES,YES
MTG:SECRET_LAIR:SL-896468C2158E5D,NO,NO,NO,NO,YES,YES,YES
MTG:SECRET_LAIR:SL-89D18240A7624C,NO,NO,NO,NO,YES,YES,YES
MTG:SECRET_LAIR:SL-89EE2906EE10D0,NO,NO,NO,NO,YES,YES,YES
MTG:SECRET_LAIR:SL-8A15902ECB78B5,NO,NO,NO,NO,YES,YES,YES
MTG:SECRET_LAIR:SL-8A1A953119552E,NO,NO,NO,NO,YES,YES,YES
MTG:SECRET_LAIR:SL-8AAEC38BEC5FBD,NO,NO,NO,NO,YES,YES,YES
MTG:SECRET_LAIR:SL-8AF1D3A4344B55,NO,NO,NO,NO,YES,YES,YES
MTG:SECRET_LAIR:SL-8B33672F7EA3BC,NO,NO,NO,NO,YES,YES,YES
MTG:SECRET_LAIR:SL-8B470F1D9379AF,NO,NO,NO,NO,YES,YES,YES
MTG:SECRET_LAIR:SL-8BC0DEE34E59D2,NO,NO,NO,NO,YES,YES,YES
MTG:SECRET_LAIR:SL-8D1031212D3210,NO,NO,NO,NO,YES,YES,YES
MTG:SECRET_LAIR:SL-8D82D482708660,NO,NO,NO,NO,YES,YES,YES
MTG:SECRET_LAIR:SL-8DF7AA99C9F2C9,NO,NO,NO,NO,YES,YES,YES
MTG:SECRET_LAIR:SL-8DFBEA2BADBCC4,NO,NO,NO,NO,YES,YES,YES
MTG:SECRET_LAIR:SL-8E1886C829359A,NO,NO,NO,NO,YES,YES,YES
MTG:SECRET_LAIR:SL-8E83F173AEC350,NO,NO,NO,NO,YES,YES,YES
MTG:SECRET_LAIR:SL-8EBDE365E2A458,NO,NO,NO,NO,YES,YES,YES
MTG:SECRET_LAIR:SL-8F42E22C21A812,NO,NO,NO,NO,YES,YES,YES
MTG:SECRET_LAIR:SL-8F5540C2D38BA1,NO,NO,NO,NO,YES,YES,YES
MTG:SECRET_LAIR:SL-8FC5EC5CE5CF31,NO,NO,NO,NO,YES,YES,YES
MTG:SECRET_LAIR:SL-8FED6673D932CA,NO,NO,NO,NO,YES,YES,YES
MTG:SECRET_LAIR:SL-901432F718875C,NO,NO,NO,NO,YES,YES,YES
MTG:SECRET_LAIR:SL-9026C39DC2D584,NO,NO,NO,NO,YES,YES,YES
MTG:SECRET_LAIR:SL-906DC103EE0D2F,NO,NO,NO,NO,YES,YES,YES
MTG:SECRET_LAIR:SL-90725EB2DB66FA,NO,NO,NO,NO,YES,YES,YES
MTG:SECRET_LAIR:SL-908B8F97F7A4CA,NO,NO,NO,NO,YES,YES,YES
MTG:SECRET_LAIR:SL-90A9B91CE326E6,NO,NO,NO,NO,YES,YES,YES
MTG:SECRET_LAIR:SL-9179B083C2914F,NO,NO,NO,NO,YES,YES,YES
MTG:SECRET_LAIR:SL-91B8D55112E9C9,NO,NO,NO,NO,YES,YES,YES
MTG:SECRET_LAIR:SL-920AF504850AFD,NO,NO,NO,NO,YES,YES,YES
MTG:SECRET_LAIR:SL-92D9B3EFB117F4,NO,NO,NO,NO,YES,YES,YES
MTG:SECRET_LAIR:SL-934530AEA76C05,NO,NO,NO,NO,YES,YES,YES
MTG:SECRET_LAIR:SL-9354CD516531FE,NO,NO,NO,NO,YES,YES,YES
MTG:SECRET_LAIR:SL-9392A78457BB01,NO,NO,NO,NO,YES,YES,YES
MTG:SECRET_LAIR:SL-93933272405D31,NO,NO,NO,NO,YES,YES,YES
MTG:SECRET_LAIR:SL-93F3442047281C,NO,NO,NO,NO,YES,YES,YES
MTG:SECRET_LAIR:SL-945C1DB70B69C9,NO,NO,NO,NO,YES,YES,YES
MTG:SECRET_LAIR:SL-946D20169FB178,NO,NO,NO,NO,YES,YES,YES
MTG:SECRET_LAIR:SL-94AFDF17C76C12,NO,NO,NO,NO,YES,YES,YES
MTG:SECRET_LAIR:SL-94D47F07F61A0F,NO,NO,NO,NO,YES,YES,YES
MTG:SECRET_LAIR:SL-9501FA347D3861,NO,NO,NO,NO,YES,YES,YES
MTG:SECRET_LAIR:SL-950215B0A2668B,NO,NO,NO,NO,YES,YES,YES
MTG:SECRET_LAIR:SL-950A1262892ED0,NO,NO,NO,NO,YES,YES,YES
MTG:SECRET_LAIR:SL-95580EA636B3FF,NO,NO,NO,NO,YES,YES,YES
MTG:SECRET_LAIR:SL-95C045CE385254,NO,NO,NO,NO,YES,YES,YES
MTG:SECRET_LAIR:SL-95CA1F687198C8,NO,NO,NO,NO,YES,YES,YES
MTG:SECRET_LAIR:SL-95F8B6ADF74AF6,NO,NO,NO,NO,YES,YES,YES
MTG:SECRET_LAIR:SL-960978B749E8BC,NO,NO,NO,NO,YES,YES,YES
MTG:SECRET_LAIR:SL-960F8E0D48A128,NO,NO,NO,NO,YES,YES,YES
MTG:SECRET_LAIR:SL-9636BECFACB4FB,NO,NO,NO,NO,YES,YES,YES
MTG:SECRET_LAIR:SL-96BE56C157011C,NO,NO,NO,NO,YES,YES,YES
MTG:SECRET_LAIR:SL-96C67AB7F9BDE5,NO,NO,NO,NO,YES,YES,YES
MTG:SECRET_LAIR:SL-96CADB0742DD94,NO,NO,NO,NO,YES,YES,YES
MTG:SECRET_LAIR:SL-9704D4ABAC066A,NO,NO,NO,NO,YES,YES,YES
MTG:SECRET_LAIR:SL-97078E5D14EBE4,NO,NO,NO,NO,YES,YES,YES
MTG:SECRET_LAIR:SL-9717333D02A391,NO,NO,NO,NO,YES,YES,YES
MTG:SECRET_LAIR:SL-9762ED8DD0FDB9,NO,NO,NO,NO,YES,YES,YES
MTG:SECRET_LAIR:SL-97A19C3BC3A646,NO,NO,NO,NO,YES,YES,YES
MTG:SECRET_LAIR:SL-97B83ADAA797E8,NO,NO,NO,NO,YES,YES,YES
MTG:SECRET_LAIR:SL-97D4DC2FDE2271,NO,NO,NO,NO,YES,YES,YES
MTG:SECRET_LAIR:SL-97E67435FE209E,NO,NO,NO,NO,YES,YES,YES
MTG:SECRET_LAIR:SL-98B49C340237E2,NO,NO,NO,NO,YES,YES,YES
MTG:SECRET_LAIR:SL-9956C343D188B0,NO,NO,NO,NO,YES,YES,YES
MTG:SECRET_LAIR:SL-9962EA8B669B4F,NO,NO,NO,NO,YES,YES,YES
MTG:SECRET_LAIR:SL-9A20B1803ACEFF,NO,NO,NO,NO,YES,YES,YES
MTG:SECRET_LAIR:SL-9A6EF28EECF2DC,NO,NO,NO,NO,YES,YES,YES
MTG:SECRET_LAIR:SL-9A70751B3B58BD,NO,NO,NO,NO,YES,YES,YES
MTG:SECRET_LAIR:SL-9B1071444456CB,NO,NO,NO,NO,YES,YES,YES
MTG:SECRET_LAIR:SL-9B4F84E69F4CCE,NO,NO,NO,NO,YES,YES,YES
MTG:SECRET_LAIR:SL-9BC9B71A47DED5,NO,NO,NO,NO,YES,YES,YES
MTG:SECRET_LAIR:SL-9BE91DCFB8B637,NO,NO,NO,NO,YES,YES,YES
MTG:SECRET_LAIR:SL-9BF166AA8657DF,NO,NO,NO,NO,YES,YES,YES
MTG:SECRET_LAIR:SL-9CD3BAD93DA107,NO,NO,NO,NO,YES,YES,YES
MTG:SECRET_LAIR:SL-9CD93C9989F563,NO,NO,NO,NO,YES,YES,YES
MTG:SECRET_LAIR:SL-9E1C46A1207B0B,NO,NO,NO,NO,YES,YES,YES
MTG:SECRET_LAIR:SL-9E3BBD4ED8D2C6,NO,NO,NO,NO,YES,YES,YES
MTG:SECRET_LAIR:SL-9EA2580F2EEDC6,NO,NO,NO,NO,YES,YES,YES
MTG:SECRET_LAIR:SL-9EAF8671F2BE80,NO,NO,NO,NO,YES,YES,YES
MTG:SECRET_LAIR:SL-9EDDAD28E6FDFB,NO,NO,NO,NO,YES,YES,YES
MTG:SECRET_LAIR:SL-9EEE08FA6CD557,NO,NO,NO,NO,YES,YES,YES
MTG:SECRET_LAIR:SL-9EFB956D77D864,NO,NO,NO,NO,YES,YES,YES
MTG:SECRET_LAIR:SL-9F25EFE6D18364,NO,NO,NO,NO,YES,YES,YES
MTG:SECRET_LAIR:SL-9F2EA943C39F55,NO,NO,NO,NO,YES,YES,YES
MTG:SECRET_LAIR:SL-9F9E2E3B15A276,NO,NO,NO,NO,YES,YES,YES
MTG:SECRET_LAIR:SL-9FDDEAE495C5DE,NO,NO,NO,NO,YES,YES,YES
MTG:SECRET_LAIR:SL-A000A22E459D28,NO,NO,NO,NO,YES,YES,YES
MTG:SECRET_LAIR:SL-A0A3FDF7E0BD6D,NO,NO,NO,NO,YES,YES,YES
MTG:SECRET_LAIR:SL-A0CEFE66D8D941,NO,NO,NO,NO,YES,YES,YES
MTG:SECRET_LAIR:SL-A0E13DA74146D6,NO,NO,NO,NO,YES,YES,YES
MTG:SECRET_LAIR:SL-A0F468E911DF55,NO,NO,NO,NO,YES,YES,YES
MTG:SECRET_LAIR:SL-A13BDE5A40E7C6,NO,NO,NO,NO,YES,YES,YES
MTG:SECRET_LAIR:SL-A15A9EF8FFC0C3,NO,NO,NO,NO,YES,YES,YES
MTG:SECRET_LAIR:SL-A1DD82B9F45A59,NO,NO,NO,NO,YES,YES,YES
MTG:SECRET_LAIR:SL-A1F9DC4DE016E1,NO,NO,NO,NO,YES,YES,YES
MTG:SECRET_LAIR:SL-A26DEC91D98CFF,NO,NO,NO,NO,YES,YES,YES
MTG:SECRET_LAIR:SL-A2CAA7DD3627FD,NO,NO,NO,NO,YES,YES,YES
MTG:SECRET_LAIR:SL-A2E8FE14360AF9,NO,NO,NO,NO,YES,YES,YES
MTG:SECRET_LAIR:SL-A3ADDCA9165A2F,NO,NO,NO,NO,YES,YES,YES
MTG:SECRET_LAIR:SL-A4528679EBCD24,NO,NO,NO,NO,YES,YES,YES
MTG:SECRET_LAIR:SL-A461D1EB9128DC,NO,NO,NO,NO,YES,YES,YES
MTG:SECRET_LAIR:SL-A47DB53641C91B,NO,NO,NO,NO,YES,YES,YES
MTG:SECRET_LAIR:SL-A4B37777A977B9,NO,NO,NO,NO,YES,YES,YES
MTG:SECRET_LAIR:SL-A5708359BCF021,NO,NO,NO,NO,YES,YES,YES
MTG:SECRET_LAIR:SL-A57E7603094331,NO,NO,NO,NO,YES,YES,YES
MTG:SECRET_LAIR:SL-A59C9ADCD75BE0,NO,NO,NO,NO,YES,YES,YES
MTG:SECRET_LAIR:SL-A5E1293D263AF0,NO,NO,NO,NO,YES,YES,YES
MTG:SECRET_LAIR:SL-A63C3F080DE9D2,NO,NO,NO,NO,YES,YES,YES
MTG:SECRET_LAIR:SL-A6ECC7D38BF81A,NO,NO,NO,NO,YES,YES,YES
MTG:SECRET_LAIR:SL-A6FBE97D53BCE6,NO,NO,NO,NO,YES,YES,YES
MTG:SECRET_LAIR:SL-A709252A4DA96B,NO,NO,NO,NO,YES,YES,YES
MTG:SECRET_LAIR:SL-A7A995D0FE468E,NO,NO,NO,NO,YES,YES,YES
MTG:SECRET_LAIR:SL-A7E5B7F6EC8B4A,NO,NO,NO,NO,YES,YES,YES
MTG:SECRET_LAIR:SL-A7EA98C7CECF4C,NO,NO,NO,NO,YES,YES,YES
MTG:SECRET_LAIR:SL-A82A8D6CE7A54C,NO,NO,NO,NO,YES,YES,YES
MTG:SECRET_LAIR:SL-A82BC05ADED8C7,NO,NO,NO,NO,YES,YES,YES
MTG:SECRET_LAIR:SL-A82BF7D7962B00,NO,NO,NO,NO,YES,YES,YES
MTG:SECRET_LAIR:SL-A8A83DC7B06C38,NO,NO,NO,NO,YES,YES,YES
MTG:SECRET_LAIR:SL-A8B0B83EFB86DE,NO,NO,NO,NO,YES,YES,YES
MTG:SECRET_LAIR:SL-A8B11C02BE3C6B,NO,NO,NO,NO,YES,YES,YES
MTG:SECRET_LAIR:SL-A8BD8FB79427E4,NO,NO,NO,NO,YES,YES,YES
MTG:SECRET_LAIR:SL-A9B0DE6D450794,NO,NO,NO,NO,YES,YES,YES
MTG:SECRET_LAIR:SL-AA1F67E9D21D5F,NO,NO,NO,NO,YES,YES,YES
MTG:SECRET_LAIR:SL-AA2410B0C1D7D4,NO,NO,NO,NO,YES,YES,YES
MTG:SECRET_LAIR:SL-AB047EA1882C29,NO,NO,NO,NO,YES,YES,YES
MTG:SECRET_LAIR:SL-AB56800C1F600A,NO,NO,NO,NO,YES,YES,YES
MTG:SECRET_LAIR:SL-AB95FD365E982F,NO,NO,NO,NO,YES,YES,YES
MTG:SECRET_LAIR:SL-ABB49E64363CCC,NO,NO,NO,NO,YES,YES,YES
MTG:SECRET_LAIR:SL-ABCCB33232898E,NO,NO,NO,NO,YES,YES,YES
MTG:SECRET_LAIR:SL-ABDD178723A109,NO,NO,NO,NO,YES,YES,YES
MTG:SECRET_LAIR:SL-AC1856E0C8845C,NO,NO,NO,NO,YES,YES,YES
MTG:SECRET_LAIR:SL-AC65540B60B707,NO,NO,NO,NO,YES,YES,YES
MTG:SECRET_LAIR:SL-ACABE87A5A45D3,NO,NO,NO,NO,YES,YES,YES
MTG:SECRET_LAIR:SL-AD341F83F23370,NO,NO,NO,NO,YES,YES,YES
MTG:SECRET_LAIR:SL-AD7D0C2C8E16D2,NO,NO,NO,NO,YES,YES,YES
MTG:SECRET_LAIR:SL-AD8DAA8BB11594,NO,NO,NO,NO,YES,YES,YES
MTG:SECRET_LAIR:SL-AE029B9E8B8A9F,NO,NO,NO,NO,YES,YES,YES
MTG:SECRET_LAIR:SL-AEAC3B5B48F1C7,NO,NO,NO,NO,YES,YES,YES
MTG:SECRET_LAIR:SL-AED577907E5FAA,NO,NO,NO,NO,YES,YES,YES
MTG:SECRET_LAIR:SL-AEE188BFE88ED3,NO,NO,NO,NO,YES,YES,YES
MTG:SECRET_LAIR:SL-AF4CAB7AA2FC3B,NO,NO,NO,NO,YES,YES,YES
MTG:SECRET_LAIR:SL-AF7841CC1354F9,NO,NO,NO,NO,YES,YES,YES
MTG:SECRET_LAIR:SL-AFC52E51751441,NO,NO,NO,NO,YES,YES,YES
MTG:SECRET_LAIR:SL-B00E61FF6854EE,NO,NO,NO,NO,YES,YES,YES
MTG:SECRET_LAIR:SL-B01296C6F1D9D6,NO,NO,NO,NO,YES,YES,YES
MTG:SECRET_LAIR:SL-B0373781315725,NO,NO,NO,NO,YES,YES,YES
MTG:SECRET_LAIR:SL-B08949D7A3AFE1,NO,NO,NO,NO,YES,YES,YES
MTG:SECRET_LAIR:SL-B0DEB8AFB8B821,NO,NO,NO,NO,YES,YES,YES
MTG:SECRET_LAIR:SL-B0E43DFE167A56,NO,NO,NO,NO,YES,YES,YES
MTG:SECRET_LAIR:SL-B11309A971433D,NO,NO,NO,NO,YES,YES,YES
MTG:SECRET_LAIR:SL-B226AC313B5F39,NO,NO,NO,NO,YES,YES,YES
MTG:SECRET_LAIR:SL-B2289CE720A189,NO,NO,NO,NO,YES,YES,YES
MTG:SECRET_LAIR:SL-B251BF4C4DE61E,NO,NO,NO,NO,YES,YES,YES
MTG:SECRET_LAIR:SL-B269AC7AB5080A,NO,NO,NO,NO,YES,YES,YES
MTG:SECRET_LAIR:SL-B2753C6B1814F0,NO,NO,NO,NO,YES,YES,YES
MTG:SECRET_LAIR:SL-B28206C8B43B74,NO,NO,NO,NO,YES,YES,YES
MTG:SECRET_LAIR:SL-B2C9080295DEB3,NO,NO,NO,NO,YES,YES,YES
MTG:SECRET_LAIR:SL-B31C27C4C58973,NO,NO,NO,NO,YES,YES,YES
MTG:SECRET_LAIR:SL-B36930BACADDCD,NO,NO,NO,NO,YES,YES,YES
MTG:SECRET_LAIR:SL-B39A2F769F1E07,NO,NO,NO,NO,YES,YES,YES
MTG:SECRET_LAIR:SL-B3B225E03D06DC,NO,NO,NO,NO,YES,YES,YES
MTG:SECRET_LAIR:SL-B3DBBD3351A867,NO,NO,NO,NO,YES,YES,YES
MTG:SECRET_LAIR:SL-B3EF01C8308565,NO,NO,NO,NO,YES,YES,YES
MTG:SECRET_LAIR:SL-B44FBD97799E08,NO,NO,NO,NO,YES,YES,YES
MTG:SECRET_LAIR:SL-B483A5C23B7FF5,NO,NO,NO,NO,YES,YES,YES
MTG:SECRET_LAIR:SL-B5264E7BA2DC13,NO,NO,NO,NO,YES,YES,YES
MTG:SECRET_LAIR:SL-B5552250031A5D,NO,NO,NO,NO,YES,YES,YES
MTG:SECRET_LAIR:SL-B565A4B1F936CC,NO,NO,NO,NO,YES,YES,YES
MTG:SECRET_LAIR:SL-B57576270D7B62,NO,NO,NO,NO,YES,YES,YES
MTG:SECRET_LAIR:SL-B58718E7FE11D2,NO,NO,NO,NO,YES,YES,YES
MTG:SECRET_LAIR:SL-B5D96EAAB94F7F,NO,NO,NO,NO,YES,YES,YES
MTG:SECRET_LAIR:SL-B5DE5D10D8B22E,NO,NO,NO,NO,YES,YES,YES
MTG:SECRET_LAIR:SL-B5E5B47263114D,NO,NO,NO,NO,YES,YES,YES
MTG:SECRET_LAIR:SL-B5F3C839262F36,NO,NO,NO,NO,YES,YES,YES
MTG:SECRET_LAIR:SL-B60C7F6F56C30B,NO,NO,NO,NO,YES,YES,YES
MTG:SECRET_LAIR:SL-B631EAF6D5C7C4,NO,NO,NO,NO,YES,YES,YES
MTG:SECRET_LAIR:SL-B679A1089E8A6B,NO,NO,NO,NO,YES,YES,YES
MTG:SECRET_LAIR:SL-B689085E2D41DE,NO,NO,NO,NO,YES,YES,YES
MTG:SECRET_LAIR:SL-B762CD279E0001,NO,NO,NO,NO,YES,YES,YES
MTG:SECRET_LAIR:SL-B7E3C5DC70940E,NO,NO,NO,NO,YES,YES,YES
MTG:SECRET_LAIR:SL-B81DED4DD2F7F0,NO,NO,NO,NO,YES,YES,YES
MTG:SECRET_LAIR:SL-B8709846C8E5AF,NO,NO,NO,NO,YES,YES,YES
MTG:SECRET_LAIR:SL-B8DCA91EB62983,NO,NO,NO,NO,YES,YES,YES
MTG:SECRET_LAIR:SL-B9248149A4056B,NO,NO,NO,NO,YES,YES,YES
MTG:SECRET_LAIR:SL-B92B03D94C10E9,NO,NO,NO,NO,YES,YES,YES
MTG:SECRET_LAIR:SL-B9580FD00B16BE,NO,NO,NO,NO,YES,YES,YES
MTG:SECRET_LAIR:SL-B959CE689FE1E3,NO,NO,NO,NO,YES,YES,YES
MTG:SECRET_LAIR:SL-B96EF3DC64D9A0,NO,NO,NO,NO,YES,YES,YES
MTG:SECRET_LAIR:SL-B971F1BAF798C2,NO,NO,NO,NO,YES,YES,YES
MTG:SECRET_LAIR:SL-B9970477DCCBC7,NO,NO,NO,NO,YES,YES,YES
MTG:SECRET_LAIR:SL-B9EC0C6C5561F1,NO,NO,NO,NO,YES,YES,YES
MTG:SECRET_LAIR:SL-BA4475B87E38DE,NO,NO,NO,NO,YES,YES,YES
MTG:SECRET_LAIR:SL-BA53143C1DDB56,NO,NO,NO,NO,YES,YES,YES
MTG:SECRET_LAIR:SL-BAD5D1CC179E4B,NO,NO,NO,NO,YES,YES,YES
MTG:SECRET_LAIR:SL-BB18909619320D,NO,NO,NO,NO,YES,YES,YES
MTG:SECRET_LAIR:SL-BB4A4AE1ECFE2A,NO,NO,NO,NO,YES,YES,YES
MTG:SECRET_LAIR:SL-BB4FA54DEBF880,NO,NO,NO,NO,YES,YES,YES
MTG:SECRET_LAIR:SL-BB54D8943F73E3,NO,NO,NO,NO,YES,YES,YES
MTG:SECRET_LAIR:SL-BB7E07A2986BB4,NO,NO,NO,NO,YES,YES,YES
MTG:SECRET_LAIR:SL-BBC8F93DE82CE5,NO,NO,NO,NO,YES,YES,YES
MTG:SECRET_LAIR:SL-BC079E499A94AF,NO,NO,NO,NO,YES,YES,YES
MTG:SECRET_LAIR:SL-BC4683677FBC3C,NO,NO,NO,NO,YES,YES,YES
MTG:SECRET_LAIR:SL-BC99042387317D,NO,NO,NO,NO,YES,YES,YES
MTG:SECRET_LAIR:SL-BCC1519C11A8AC,NO,NO,NO,NO,YES,YES,YES
MTG:SECRET_LAIR:SL-BD0B168FBB02B6,NO,NO,NO,NO,YES,YES,YES
MTG:SECRET_LAIR:SL-BD4B37C3973D10,NO,NO,NO,NO,YES,YES,YES
MTG:SECRET_LAIR:SL-BE3F32B80FEA2E,NO,NO,NO,NO,YES,YES,YES
MTG:SECRET_LAIR:SL-BE705BBFC18014,NO,NO,NO,NO,YES,YES,YES
MTG:SECRET_LAIR:SL-BF008024F9A243,NO,NO,NO,NO,YES,YES,YES
MTG:SECRET_LAIR:SL-BF1ED354A371C1,NO,NO,NO,NO,YES,YES,YES
MTG:SECRET_LAIR:SL-BF202C705FA210,NO,NO,NO,NO,YES,YES,YES
MTG:SECRET_LAIR:SL-BF26DFD5509ADC,NO,NO,NO,NO,YES,YES,YES
MTG:SECRET_LAIR:SL-BF2B66F024D88D,NO,NO,NO,NO,YES,YES,YES
MTG:SECRET_LAIR:SL-BF3E293642759E,NO,NO,NO,NO,YES,YES,YES
MTG:SECRET_LAIR:SL-BF588F593E480E,NO,NO,NO,NO,YES,YES,YES
MTG:SECRET_LAIR:SL-BF5BC53AD18E85,NO,NO,NO,NO,YES,YES,YES
MTG:SECRET_LAIR:SL-BF755AD9D8CE5F,NO,NO,NO,NO,YES,YES,YES
MTG:SECRET_LAIR:SL-BFACC46E5A3310,NO,NO,NO,NO,YES,YES,YES
MTG:SECRET_LAIR:SL-BFAF5430109A2E,NO,NO,NO,NO,YES,YES,YES
MTG:SECRET_LAIR:SL-BFF6DA64140996,NO,NO,NO,NO,YES,YES,YES
MTG:SECRET_LAIR:SL-C03E05940DAAFA,NO,NO,NO,NO,YES,YES,YES
MTG:SECRET_LAIR:SL-C0418534DE36CF,NO,NO,NO,NO,YES,YES,YES
MTG:SECRET_LAIR:SL-C04853F17A0313,NO,NO,NO,NO,YES,YES,YES
MTG:SECRET_LAIR:SL-C050DAEA74CC9C,NO,NO,NO,NO,YES,YES,YES
MTG:SECRET_LAIR:SL-C05D25C1CB85E9,NO,NO,NO,NO,YES,YES,YES
MTG:SECRET_LAIR:SL-C07200E6FB8843,NO,NO,NO,NO,YES,YES,YES
MTG:SECRET_LAIR:SL-C09C8446FDE850,NO,NO,NO,NO,YES,YES,YES
MTG:SECRET_LAIR:SL-C09D8E25A3F347,NO,NO,NO,NO,YES,YES,YES
MTG:SECRET_LAIR:SL-C0AA65531F16E2,NO,NO,NO,NO,YES,YES,YES
MTG:SECRET_LAIR:SL-C1564B1CC85C5F,NO,NO,NO,NO,YES,YES,YES
MTG:SECRET_LAIR:SL-C1A0A189180507,NO,NO,NO,NO,YES,YES,YES
MTG:SECRET_LAIR:SL-C2217F8AD4F84B,NO,NO,NO,NO,YES,YES,YES
MTG:SECRET_LAIR:SL-C24946B295061F,NO,NO,NO,NO,YES,YES,YES
MTG:SECRET_LAIR:SL-C2CAC5DFF1B8FE,NO,NO,NO,NO,YES,YES,YES
MTG:SECRET_LAIR:SL-C2DA212EE2424D,NO,NO,NO,NO,YES,YES,YES
MTG:SECRET_LAIR:SL-C365E12BA9F953,NO,NO,NO,NO,YES,YES,YES
MTG:SECRET_LAIR:SL-C3A8669A77CF0F,NO,NO,NO,NO,YES,YES,YES
MTG:SECRET_LAIR:SL-C3D0A31003B38B,NO,NO,NO,NO,YES,YES,YES
MTG:SECRET_LAIR:SL-C43B4DA056180D,NO,NO,NO,NO,YES,YES,YES
MTG:SECRET_LAIR:SL-C44AE37BDB68A9,NO,NO,NO,NO,YES,YES,YES
MTG:SECRET_LAIR:SL-C4573F398978D7,NO,NO,NO,NO,YES,YES,YES
MTG:SECRET_LAIR:SL-C4E698097E6EB6,NO,NO,NO,NO,YES,YES,YES
MTG:SECRET_LAIR:SL-C53B25CD55720F,NO,NO,NO,NO,YES,YES,YES
MTG:SECRET_LAIR:SL-C53BF262ADA17B,NO,NO,NO,NO,YES,YES,YES
MTG:SECRET_LAIR:SL-C59DE249DE7287,NO,NO,NO,NO,YES,YES,YES
MTG:SECRET_LAIR:SL-C5A93064AA668C,NO,NO,NO,NO,YES,YES,YES
MTG:SECRET_LAIR:SL-C649AFADB4E38B,NO,NO,NO,NO,YES,YES,YES
MTG:SECRET_LAIR:SL-C67CDDB0AE44ED,NO,NO,NO,NO,YES,YES,YES
MTG:SECRET_LAIR:SL-C70FCBB505BD77,NO,NO,NO,NO,YES,YES,YES
MTG:SECRET_LAIR:SL-C72D4B2E5B3130,NO,NO,NO,NO,YES,YES,YES
MTG:SECRET_LAIR:SL-C7694953E368F4,NO,NO,NO,NO,YES,YES,YES
MTG:SECRET_LAIR:SL-C805DBBC1C6677,NO,NO,NO,NO,YES,YES,YES
MTG:SECRET_LAIR:SL-C80FAE8D249054,NO,NO,NO,NO,YES,YES,YES
MTG:SECRET_LAIR:SL-C822436F428050,NO,NO,NO,NO,YES,YES,YES
MTG:SECRET_LAIR:SL-C82833E3A7C3DF,NO,NO,NO,NO,YES,YES,YES
MTG:SECRET_LAIR:SL-C82FB71F29626A,NO,NO,NO,NO,YES,YES,YES
MTG:SECRET_LAIR:SL-C83649108644FE,NO,NO,NO,NO,YES,YES,YES
MTG:SECRET_LAIR:SL-C863D417DDE83A,NO,NO,NO,NO,YES,YES,YES
MTG:SECRET_LAIR:SL-C8B08A7139FC31,NO,NO,NO,NO,YES,YES,YES
MTG:SECRET_LAIR:SL-C94DD14ECC45A6,NO,NO,NO,NO,YES,YES,YES
MTG:SECRET_LAIR:SL-C9877AF6FE4DA4,NO,NO,NO,NO,YES,YES,YES
MTG:SECRET_LAIR:SL-C999737763FC53,NO,NO,NO,NO,YES,YES,YES
MTG:SECRET_LAIR:SL-C9B2F11CEB5F77,NO,NO,NO,NO,YES,YES,YES
MTG:SECRET_LAIR:SL-CA134058712347,NO,NO,NO,NO,YES,YES,YES
MTG:SECRET_LAIR:SL-CA17EB83C29B15,NO,NO,NO,NO,YES,YES,YES
MTG:SECRET_LAIR:SL-CA2C167AAFAD55,NO,NO,NO,NO,YES,YES,YES
MTG:SECRET_LAIR:SL-CA3A146FC06964,NO,NO,NO,NO,YES,YES,YES
MTG:SECRET_LAIR:SL-CA46F5F5791EBB,NO,NO,NO,NO,YES,YES,YES
MTG:SECRET_LAIR:SL-CA6CCECFEBEC2C,NO,NO,NO,NO,YES,YES,YES
MTG:SECRET_LAIR:SL-CA6FA7819E27BD,NO,NO,NO,NO,YES,YES,YES
MTG:SECRET_LAIR:SL-CAB929EA2DD4AE,NO,NO,NO,NO,YES,YES,YES
MTG:SECRET_LAIR:SL-CAEFD21D151456,NO,NO,NO,NO,YES,YES,YES
MTG:SECRET_LAIR:SL-CB766B61EEFB6E,NO,NO,NO,NO,YES,YES,YES
MTG:SECRET_LAIR:SL-CBFED1F92A630D,NO,NO,NO,NO,YES,YES,YES
MTG:SECRET_LAIR:SL-CC030DBD6E29FE,NO,NO,NO,NO,YES,YES,YES
MTG:SECRET_LAIR:SL-CC5293951E84F8,NO,NO,NO,NO,YES,YES,YES
MTG:SECRET_LAIR:SL-CCE426CFBA5D07,NO,NO,NO,NO,YES,YES,YES
MTG:SECRET_LAIR:SL-CD2FC308C3644A,NO,NO,NO,NO,YES,YES,YES
MTG:SECRET_LAIR:SL-CD43B6F3D7A59F,NO,NO,NO,NO,YES,YES,YES
MTG:SECRET_LAIR:SL-CD637B6154FA4F,NO,NO,NO,NO,YES,YES,YES
MTG:SECRET_LAIR:SL-CD67446B439F75,NO,NO,NO,NO,YES,YES,YES
MTG:SECRET_LAIR:SL-CE0D22C4A5732F,NO,NO,NO,NO,YES,YES,YES
MTG:SECRET_LAIR:SL-CE39B48D52F07A,NO,NO,NO,NO,YES,YES,YES
MTG:SECRET_LAIR:SL-CE3BB4F7AF5651,NO,NO,NO,NO,YES,YES,YES
MTG:SECRET_LAIR:SL-CE6909ECF00CA8,NO,NO,NO,NO,YES,YES,YES
MTG:SECRET_LAIR:SL-CEB06DD843F657,NO,NO,NO,NO,YES,YES,YES
MTG:SECRET_LAIR:SL-CED357C3AB21E8,NO,NO,NO,NO,YES,YES,YES
MTG:SECRET_LAIR:SL-CEFFC6DB7F7ABD,NO,NO,NO,NO,YES,YES,YES
MTG:SECRET_LAIR:SL-CFD92A398D8349,NO,NO,NO,NO,YES,YES,YES
MTG:SECRET_LAIR:SL-D061A6FE209B52,NO,NO,NO,NO,YES,YES,YES
MTG:SECRET_LAIR:SL-D126DBCCB251DC,NO,NO,NO,NO,YES,YES,YES
MTG:SECRET_LAIR:SL-D133893D13E78E,NO,NO,NO,NO,YES,YES,YES
MTG:SECRET_LAIR:SL-D13D0C095C023B,NO,NO,NO,NO,YES,YES,YES
MTG:SECRET_LAIR:SL-D14CD1568AC703,NO,NO,NO,NO,YES,YES,YES
MTG:SECRET_LAIR:SL-D1513B904FE27E,NO,NO,NO,NO,YES,YES,YES
MTG:SECRET_LAIR:SL-D18A4E24571B1B,NO,NO,NO,NO,YES,YES,YES
MTG:SECRET_LAIR:SL-D1A162914F5B85,NO,NO,NO,NO,YES,YES,YES
MTG:SECRET_LAIR:SL-D23F4A9FC75D03,NO,NO,NO,NO,YES,YES,YES
MTG:SECRET_LAIR:SL-D263E9818F8B46,NO,NO,NO,NO,YES,YES,YES
MTG:SECRET_LAIR:SL-D2FCABD86AD689,NO,NO,NO,NO,YES,YES,YES
MTG:SECRET_LAIR:SL-D367F0D637FE13,NO,NO,NO,NO,YES,YES,YES
MTG:SECRET_LAIR:SL-D3778B65B20E24,NO,NO,NO,NO,YES,YES,YES
MTG:SECRET_LAIR:SL-D3C161D032DC86,NO,NO,NO,NO,YES,YES,YES
MTG:SECRET_LAIR:SL-D3C9566D0E6FB5,NO,NO,NO,NO,YES,YES,YES
MTG:SECRET_LAIR:SL-D3D61A3D20908A,NO,NO,NO,NO,YES,YES,YES
MTG:SECRET_LAIR:SL-D53A1849E7B1C9,NO,NO,NO,NO,YES,YES,YES
MTG:SECRET_LAIR:SL-D5C35A28D4B658,NO,NO,NO,NO,YES,YES,YES
MTG:SECRET_LAIR:SL-D5D2DCA70EA4CD,NO,NO,NO,NO,YES,YES,YES
MTG:SECRET_LAIR:SL-D608F5D4F5385E,NO,NO,NO,NO,YES,YES,YES
MTG:SECRET_LAIR:SL-D62B35CD192D99,NO,NO,NO,NO,YES,YES,YES
MTG:SECRET_LAIR:SL-D62C510B60B977,NO,NO,NO,NO,YES,YES,YES
MTG:SECRET_LAIR:SL-D68D8EB45F05E9,NO,NO,NO,NO,YES,YES,YES
MTG:SECRET_LAIR:SL-D68D9EB4249382,NO,NO,NO,NO,YES,YES,YES
MTG:SECRET_LAIR:SL-D6C7802610A57F,NO,NO,NO,NO,YES,YES,YES
MTG:SECRET_LAIR:SL-D76CD5BC7E1068,NO,NO,NO,NO,YES,YES,YES
MTG:SECRET_LAIR:SL-D792C24E8A09CF,NO,NO,NO,NO,YES,YES,YES
MTG:SECRET_LAIR:SL-D7984A9CB76C99,NO,NO,NO,NO,YES,YES,YES
MTG:SECRET_LAIR:SL-D80EFE168FB6A1,NO,NO,NO,NO,YES,YES,YES
MTG:SECRET_LAIR:SL-D83DCC4548D04F,NO,NO,NO,NO,YES,YES,YES
MTG:SECRET_LAIR:SL-D85757C8DB2B40,NO,NO,NO,NO,YES,YES,YES
MTG:SECRET_LAIR:SL-D8B6168FF7A7AD,NO,NO,NO,NO,YES,YES,YES
MTG:SECRET_LAIR:SL-D91B54107A78A7,NO,NO,NO,NO,YES,YES,YES
MTG:SECRET_LAIR:SL-D929FF1E16FDD7,NO,NO,NO,NO,YES,YES,YES
MTG:SECRET_LAIR:SL-D9CB56BE93955C,NO,NO,NO,NO,YES,YES,YES
MTG:SECRET_LAIR:SL-D9F56A65FD35C5,NO,NO,NO,NO,YES,YES,YES
MTG:SECRET_LAIR:SL-D9F7FC2E4D48A5,NO,NO,NO,NO,YES,YES,YES
MTG:SECRET_LAIR:SL-DA0255DFD87A79,NO,NO,NO,NO,YES,YES,YES
MTG:SECRET_LAIR:SL-DA137A8920D7BE,NO,NO,NO,NO,YES,YES,YES
MTG:SECRET_LAIR:SL-DA14F1AD8875AF,NO,NO,NO,NO,YES,YES,YES
MTG:SECRET_LAIR:SL-DA7F8AD7B0BC80,NO,NO,NO,NO,YES,YES,YES
MTG:SECRET_LAIR:SL-DA95D95DF8A49D,NO,NO,NO,NO,YES,YES,YES
MTG:SECRET_LAIR:SL-DAA2346E431D52,NO,NO,NO,NO,YES,YES,YES
MTG:SECRET_LAIR:SL-DB82DC16CD1A6A,NO,NO,NO,NO,YES,YES,YES
MTG:SECRET_LAIR:SL-DBB9EAD006DF92,NO,NO,NO,NO,YES,YES,YES
MTG:SECRET_LAIR:SL-DBDF87736B4AD6,NO,NO,NO,NO,YES,YES,YES
MTG:SECRET_LAIR:SL-DC36FC64429D5D,NO,NO,NO,NO,YES,YES,YES
MTG:SECRET_LAIR:SL-DCD05FAA1B15E7,NO,NO,NO,NO,YES,YES,YES
MTG:SECRET_LAIR:SL-DCDC09399C5D54,NO,NO,NO,NO,YES,YES,YES
MTG:SECRET_LAIR:SL-DD0C5279EE2007,NO,NO,NO,NO,YES,YES,YES
MTG:SECRET_LAIR:SL-DD25AF4AC936E2,NO,NO,NO,NO,YES,YES,YES
MTG:SECRET_LAIR:SL-DD3248D210AC90,NO,NO,NO,NO,YES,YES,YES
MTG:SECRET_LAIR:SL-DD3A0B4F1E7DA1,NO,NO,NO,NO,YES,YES,YES
MTG:SECRET_LAIR:SL-DD598BF68D0AC7,NO,NO,NO,NO,YES,YES,YES
MTG:SECRET_LAIR:SL-DD778C566554A0,NO,NO,NO,NO,YES,YES,YES
MTG:SECRET_LAIR:SL-DDF2764A92D297,NO,NO,NO,NO,YES,YES,YES
MTG:SECRET_LAIR:SL-DE73D77FB013F4,NO,NO,NO,NO,YES,YES,YES
MTG:SECRET_LAIR:SL-DEB0786B62B51D,NO,NO,NO,NO,YES,YES,YES
MTG:SECRET_LAIR:SL-DEE8CCCA9CFCCE,NO,NO,NO,NO,YES,YES,YES
MTG:SECRET_LAIR:SL-DEF4A1D4ADC965,NO,NO,NO,NO,YES,YES,YES
MTG:SECRET_LAIR:SL-DF5563A6AB6A1B,NO,NO,NO,NO,YES,YES,YES
MTG:SECRET_LAIR:SL-DFE9AC9C5D05C9,NO,NO,NO,NO,YES,YES,YES
MTG:SECRET_LAIR:SL-E000815724EA2A,NO,NO,NO,NO,YES,YES,YES
MTG:SECRET_LAIR:SL-E0190484BE31DE,NO,NO,NO,NO,YES,YES,YES
MTG:SECRET_LAIR:SL-E03F5C270405EA,NO,NO,NO,NO,YES,YES,YES
MTG:SECRET_LAIR:SL-E0414D04317EA2,NO,NO,NO,NO,YES,YES,YES
MTG:SECRET_LAIR:SL-E05E06D6578028,NO,NO,NO,NO,YES,YES,YES
MTG:SECRET_LAIR:SL-E06DD3E1E3F4CD,NO,NO,NO,NO,YES,YES,YES
MTG:SECRET_LAIR:SL-E126175F5EEBFF,NO,NO,NO,NO,YES,YES,YES
MTG:SECRET_LAIR:SL-E14AB3D48E2308,NO,NO,NO,NO,YES,YES,YES
MTG:SECRET_LAIR:SL-E19F0A74D8000D,NO,NO,NO,NO,YES,YES,YES
MTG:SECRET_LAIR:SL-E1E2903CCE3709,NO,NO,NO,NO,YES,YES,YES
MTG:SECRET_LAIR:SL-E23BF5EAA4F5AA,NO,NO,NO,NO,YES,YES,YES
MTG:SECRET_LAIR:SL-E24F74D610175D,NO,NO,NO,NO,YES,YES,YES
MTG:SECRET_LAIR:SL-E2540C64CF5262,NO,NO,NO,NO,YES,YES,YES
MTG:SECRET_LAIR:SL-E282CE5635F5FC,NO,NO,NO,NO,YES,YES,YES
MTG:SECRET_LAIR:SL-E2DB1B58657D1A,NO,NO,NO,NO,YES,YES,YES
MTG:SECRET_LAIR:SL-E339A090348C36,NO,NO,NO,NO,YES,YES,YES
MTG:SECRET_LAIR:SL-E3519A1A83A8E6,NO,NO,NO,NO,YES,YES,YES
MTG:SECRET_LAIR:SL-E397494832E845,NO,NO,NO,NO,YES,YES,YES
MTG:SECRET_LAIR:SL-E3D6BE401B6F95,NO,NO,NO,NO,YES,YES,YES
MTG:SECRET_LAIR:SL-E3E88EC01DA49B,NO,NO,NO,NO,YES,YES,YES
MTG:SECRET_LAIR:SL-E44D69BCAF5561,NO,NO,NO,NO,YES,YES,YES
MTG:SECRET_LAIR:SL-E4888AAC444029,NO,NO,NO,NO,YES,YES,YES
MTG:SECRET_LAIR:SL-E4AC3EAED9F285,NO,NO,NO,NO,YES,YES,YES
MTG:SECRET_LAIR:SL-E558347311E1F4,NO,NO,NO,NO,YES,YES,YES
MTG:SECRET_LAIR:SL-E577A60B3B1BA6,NO,NO,NO,NO,YES,YES,YES
MTG:SECRET_LAIR:SL-E5F4CFCD2D1E21,NO,NO,NO,NO,YES,YES,YES
MTG:SECRET_LAIR:SL-E5F7C4556D2AE8,NO,NO,NO,NO,YES,YES,YES
MTG:SECRET_LAIR:SL-E618F74B27D105,NO,NO,NO,NO,YES,YES,YES
MTG:SECRET_LAIR:SL-E63BB6ABED78A1,NO,NO,NO,NO,YES,YES,YES
MTG:SECRET_LAIR:SL-E6815E809637CD,NO,NO,NO,NO,YES,YES,YES
MTG:SECRET_LAIR:SL-E6ACEF67518AF1,NO,NO,NO,NO,YES,YES,YES
MTG:SECRET_LAIR:SL-E73519A6D7C437,NO,NO,NO,NO,YES,YES,YES
MTG:SECRET_LAIR:SL-E761E1777C5411,NO,NO,NO,NO,YES,YES,YES
MTG:SECRET_LAIR:SL-E7BDE12BA780C5,NO,NO,NO,NO,YES,YES,YES
MTG:SECRET_LAIR:SL-E82C687C9DB063,NO,NO,NO,NO,YES,YES,YES
MTG:SECRET_LAIR:SL-E84A5B15E6F9C3,NO,NO,NO,NO,YES,YES,YES
MTG:SECRET_LAIR:SL-E8AF55C924629C,NO,NO,NO,NO,YES,YES,YES
MTG:SECRET_LAIR:SL-E94BE968A3A112,NO,NO,NO,NO,YES,YES,YES
MTG:SECRET_LAIR:SL-E976A82043B976,NO,NO,NO,NO,YES,YES,YES
MTG:SECRET_LAIR:SL-E9DEA56D4176E0,NO,NO,NO,NO,YES,YES,YES
MTG:SECRET_LAIR:SL-EA00AF141F2FAC,NO,NO,NO,NO,YES,YES,YES
MTG:SECRET_LAIR:SL-EA3F127E1B6608,NO,NO,NO,NO,YES,YES,YES
MTG:SECRET_LAIR:SL-EA8B400EB7587C,NO,NO,NO,NO,YES,YES,YES
MTG:SECRET_LAIR:SL-EB7674C656581E,NO,NO,NO,NO,YES,YES,YES
MTG:SECRET_LAIR:SL-EB7E2032D0A931,NO,NO,NO,NO,YES,YES,YES
MTG:SECRET_LAIR:SL-EB862139323FA8,NO,NO,NO,NO,YES,YES,YES
MTG:SECRET_LAIR:SL-EBBF87B2EDF78C,NO,NO,NO,NO,YES,YES,YES
MTG:SECRET_LAIR:SL-EBF12D8FC470D3,NO,NO,NO,NO,YES,YES,YES
MTG:SECRET_LAIR:SL-EC805E73DB692C,NO,NO,NO,NO,YES,YES,YES
MTG:SECRET_LAIR:SL-EDA5F0018F2448,NO,NO,NO,NO,YES,YES,YES
MTG:SECRET_LAIR:SL-EE12104C3A49E7,NO,NO,NO,NO,YES,YES,YES
MTG:SECRET_LAIR:SL-EE73A455D6DAFC,NO,NO,NO,NO,YES,YES,YES
MTG:SECRET_LAIR:SL-EE882204CA80F5,NO,NO,NO,NO,YES,YES,YES
MTG:SECRET_LAIR:SL-EF03D947F97187,NO,NO,NO,NO,YES,YES,YES
MTG:SECRET_LAIR:SL-EF10004B2C3091,NO,NO,NO,NO,YES,YES,YES
MTG:SECRET_LAIR:SL-EF5BBE513EE03C,NO,NO,NO,NO,YES,YES,YES
MTG:SECRET_LAIR:SL-EFFCE6D4208A63,NO,NO,NO,NO,YES,YES,YES
MTG:SECRET_LAIR:SL-F0ADDB74A0D856,NO,NO,NO,NO,YES,YES,YES
MTG:SECRET_LAIR:SL-F0D638918879B3,NO,NO,NO,NO,YES,YES,YES
MTG:SECRET_LAIR:SL-F0F3F16536C281,NO,NO,NO,NO,YES,YES,YES
MTG:SECRET_LAIR:SL-F14FB92D2DCBC6,NO,NO,NO,NO,YES,YES,YES
MTG:SECRET_LAIR:SL-F1CC2FF6F7667E,NO,NO,NO,NO,YES,YES,YES
MTG:SECRET_LAIR:SL-F25C6E61EC9D3B,NO,NO,NO,NO,YES,YES,YES
MTG:SECRET_LAIR:SL-F26AFF6BB24E88,NO,NO,NO,NO,YES,YES,YES
MTG:SECRET_LAIR:SL-F2F5EBEEEBD0C5,NO,NO,NO,NO,YES,YES,YES
MTG:SECRET_LAIR:SL-F2F92FE2CD5458,NO,NO,NO,NO,YES,YES,YES
MTG:SECRET_LAIR:SL-F378E79C981B5B,NO,NO,NO,NO,YES,YES,YES
MTG:SECRET_LAIR:SL-F3C784F688A104,NO,NO,NO,NO,YES,YES,YES
MTG:SECRET_LAIR:SL-F3D3088DA018D0,NO,NO,NO,NO,YES,YES,YES
MTG:SECRET_LAIR:SL-F3F1C2A23E48D0,NO,NO,NO,NO,YES,YES,YES
MTG:SECRET_LAIR:SL-F419DE27DCB991,NO,NO,NO,NO,YES,YES,YES
MTG:SECRET_LAIR:SL-F46976B12ECA22,NO,NO,NO,NO,YES,YES,YES
MTG:SECRET_LAIR:SL-F4935DE607204D,NO,NO,NO,NO,YES,YES,YES
MTG:SECRET_LAIR:SL-F4A97CEA3A7C1C,NO,NO,NO,NO,YES,YES,YES
MTG:SECRET_LAIR:SL-F4DBBBEC3CFEB4,NO,NO,NO,NO,YES,YES,YES
MTG:SECRET_LAIR:SL-F546FBC2EE4D47,NO,NO,NO,NO,YES,YES,YES
MTG:SECRET_LAIR:SL-F5C7D5AC423EC1,NO,NO,NO,NO,YES,YES,YES
MTG:SECRET_LAIR:SL-F5FC37E9763B7C,NO,NO,NO,NO,YES,YES,YES
MTG:SECRET_LAIR:SL-F638B39456864F,NO,NO,NO,NO,YES,YES,YES
MTG:SECRET_LAIR:SL-F66DFA42E52417,NO,NO,NO,NO,YES,YES,YES
MTG:SECRET_LAIR:SL-F6CE9EEE501707,NO,NO,NO,NO,YES,YES,YES
MTG:SECRET_LAIR:SL-F70A9FB130F172,NO,NO,NO,NO,YES,YES,YES
MTG:SECRET_LAIR:SL-F7BF46E86FD15C,NO,NO,NO,NO,YES,YES,YES
MTG:SECRET_LAIR:SL-F7E159B4E7D922,NO,NO,NO,NO,YES,YES,YES
MTG:SECRET_LAIR:SL-F7E2916CEC3366,NO,NO,NO,NO,YES,YES,YES
MTG:SECRET_LAIR:SL-F8091FD6F7CD83,NO,NO,NO,NO,YES,YES,YES
MTG:SECRET_LAIR:SL-F8130EF2307D5F,NO,NO,NO,NO,YES,YES,YES
MTG:SECRET_LAIR:SL-F87B4FFB3CCD49,NO,NO,NO,NO,YES,YES,YES
MTG:SECRET_LAIR:SL-F886C775F2D753,NO,NO,NO,NO,YES,YES,YES
MTG:SECRET_LAIR:SL-F8A34E5202D218,NO,NO,NO,NO,YES,YES,YES
MTG:SECRET_LAIR:SL-F960B8C972DDE8,NO,NO,NO,NO,YES,YES,YES
MTG:SECRET_LAIR:SL-F97114C3F34013,NO,NO,NO,NO,YES,YES,YES
MTG:SECRET_LAIR:SL-F9C826AE302BF4,NO,NO,NO,NO,YES,YES,YES
MTG:SECRET_LAIR:SL-F9E21EA0D52C4A,NO,NO,NO,NO,YES,YES,YES
MTG:SECRET_LAIR:SL-FA32CF1A49D1D5,NO,NO,NO,NO,YES,YES,YES
MTG:SECRET_LAIR:SL-FA3D9482741C16,NO,NO,NO,NO,YES,YES,YES
MTG:SECRET_LAIR:SL-FA6223566C7B76,NO,NO,NO,NO,YES,YES,YES
MTG:SECRET_LAIR:SL-FA7A7EE1991025,NO,NO,NO,NO,YES,YES,YES
MTG:SECRET_LAIR:SL-FA7D6580C34737,NO,NO,NO,NO,YES,YES,YES
MTG:SECRET_LAIR:SL-FB01410D9F3250,NO,NO,NO,NO,YES,YES,YES
MTG:SECRET_LAIR:SL-FB1E1566446236,NO,NO,NO,NO,YES,YES,YES
MTG:SECRET_LAIR:SL-FB1FECB0690176,NO,NO,NO,NO,YES,YES,YES
MTG:SECRET_LAIR:SL-FB8F41B5698E85,NO,NO,NO,NO,YES,YES,YES
MTG:SECRET_LAIR:SL-FBADB7587BFD9A,NO,NO,NO,NO,YES,YES,YES
MTG:SECRET_LAIR:SL-FC44F373482E68,NO,NO,NO,NO,YES,YES,YES
MTG:SECRET_LAIR:SL-FC508070AC9ECD,NO,NO,NO,NO,YES,YES,YES
MTG:SECRET_LAIR:SL-FCAEA5C157AA2D,NO,NO,NO,NO,YES,YES,YES
MTG:SECRET_LAIR:SL-FD327F76CA9BCB,NO,NO,NO,NO,YES,YES,YES
MTG:SECRET_LAIR:SL-FD569236BFC307,NO,NO,NO,NO,YES,YES,YES
MTG:SECRET_LAIR:SL-FD7EED45ECCFC6,NO,NO,NO,NO,YES,YES,YES
MTG:SECRET_LAIR:SL-FDA8FA789BE3A1,NO,NO,NO,NO,YES,YES,YES
MTG:SECRET_LAIR:SL-FDAA65C601D268,NO,NO,NO,NO,YES,YES,YES
MTG:SECRET_LAIR:SL-FE0F8BC07F7E66,NO,NO,NO,NO,YES,YES,YES
MTG:SECRET_LAIR:SL-FEA5D283ED723B,NO,NO,NO,NO,YES,YES,YES
MTG:SECRET_LAIR:SL-FF8B50F46CBD31,NO,NO,NO,NO,YES,YES,YES
MTG:SECRET_LAIR:SL-FFA400FF14BF49,NO,NO,NO,NO,YES,YES,YES
MTG:SECRET_LAIR:SL-FFE26A78CDDB2A,NO,NO,NO,NO,YES,YES,YES
