investment_product_id,tcgplayer_product_id,set_name,product_name,history_source_rows,valid_history_rows,distinct_history_dates,duplicate_date_count,invalid_date_rows,invalid_price_rows,first_history_date,latest_history_date,latest_history_price,current_price,current_vs_history_pct,largest_period_increase_pct,largest_period_decrease_pct,robust_annualized_volatility,history_quality_band,history_certification_status,direct_forecast_allowed,quality_flags
TCGCSV-22876-489207,489207,March of the Machine: The Aftermath,March of the Machine: The Aftermath Collector Booster Display,33,33,33,0,0,0,2024-02-08,2026-07-27,155.0,246.06,58.75,19.91,-28.11,0.3032,STRONG,QUARANTINED,false,CURRENT_HISTORY_DISCONTINUITY
TCGCSV-23361-529968,529968,Murders at Karlov Manor,Murders at Karlov Manor Collector Booster Display,32,32,32,0,0,0,2024-02-08,2026-07-22,187.0,377.98,102.13,24.09,-46.92,0.4673,STRONG,QUARANTINED,false,CURRENT_HISTORY_DISCONTINUITY
TCGCSV-2653-214818,214818,Core Set 2021,Core Set 2021 Collector Booster Display,33,33,33,0,0,0,2024-02-08,2026-07-27,519.99,457.08,-12.1,104.02,-36.76,0.5545,STRONG,QUARANTINED,false,EXCESSIVE_PERIOD_INCREASE
TCGCSV-23439-541090,541090,Outlaws of Thunder Junction,Outlaws of Thunder Junction Collector Booster Display,31,31,31,0,0,0,2024-03-01,2026-07-22,249.95,429.6,71.87,21.41,-38.57,0.3883,STRONG,QUARANTINED,false,CURRENT_HISTORY_DISCONTINUITY
TCGCSV-24421-648650,648650,Avatar: The Last Airbender,Avatar: The Last Airbender Collector Booster Display,14,14,14,0,0,0,2025-09-01,2026-07-27,500.0,481.77,-3.65,257.14,-67.03,1.7797,MODERATE,QUARANTINED,false,EXCESSIVE_PERIOD_INCREASE|EXCESSIVE_PERIOD_DECREASE|VOLATILITY_OUTLIER
TCGCSV-23446-541225,541225,Universes Beyond: Assassin's Creed,Universes Beyond: Assassin's Creed Collector Booster Display,31,31,31,0,0,0,2024-03-01,2026-07-22,239.96,530.81,121.21,22.19,-44.22,0.5524,STRONG,QUARANTINED,false,CURRENT_HISTORY_DISCONTINUITY
TCGCSV-24495-657852,657852,Teenage Mutant Ninja Turtles,Teenage Mutant Ninja Turtles Collector Booster Display,11,11,11,0,0,0,2025-11-01,2026-07-22,372.46,436.91,17.3,5.8,-45.77,0.7589,LIMITED,HISTORY_ACCUMULATING,false,
TCGCSV-24553-675606,675606,Marvel Super Heroes,Marvel Super Heroes Collector Booster Display,8,8,8,0,0,0,2026-02-01,2026-07-22,468.25,451.91,-3.49,1.25,-19.36,0.2717,LIMITED,HISTORY_ACCUMULATING,false,
TCGCSV-24684-692983,692983,Reality Fracture,Reality Fracture Collector Booster Display,4,4,4,0,0,0,2026-06-01,2026-07-22,365.45,475.68,30.16,-0.2,-23.55,0.4858,VERY_LIMITED,HISTORY_ACCUMULATING,false,
TCGCSV-24601-675558,675558,Secrets of Strixhaven,Secrets of Strixhaven Collector Booster Display,8,8,8,0,0,0,2026-02-01,2026-07-22,479.99,486.08,1.27,6.17,-4.35,0.1355,LIMITED,HISTORY_ACCUMULATING,false,
TCGCSV-2603-208279,208279,Ikoria: Lair of Behemoths,Ikoria: Lair of Behemoths Collector Booster Display,33,33,33,0,0,0,2024-02-08,2026-07-27,411.71,623.98,51.56,289.18,-81.16,1.3445,STRONG,QUARANTINED,false,EXCESSIVE_PERIOD_INCREASE|EXCESSIVE_PERIOD_DECREASE|CURRENT_HISTORY_DISCONTINUITY|VOLATILITY_OUTLIER
TCGCSV-23550-557244,557244,Duskmourn: House of Horror,Duskmourn: House of Horror Collector Booster Display,27,27,27,0,0,0,2024-08-01,2026-07-27,679.0,688.02,1.33,282.01,-72.7,1.3265,MODERATE,QUARANTINED,false,EXCESSIVE_PERIOD_INCREASE|EXCESSIVE_PERIOD_DECREASE|VOLATILITY_OUTLIER
TCGCSV-3157-282224,282224,The Brothers' War,The Brothers' War Collector Booster Display,32,32,32,0,0,0,2024-02-08,2026-07-22,467.5,742.23,58.77,28.62,-32.76,0.3394,STRONG,QUARANTINED,false,CURRENT_HISTORY_DISCONTINUITY
TCGCSV-23444-541179,541179,Modern Horizons 3,Modern Horizons 3 Collector Booster Display,31,31,31,0,0,0,2024-03-01,2026-07-22,535.87,807.28,50.65,13.53,-25.88,0.284,STRONG,QUARANTINED,false,CURRENT_HISTORY_DISCONTINUITY
TCGCSV-23556-562122,562122,Foundations,Foundations Collector Booster Display,25,25,25,0,0,0,2024-09-01,2026-07-22,206.99,804.27,288.56,37.43,-71.93,0.9878,MODERATE,QUARANTINED,false,EXCESSIVE_PERIOD_DECREASE|CURRENT_HISTORY_DISCONTINUITY
TCGCSV-22875-475584,475584,March of the Machine,March of the Machine Collector Booster Display,33,33,33,0,0,0,2024-02-08,2026-07-27,329.0,783.34,138.1,22.11,-57.23,0.5858,STRONG,QUARANTINED,false,EXCESSIVE_PERIOD_DECREASE|CURRENT_HISTORY_DISCONTINUITY
TCGCSV-24683-692963,692963,The Hobbit,The Hobbit Collector Booster Display,4,4,4,0,0,0,2026-06-01,2026-07-22,739.34,782.66,5.86,12.76,-9.54,0.393,VERY_LIMITED,HISTORY_ACCUMULATING,false,
TCGCSV-23319-517708,517708,Ravnica Remastered,Ravnica Remastered Collector Booster Display,32,32,32,0,0,0,2024-02-08,2026-07-22,564.98,974.18,72.43,32.51,-34.86,0.3847,STRONG,QUARANTINED,false,CURRENT_HISTORY_DISCONTINUITY
TCGCSV-17684-451880,451880,Phyrexia: All Will Be One,Phyrexia: All Will Be One Collector Booster Display,32,32,32,0,0,0,2024-02-08,2026-07-22,224.87,951.79,323.26,35.8,-75.56,0.9478,STRONG,QUARANTINED,false,EXCESSIVE_PERIOD_DECREASE|CURRENT_HISTORY_DISCONTINUITY
TCGCSV-23312-516614,516614,The Lost Caverns of Ixalan,The Lost Caverns of Ixalan Collector Booster Display,32,32,32,0,0,0,2024-02-08,2026-07-22,240.0,1002.68,317.79,17.62,-74.17,0.8916,STRONG,QUARANTINED,false,EXCESSIVE_PERIOD_DECREASE|CURRENT_HISTORY_DISCONTINUITY
TCGCSV-23447-541238,541238,Bloomburrow,Bloomburrow Collector Booster Display,32,32,32,0,0,0,2024-03-01,2026-07-27,1399.95,1069.11,-23.63,615.01,-80.04,1.6342,STRONG,QUARANTINED,false,EXCESSIVE_PERIOD_INCREASE|EXCESSIVE_PERIOD_DECREASE|VOLATILITY_OUTLIER
TCGCSV-23337-523185,523185,Universes Beyond: Fallout,Universes Beyond: Fallout Collector Booster Display,32,32,32,0,0,0,2024-02-08,2026-07-22,212.47,1760.06,728.36,37.26,-87.52,1.3847,STRONG,QUARANTINED,false,EXCESSIVE_PERIOD_DECREASE|CURRENT_HISTORY_DISCONTINUITY|VOLATILITY_OUTLIER
TCGCSV-2568-270477,270477,Theros Beyond Death,Theros Beyond Death Collector Booster Display,0,0,0,0,0,0,,,,,,,,,NONE,HISTORY_ACCUMULATING,false,
TCGCSV-2494-490512,490512,Throne of Eldraine,Throne of Eldraine Collector Booster Display,0,0,0,0,0,0,,,,,,,,,NONE,HISTORY_ACCUMULATING,false,
TCGCSV-23874-604262,604262,Aetherdrift,Aetherdrift - Collector Booster Display Master Case,0,0,0,0,0,0,,,,,,,,,NONE,HISTORY_ACCUMULATING,false,
TCGCSV-23447-541240,541240,Bloomburrow,Bloomburrow - Collector Booster Display Master Case,0,0,0,0,0,0,,,,,,,,,NONE,HISTORY_ACCUMULATING,false,
TCGCSV-23020-497724,497724,Commander Masters,Commander Masters - Collector Booster Box Case,0,0,0,0,0,0,,,,,,,,,NONE,HISTORY_ACCUMULATING,false,
TCGCSV-23550-557246,557246,Duskmourn: House of Horror,Duskmourn: House of Horror - Collector Booster Display Master Case,0,0,0,0,0,0,,,,,,,,,NONE,HISTORY_ACCUMULATING,false,
TCGCSV-24233-619695,619695,Edge of Eternities,Edge of Eternities - Collector Booster Display Master Case,0,0,0,0,0,0,,,,,,,,,NONE,HISTORY_ACCUMULATING,false,
TCGCSV-24219-628315,628315,FINAL FANTASY,FINAL FANTASY - Collector Booster Display (Japanese),0,0,0,0,0,0,,,,698.3,,,,,NONE,HISTORY_ACCUMULATING,false,
TCGCSV-24219-618895,618895,FINAL FANTASY,FINAL FANTASY - Collector Booster Display Master Case,0,0,0,0,0,0,,,,,,,,,NONE,HISTORY_ACCUMULATING,false,
TCGCSV-23556-562124,562124,Foundations,Magic: The Gathering Foundations - Collector Booster Display Master Case,0,0,0,0,0,0,,,,,,,,,NONE,HISTORY_ACCUMULATING,false,
TCGCSV-23848-646348,646348,Innistrad Remastered,Innistrad Remastered - Collector Booster Display Master Case,0,0,0,0,0,0,,,,,,,,,NONE,HISTORY_ACCUMULATING,false,
TCGCSV-24463-656326,656326,Lorwyn Eclipsed,Lorwyn Eclipsed - Collector Booster Display Master Case,0,0,0,0,0,0,,,,,,,,,NONE,HISTORY_ACCUMULATING,false,
TCGCSV-22876-489221,489221,March of the Machine: The Aftermath,March of the Machine: The Aftermath - Collector Booster Display Master Case,0,0,0,0,0,0,,,,,,,,,NONE,HISTORY_ACCUMULATING,false,
TCGCSV-24553-675608,675608,Marvel Super Heroes,Marvel Super Heroes - Collector Booster Display Master Case,0,0,0,0,0,0,,,,,,,,,NONE,HISTORY_ACCUMULATING,false,
TCGCSV-24245-654626,654626,Marvel's Spider-Man,Marvel's Spider-Man - Collector Booster Display Master Case,0,0,0,0,0,0,,,,,,,,,NONE,HISTORY_ACCUMULATING,false,
TCGCSV-23444-541183,541183,Modern Horizons 3,Modern Horizons 3 - Collector Booster Display Master Case,0,0,0,0,0,0,,,,,,,,,NONE,HISTORY_ACCUMULATING,false,
TCGCSV-23361-529970,529970,Murders at Karlov Manor,Murders at Karlov Manor - Collector Booster Display Master Case,0,0,0,0,0,0,,,,,,,,,NONE,HISTORY_ACCUMULATING,false,
TCGCSV-23439-541092,541092,Outlaws of Thunder Junction,Outlaws of Thunder Junction - Collector Booster Display Master Case,0,0,0,0,0,0,,,,,,,,,NONE,HISTORY_ACCUMULATING,false,
TCGCSV-23319-517711,517711,Ravnica Remastered,Ravnica Remastered - Collector Booster Display Master Case,0,0,0,0,0,0,,,,,,,,,NONE,HISTORY_ACCUMULATING,false,
TCGCSV-24601-675560,675560,Secrets of Strixhaven,Secrets of Strixhaven - Collector Booster Display Master Case,0,0,0,0,0,0,,,,,,,,,NONE,HISTORY_ACCUMULATING,false,
TCGCSV-24232-619652,619652,Tarkir: Dragonstorm,Tarkir: Dragonstorm - Collector Booster Display Master Case,0,0,0,0,0,0,,,,,,,,,NONE,HISTORY_ACCUMULATING,false,
TCGCSV-24495-657854,657854,Teenage Mutant Ninja Turtles,Teenage Mutant Ninja Turtles - Collector Booster Display MasterCase,0,0,0,0,0,0,,,,,,,,,NONE,HISTORY_ACCUMULATING,false,
TCGCSV-24683-692965,692965,The Hobbit,The Hobbit - Collector Booster Display Master Case,0,0,0,0,0,0,,,,,,,,,NONE,HISTORY_ACCUMULATING,false,
TCGCSV-23312-516617,516617,The Lost Caverns of Ixalan,The Lost Caverns of Ixalan - Collector Booster Display Master Case,0,0,0,0,0,0,,,,,,,,,NONE,HISTORY_ACCUMULATING,false,
TCGCSV-23446-541227,541227,Universes Beyond: Assassin's Creed,Universes Beyond: Assassin's Creed - Collector Booster Display Master Case,0,0,0,0,0,0,,,,,,,,,NONE,HISTORY_ACCUMULATING,false,
TCGCSV-23337-542985,542985,Universes Beyond: Fallout,Universes Beyond: Fallout - Collector Booster Display Master Case,0,0,0,0,0,0,,,,,,,,,NONE,HISTORY_ACCUMULATING,false,
TCGCSV-23019-515906,515906,Universes Beyond: The Lord of the Rings: Tales of Middle-earth,The Lord of the Rings: Tales of Middle-earth - Special Edition Collector Booster Display,31,31,31,0,0,0,2024-02-08,2026-07-22,2225.0,5729.4,157.5,69.86,-58.47,0.7912,STRONG,QUARANTINED,false,EXCESSIVE_PERIOD_DECREASE|CURRENT_HISTORY_DISCONTINUITY
TCGCSV-23019-515915,515915,Universes Beyond: The Lord of the Rings: Tales of Middle-earth,The Lord of the Rings: Tales of Middle-earth - Special Edition Collector Booster Display Master Case,0,0,0,0,0,0,,,,,,,,,NONE,HISTORY_ACCUMULATING,false,
TCGCSV-23163-496042,496042,Wilds of Eldraine,Wilds of Eldraine - Collector Booster Display Master Case,0,0,0,0,0,0,,,,,,,,,NONE,HISTORY_ACCUMULATING,false,
TCGCSV-24766-706142,706142,Star Trek,Star Trek Collector Booster Display,0,0,0,0,0,0,,,,701.58,,,,,NONE,HISTORY_ACCUMULATING,false,
