"signal_group","source_path","source_field","population_rate","inferred_value_type","candidate_status","contract_target_field","evidence_type","transformation_method","source_quality_class","effective_date_field","usable_for_collector","limitations","adjudication_notes"
"DEMAND","data/staging/purchase_refresh/2026-07-31/collector_history_rebuilt/product_master_model_input.csv","demand_signal_confidence","1.0","NUMERIC","REVIEW_REQUIRED","","","","","","","",""
"SUPPLY","data/staging/purchase_refresh/2026-07-31/collector_history_rebuilt/product_master_model_input.csv","scarcity_signal_score","1.0","NUMERIC","REVIEW_REQUIRED","","","","","","","",""
"DEMAND","data/staging/purchase_refresh/2026-07-31/collector_history_rebuilt/product_master_model_input.csv","real_demand_score","1.0","NUMERIC","REVIEW_REQUIRED","","","","","","","",""
"SUPPLY","data/staging/purchase_refresh/2026-07-31/collector_history_rebuilt/product_master_model_input.csv","inventory_signal_confidence","1.0","BOOLEAN_LIKE","REVIEW_REQUIRED","","","","","","","",""
"DEMAND","data/staging/purchase_refresh/2026-07-31/collector_history_rebuilt/product_master_model_input.csv","sales_velocity_score","1.0","NUMERIC","REVIEW_REQUIRED","","","","","","","",""
"SUPPLY","data/staging/purchase_refresh/2026-07-31/collector_history_rebuilt/product_master_model_input.csv","scarcity_signal_confidence","1.0","NUMERIC","REVIEW_REQUIRED","","","","","","","",""
"PRICE","data/staging/purchase_refresh/2026-07-31/collector_history_rebuilt/product_master_model_input.csv","current_price","1.0","NUMERIC","REVIEW_REQUIRED","","","","","","","",""
"PRICE","data/staging/purchase_refresh/2026-07-31/collector_history_rebuilt/product_master_model_input.csv","market_price","1.0","NUMERIC","REVIEW_REQUIRED","","","","","","","",""
"DEMAND","data/staging/purchase_refresh/2026-07-31/collector_history_rebuilt/product_master_model_input.csv","mc_expected_value","1.0","NUMERIC","REVIEW_REQUIRED","","","","","","","",""
"LIQUIDITY","data/staging/purchase_refresh/2026-07-31/collector_history_rebuilt/product_master_model_input.csv","liquidity_proxy_score","1.0","NUMERIC","REVIEW_REQUIRED","","","","","","","",""
"SUPPLY","data/staging/purchase_refresh/2026-07-31/collector_history_rebuilt/product_master_model_input.csv","inventory_risk_proxy","1.0","NUMERIC","REVIEW_REQUIRED","","","","","","","",""
"SUPPLY","data/staging/purchase_refresh/2026-07-31/collector_history_rebuilt/product_master_model_input.csv","inventory_signal_score","1.0","NUMERIC","REVIEW_REQUIRED","","","","","","","",""
"SUPPLY","data/staging/purchase_refresh/2026-07-31/collector_history_rebuilt/product_master_model_input.csv","supply_dump_risk","1.0","NUMERIC","REVIEW_REQUIRED","","","","","","","",""
"LIQUIDITY","data/staging/purchase_refresh/2026-07-31/collector_history_rebuilt/product_master_model_input.csv","liquidity_risk","1.0","NUMERIC","REVIEW_REQUIRED","","","","","","","",""
"LIQUIDITY","data/staging/purchase_refresh/2026-07-31/collector_history_rebuilt/product_master_model_input.csv","liquidity_score","1.0","NUMERIC","REVIEW_REQUIRED","","","","","","","",""
"SUPPLY","data/staging/purchase_refresh/2026-07-31/collector_history_rebuilt/product_master_model_input.csv","supply_score","1.0","NUMERIC","REVIEW_REQUIRED","","","","","","","",""
"DEMAND","data/staging/purchase_refresh/2026-07-31/collector_history_rebuilt/product_master_model_input.csv","demand_score","1.0","NUMERIC","REVIEW_REQUIRED","","","","","","","",""
"PRICE","data/staging/purchase_refresh/2026-07-31/collector_history_rebuilt/product_master_model_input.csv","volatility_score","1.0","NUMERIC","REVIEW_REQUIRED","","","","","","","",""
"PRICE","data/staging/purchase_refresh/2026-07-31/collector_history_rebuilt/product_master_model_input.csv","drawdown_score","1.0","NUMERIC","REVIEW_REQUIRED","","","","","","","",""
"PRICE","data/staging/purchase_refresh/2026-07-31/collector_history_rebuilt/product_master_model_input.csv","drawdown_from_ath","1.0","NUMERIC","REVIEW_REQUIRED","","","","","","","",""
"PRICE","data/staging/purchase_refresh/2026-07-31/collector_history_rebuilt/product_master_model_input.csv","drawdown_from_high","1.0","NUMERIC","REVIEW_REQUIRED","","","","","","","",""
"COMPARABLE","data/staging/purchase_refresh/2026-07-31/collector_history_rebuilt/product_master_model_input.csv","investment_product_type","1.0","TEXT_OR_CATEGORY","REVIEW_REQUIRED","","","","","","","",""
"PRICE","data/staging/purchase_refresh/2026-07-31/collector_history_rebuilt/product_master_model_input.csv","current_price_history","1.0","NUMERIC","REVIEW_REQUIRED","","","","","","","",""
"PRICE","data/staging/purchase_refresh/2026-07-31/collector_history_rebuilt/product_master_model_input.csv","current_price_db","1.0","NUMERIC","REVIEW_REQUIRED","","","","","","","",""
"PRICE","data/staging/purchase_refresh/2026-07-31/collector_history_rebuilt/product_master_model_input.csv","return_30d","0.960784","NUMERIC","REVIEW_REQUIRED","","","","","","","",""
"PRICE","data/staging/purchase_refresh/2026-07-31/collector_history_rebuilt/product_master_model_input.csv","annualized_volatility","0.960784","NUMERIC","REVIEW_REQUIRED","","","","","","","",""
"PRICE","data/staging/purchase_refresh/2026-07-31/collector_history_rebuilt/product_master_model_input.csv","return_180d","0.921569","NUMERIC","REVIEW_REQUIRED","","","","","","","",""
"PRICE","data/staging/purchase_refresh/2026-07-31/collector_history_rebuilt/product_master_model_input.csv","return_90d","0.921569","NUMERIC","REVIEW_REQUIRED","","","","","","","",""
"PRICE","data/staging/purchase_refresh/2026-07-31/collector_history_rebuilt/product_master_model_input.csv","return_365d","0.823529","NUMERIC","REVIEW_REQUIRED","","","","","","","",""
"SUPPLY","data/validation/phase_10/pre_collector_booster_boxes/market_value_admission/pre_collector_booster_box_market_value_admission_ledger.csv","accepted_listing_count","1.0","NUMERIC","REVIEW_REQUIRED","","","","","","","",""
"PRICE","data/operations/collector_booster_history_certification/candidate_v1_0_0/collector_history_product_certification.csv","current_price","1.0","NUMERIC","REVIEW_REQUIRED","","","","","","","",""
"SUPPLY","data/validation/phase_10/pre_collector_booster_boxes/market_value_plausibility/pre_collector_market_value_plausibility_audit.csv","accepted_listing_count","1.0","NUMERIC","REVIEW_REQUIRED","","","","","","","",""
"PRICE","data/operations/collector_booster_history_certification/candidate_v1_0_0/collector_history_forecast_blocked.csv","current_price","1.0","NUMERIC","REVIEW_REQUIRED","","","","","","","",""
"PRICE","data/operations/collector_booster_history_certification/candidate_v1_0_0/collector_history_anomaly_queue.csv","robust_annualized_volatility","1.0","NUMERIC","REVIEW_REQUIRED","","","","","","","",""
"PRICE","data/operations/collector_booster_history_certification/candidate_v1_0_0/collector_history_anomaly_queue.csv","current_price","1.0","NUMERIC","REVIEW_REQUIRED","","","","","","","",""
"PRICE","data/operations/collector_booster_history_certification/candidate_v1_0_0/collector_history_forecast_eligible.csv","current_price","1.0","NUMERIC","REVIEW_REQUIRED","","","","","","","",""
"PRICE","data/operations/collector_booster_history_certification/candidate_v1_0_0/collector_history_forecast_eligible.csv","robust_annualized_volatility","1.0","NUMERIC","REVIEW_REQUIRED","","","","","","","",""
"SUPPLY","data/operations/phase_8_2_1d_repair_input/repo/data/validation/phase_10/pre_collector_booster_boxes/market_value_plausibility/pre_collector_market_value_plausibility_audit.csv","accepted_listing_count","1.0","NUMERIC","REVIEW_REQUIRED","","","","","","","",""
"SUPPLY","data/operations/phase_8_2_1d_repair_input/repo/data/validation/phase_10/pre_collector_booster_boxes/market_value_admission/pre_collector_booster_box_market_value_admission_ledger.csv","accepted_listing_count","1.0","NUMERIC","REVIEW_REQUIRED","","","","","","","",""
"COMPARABLE","data/staging/purchase_refresh/2026-07-31/collector_history_rebuilt/investment_products.csv","investment_product_type","1.0","TEXT_OR_CATEGORY","REVIEW_REQUIRED","","","","","","","",""
"PRICE","data/operations/collector_booster_history_certification/candidate_v1_0_0/collector_history_product_certification.csv","robust_annualized_volatility","0.960784","NUMERIC","REVIEW_REQUIRED","","","","","","","",""
"PRICE","data/operations/collector_booster_history_certification/candidate_v1_0_0/collector_history_forecast_blocked.csv","robust_annualized_volatility","0.92","NUMERIC","REVIEW_REQUIRED","","","","","","","",""
"PRICE","data/operations/collector_forecast_method_routing/candidate_v1_0_0/collector_forecast_method_routes.csv","current_price","1.0","NUMERIC","REVIEW_REQUIRED","","","","","","","",""
"COMPARABLE","data/operations/collector_booster_admission/2026-07-31-star-trek/proposed_investment_products.csv","investment_product_type","1.0","TEXT_OR_CATEGORY","REVIEW_REQUIRED","","","","","","","",""
"COMPARABLE","data/operations/collector_forecast_method_routing/candidate_v1_0_0/collector_forecast_method_routes.csv","comparable_method_allowed","1.0","BOOLEAN_LIKE","REVIEW_REQUIRED","","","","","","","",""
"COMPARABLE","data/operations/collector_booster_admission/2026-07-31-star-trek/backups/20260731T182345Z/investment_products.csv","investment_product_type","1.0","TEXT_OR_CATEGORY","REVIEW_REQUIRED","","","","","","","",""
"COMPARABLE","data/operations/collector_forecast_method_routing/candidate_v1_0_0/collector_forecast_method_routes.csv","comparable_group_required","1.0","BOOLEAN_LIKE","REVIEW_REQUIRED","","","","","","","",""
"COMPARABLE","data/operations/collector_booster_universe_audit/candidate_v1_0_0/collector_registry_universe_classification.csv","investment_product_type","1.0","TEXT_OR_CATEGORY","REVIEW_REQUIRED","","","","","","","",""
"COMPARABLE","data/operations/collector_booster_universe_audit/candidate_v1_0_0/collector_display_included.csv","investment_product_type","1.0","TEXT_OR_CATEGORY","REVIEW_REQUIRED","","","","","","","",""
"COMPARABLE","data/operations/collector_booster_universe_audit/candidate_v1_0_0/collector_configuration_excluded.csv","investment_product_type","1.0","TEXT_OR_CATEGORY","REVIEW_REQUIRED","","","","","","","",""
"COMPARABLE","data/operations/collector_forecast_method_routing/candidate_v1_0_0/collector_comparable_method_required.csv","comparable_group_required","1.0","BOOLEAN_LIKE","REVIEW_REQUIRED","","","","","","","",""
"COMPARABLE","data/operations/collector_forecast_method_routing/candidate_v1_0_0/collector_comparable_method_required.csv","comparable_method_allowed","1.0","BOOLEAN_LIKE","REVIEW_REQUIRED","","","","","","","",""
"PRICE","data/operations/collector_forecast_method_routing/candidate_v1_0_0/collector_comparable_method_required.csv","current_price","1.0","NUMERIC","REVIEW_REQUIRED","","","","","","","",""
"PRICE","data/discovered/collector_booster_boxes_discovered.csv","volatility_score","1.0","NUMERIC","REVIEW_REQUIRED","","","","","","","",""
"LIQUIDITY","data/discovered/collector_booster_boxes_discovered.csv","liquidity_risk","1.0","NUMERIC","REVIEW_REQUIRED","","","","","","","",""
"PRICE","data/discovered/collector_booster_model_input.csv","current_price","1.0","NUMERIC","REVIEW_REQUIRED","","","","","","","",""
"COMPARABLE","data/operations/collector_booster_admission/2026-07-31-star-trek/auto_admitted_candidates.csv","investment_product_type","1.0","TEXT_OR_CATEGORY","REVIEW_REQUIRED","","","","","","","",""
"PRICE","data/discovered/collector_booster_model_input.csv","market_price","1.0","NUMERIC","REVIEW_REQUIRED","","","","","","","",""
"SUPPLY","data/discovered/collector_booster_boxes_discovered.csv","supply_score","1.0","NUMERIC","REVIEW_REQUIRED","","","","","","","",""
"SUPPLY","data/operations/phase_8_2_1d_repair_input/repo/data/validation/phase_10/pre_collector_booster_boxes/full_evaluation/pre_collector_booster_box_full_evaluation.csv","accepted_listing_count","1.0","NUMERIC","REVIEW_REQUIRED","","","","","","","",""
"DEMAND","data/discovered/collector_booster_boxes_discovered.csv","demand_score","1.0","NUMERIC","REVIEW_REQUIRED","","","","","","","",""
"SUPPLY","data/discovered/collector_booster_boxes_discovered.csv","supply_dump_risk","1.0","NUMERIC","REVIEW_REQUIRED","","","","","","","",""
"LIQUIDITY","data/discovered/collector_booster_boxes_discovered.csv","liquidity_score","1.0","NUMERIC","REVIEW_REQUIRED","","","","","","","",""
"COMPARABLE","data/discovered/collector_booster_model_input.csv","investment_product_type","1.0","TEXT_OR_CATEGORY","REVIEW_REQUIRED","","","","","","","",""
"PRICE","data/discovered/collector_booster_model_input.csv","volatility_score","1.0","NUMERIC","REVIEW_REQUIRED","","","","","","","",""
"PRICE","data/discovered/collector_booster_model_input.csv","current_price_history","1.0","NUMERIC","REVIEW_REQUIRED","","","","","","","",""
"PRICE","data/operations/collector_booster_admission/2026-07-31-star-trek/auto_admitted_candidates.csv","market_price_parsed","1.0","NUMERIC","REVIEW_REQUIRED","","","","","","","",""
"PRICE","data/discovered/collector_booster_model_input.csv","drawdown_from_high","1.0","NUMERIC","REVIEW_REQUIRED","","","","","","","",""
"DEMAND","data/discovered/collector_booster_model_input.csv","demand_score","1.0","NUMERIC","REVIEW_REQUIRED","","","","","","","",""
"SUPPLY","data/discovered/collector_booster_model_input.csv","supply_score","1.0","NUMERIC","REVIEW_REQUIRED","","","","","","","",""
"LIQUIDITY","data/discovered/collector_booster_model_input.csv","liquidity_score","1.0","NUMERIC","REVIEW_REQUIRED","","","","","","","",""
"LIQUIDITY","data/discovered/collector_booster_model_input.csv","liquidity_risk","1.0","NUMERIC","REVIEW_REQUIRED","","","","","","","",""
"SUPPLY","data/discovered/collector_booster_model_input.csv","supply_dump_risk","1.0","NUMERIC","REVIEW_REQUIRED","","","","","","","",""
"SUPPLY","data/validation/phase_10/pre_collector_booster_boxes/full_evaluation/pre_collector_booster_box_full_evaluation.csv","accepted_listing_count","1.0","NUMERIC","REVIEW_REQUIRED","","","","","","","",""
"SUPPLY","data/reference/phase_11/mtg_hosted_baseline/pre_collector_evaluation.csv","accepted_listing_count","1.0","NUMERIC","REVIEW_REQUIRED","","","","","","","",""
"SUPPLY","data/validation/phase_10/pre_collector_booster_boxes/source_quality/pre_collector_product_source_quality.csv","accepted_listing_count","1.0","NUMERIC","REVIEW_REQUIRED","","","","","","","",""
"SUPPLY","data/validation/phase_10/pre_collector_booster_boxes/source_quality/pre_collector_product_source_quality.csv","rejected_listing_count","1.0","NUMERIC","REVIEW_REQUIRED","","","","","","","",""
"SUPPLY","data/validation/phase_10/pre_collector_booster_boxes/source_quality/pre_collector_product_source_quality.csv","review_listing_count","1.0","BOOLEAN_LIKE","REVIEW_REQUIRED","","","","","","","",""
"COMPARABLE","data/staging/product_admission/collector_boosters/2026-07-31/collector_booster_unapproved_candidates.csv","investment_product_type","1.0","TEXT_OR_CATEGORY","REVIEW_REQUIRED","","","","","","","",""
"PRICE","data/discovered/collector_booster_model_input.csv","drawdown_from_ath","1.0","NUMERIC","REVIEW_REQUIRED","","","","","","","",""
"SUPPLY","data/validation/phase_10/ebay_matching/batches/pre_collector_booster_box_0075_0099/ebay_product_coverage_2026-07-23.csv","review_listing_count","1.0","BOOLEAN_LIKE","REVIEW_REQUIRED","","","","","","","",""
"SUPPLY","data/validation/phase_10/ebay_matching/batches/pre_collector_booster_box_0100_0118/ebay_product_coverage_2026-07-23.csv","accepted_listing_count","1.0","NUMERIC","REVIEW_REQUIRED","","","","","","","",""
"SUPPLY","data/validation/phase_10/ebay_matching/batches/pre_collector_booster_box_0100_0118/ebay_product_coverage_2026-07-23.csv","rejected_listing_count","1.0","NUMERIC","REVIEW_REQUIRED","","","","","","","",""
"SUPPLY","data/validation/phase_10/ebay_matching/batches/pre_collector_booster_box_0100_0118/ebay_product_coverage_2026-07-23.csv","review_listing_count","1.0","BOOLEAN_LIKE","REVIEW_REQUIRED","","","","","","","",""
"DEMAND","data/discovered/collector_booster_model_input.csv","real_demand_score","1.0","NUMERIC","REVIEW_REQUIRED","","","","","","","",""
"DEMAND","data/discovered/collector_booster_model_input.csv","demand_signal_confidence","1.0","NUMERIC","REVIEW_REQUIRED","","","","","","","",""
"DEMAND","data/discovered/collector_booster_model_input.csv","sales_velocity_score","1.0","NUMERIC","REVIEW_REQUIRED","","","","","","","",""
"SUPPLY","data/discovered/collector_booster_model_input.csv","inventory_signal_score","1.0","NUMERIC","REVIEW_REQUIRED","","","","","","","",""
"SUPPLY","data/discovered/collector_booster_model_input.csv","inventory_signal_confidence","1.0","BOOLEAN_LIKE","REVIEW_REQUIRED","","","","","","","",""
"SUPPLY","data/discovered/collector_booster_model_input.csv","scarcity_signal_score","1.0","NUMERIC","REVIEW_REQUIRED","","","","","","","",""
"DEMAND","data/discovered/collector_booster_model_input.csv","mc_expected_value","1.0","NUMERIC","REVIEW_REQUIRED","","","","","","","",""
"COMPARABLE","data/governance/mtg/collector_booster_admissions/registry_baseline_v1.csv","investment_product_type","1.0","TEXT_OR_CATEGORY","REVIEW_REQUIRED","","","","","","","",""
"SUPPLY","data/discovered/collector_booster_model_input.csv","inventory_risk_proxy","1.0","NUMERIC","REVIEW_REQUIRED","","","","","","","",""
"SUPPLY","data/discovered/collector_booster_model_input.csv","scarcity_signal_confidence","1.0","NUMERIC","REVIEW_REQUIRED","","","","","","","",""
"LIQUIDITY","data/discovered/collector_booster_model_input.csv","liquidity_proxy_score","1.0","NUMERIC","REVIEW_REQUIRED","","","","","","","",""
"SUPPLY","data/validation/phase_10/ebay_matching/batches/collector_booster_box_0025_0048/ebay_product_coverage_2026-07-22.csv","rejected_listing_count","1.0","NUMERIC","REVIEW_REQUIRED","","","","","","","",""
"SUPPLY","data/validation/phase_10/ebay_matching/batches/collector_booster_box_0025_0048/ebay_product_coverage_2026-07-22.csv","review_listing_count","1.0","BOOLEAN_LIKE","REVIEW_REQUIRED","","","","","","","",""
"SUPPLY","data/validation/phase_10/ebay_matching/batches/pre_collector_booster_box_0000_0024/ebay_product_coverage_2026-07-22.csv","accepted_listing_count","1.0","NUMERIC","REVIEW_REQUIRED","","","","","","","",""
"SUPPLY","data/validation/phase_10/ebay_matching/batches/pre_collector_booster_box_0000_0024/ebay_product_coverage_2026-07-22.csv","rejected_listing_count","1.0","NUMERIC","REVIEW_REQUIRED","","","","","","","",""
"SUPPLY","data/validation/phase_10/ebay_matching/batches/pre_collector_booster_box_0000_0024/ebay_product_coverage_2026-07-22.csv","review_listing_count","1.0","BOOLEAN_LIKE","REVIEW_REQUIRED","","","","","","","",""
"SUPPLY","data/validation/phase_10/ebay_matching/batches/collector_booster_box_0025_0048/ebay_product_coverage_2026-07-22.csv","accepted_listing_count","1.0","NUMERIC","REVIEW_REQUIRED","","","","","","","",""
"SUPPLY","data/validation/phase_10/ebay_matching/batches/pre_collector_booster_box_0000_0024/ebay_product_coverage_2026-07-23.csv","review_listing_count","1.0","BOOLEAN_LIKE","REVIEW_REQUIRED","","","","","","","",""
"SUPPLY","data/validation/phase_10/ebay_matching/batches/pre_collector_booster_box_0075_0099/ebay_product_coverage_2026-07-23.csv","rejected_listing_count","1.0","NUMERIC","REVIEW_REQUIRED","","","","","","","",""
"SUPPLY","data/validation/phase_10/ebay_matching/batches/collector_booster_box_0000_0024/ebay_product_coverage_2026-07-22.csv","accepted_listing_count","1.0","NUMERIC","REVIEW_REQUIRED","","","","","","","",""
"SUPPLY","data/validation/phase_10/ebay_matching/batches/collector_booster_box_0000_0024/ebay_product_coverage_2026-07-22.csv","rejected_listing_count","1.0","NUMERIC","REVIEW_REQUIRED","","","","","","","",""
"SUPPLY","data/validation/phase_10/ebay_matching/batches/collector_booster_box_0000_0024/ebay_product_coverage_2026-07-22.csv","review_listing_count","1.0","BOOLEAN_LIKE","REVIEW_REQUIRED","","","","","","","",""
"SUPPLY","data/validation/phase_10/ebay_matching/batches/pre_collector_booster_box_0050_0074/ebay_product_coverage_2026-07-23.csv","rejected_listing_count","1.0","NUMERIC","REVIEW_REQUIRED","","","","","","","",""
"SUPPLY","data/validation/phase_10/ebay_matching/batches/pre_collector_booster_box_0050_0074/ebay_product_coverage_2026-07-23.csv","review_listing_count","1.0","BOOLEAN_LIKE","REVIEW_REQUIRED","","","","","","","",""
"SUPPLY","data/validation/phase_10/ebay_matching/batches/pre_collector_booster_box_0075_0099/ebay_product_coverage_2026-07-23.csv","accepted_listing_count","1.0","NUMERIC","REVIEW_REQUIRED","","","","","","","",""
"PRICE","data/discovered/collector_booster_model_input.csv","current_price_db","1.0","NUMERIC","REVIEW_REQUIRED","","","","","","","",""
"PRICE","data/discovered/collector_booster_model_input.csv","drawdown_score","1.0","NUMERIC","REVIEW_REQUIRED","","","","","","","",""
"SUPPLY","data/validation/phase_10/ebay_matching/batches/pre_collector_booster_box_0050_0074/ebay_product_coverage_2026-07-23.csv","accepted_listing_count","1.0","NUMERIC","REVIEW_REQUIRED","","","","","","","",""
"SUPPLY","data/validation/phase_10/ebay_matching/batches/pre_collector_booster_box_0000_0024/ebay_product_coverage_2026-07-23.csv","rejected_listing_count","1.0","NUMERIC","REVIEW_REQUIRED","","","","","","","",""
"SUPPLY","data/validation/phase_10/ebay_matching/batches/pre_collector_booster_box_0000_0024/ebay_product_coverage_2026-07-23.csv","accepted_listing_count","1.0","NUMERIC","REVIEW_REQUIRED","","","","","","","",""
"SUPPLY","data/validation/phase_10/ebay_matching/batches/pre_collector_booster_box_0025_0049/ebay_product_coverage_2026-07-22.csv","accepted_listing_count","1.0","NUMERIC","REVIEW_REQUIRED","","","","","","","",""
"SUPPLY","data/validation/phase_10/ebay_matching/batches/pre_collector_booster_box_0025_0049/ebay_product_coverage_2026-07-22.csv","rejected_listing_count","1.0","NUMERIC","REVIEW_REQUIRED","","","","","","","",""
"SUPPLY","data/validation/phase_10/ebay_matching/batches/pre_collector_booster_box_0025_0049/ebay_product_coverage_2026-07-22.csv","review_listing_count","1.0","BOOLEAN_LIKE","REVIEW_REQUIRED","","","","","","","",""
"PRICE","data/discovered/collector_booster_model_input.csv","return_30d","0.960784","NUMERIC","REVIEW_REQUIRED","","","","","","","",""
"PRICE","data/discovered/collector_booster_model_input.csv","annualized_volatility","0.960784","NUMERIC","REVIEW_REQUIRED","","","","","","","",""
"PRICE","data/discovered/collector_booster_model_input.csv","return_180d","0.921569","NUMERIC","REVIEW_REQUIRED","","","","","","","",""
"PRICE","data/discovered/collector_booster_model_input.csv","return_90d","0.921569","NUMERIC","REVIEW_REQUIRED","","","","","","","",""
"PRICE","data/discovered/collector_booster_boxes_discovered.csv","current_price","0.889764","NUMERIC","REVIEW_REQUIRED","","","","","","","",""
"PRICE","data/discovered/collector_booster_model_input.csv","return_365d","0.823529","NUMERIC","REVIEW_REQUIRED","","","","","","","",""
"PRICE","data/discovered/collector_booster_boxes_discovered.csv","market_price","0.716535","NUMERIC","REVIEW_REQUIRED","","","","","","","",""
"SUPPLY","data/operations/phase_8_2_1d_repair_input/repo/data/validation/phase_10/historical_evidence_bridge/historical_product_master_unmatched_2026-07-22.csv","available_price_field_count","1.0","BOOLEAN_LIKE","REVIEW_REQUIRED","","","","","","","",""
"SUPPLY","data/operations/phase_8_2_1d_repair_input/repo/data/validation/phase_10/historical_evidence_bridge/historical_product_master_unmatched_2026-07-22.csv","available_performance_field_count","1.0","BOOLEAN_LIKE","REVIEW_REQUIRED","","","","","","","",""
"SUPPLY","data/validation/phase_10/historical_evidence_bridge/historical_product_master_unmatched_2026-07-22.csv","available_performance_field_count","1.0","BOOLEAN_LIKE","REVIEW_REQUIRED","","","","","","","",""
"COMPARABLE","data/operations/phase_8_2_1d_repair_input/repo/data/validation/phase_10/historical_evidence_bridge/historical_product_master_unmatched_2026-07-22.csv","canonical_product_type","1.0","TEXT_OR_CATEGORY","REVIEW_REQUIRED","","","","","","","",""
"SUPPLY","data/operations/phase_8_2_1d_repair_input/repo/data/product_master/product_master_model_input.csv","scarcity_signal_confidence","1.0","NUMERIC","REVIEW_REQUIRED","","","","","","","",""
"SUPPLY","data/operations/phase_8_2_1d_repair_input/repo/data/product_master/product_master_model_input.csv","scarcity_signal_score","1.0","NUMERIC","REVIEW_REQUIRED","","","","","","","",""
"LIQUIDITY","data/operations/phase_8_2_1d_repair_input/repo/data/product_master/product_master_model_input.csv","liquidity_proxy_score","1.0","NUMERIC","REVIEW_REQUIRED","","","","","","","",""
"DEMAND","data/operations/phase_8_2_1d_repair_input/repo/data/product_master/product_master_model_input.csv","mc_expected_value","1.0","NUMERIC","REVIEW_REQUIRED","","","","","","","",""
"SUPPLY","data/operations/phase_8_2_1d_repair_input/repo/data/product_master/product_master_model_input.csv","inventory_risk_proxy","1.0","NUMERIC","REVIEW_REQUIRED","","","","","","","",""
"LIQUIDITY","data/product_master/product_master_model_input.csv","liquidity_risk","1.0","NUMERIC","REVIEW_REQUIRED","","","","","","","",""
"SUPPLY","data/product_master/product_master_model_input.csv","supply_dump_risk","1.0","NUMERIC","REVIEW_REQUIRED","","","","","","","",""
"PRICE","data/product_master/product_master_model_input.csv","volatility_score","1.0","NUMERIC","REVIEW_REQUIRED","","","","","","","",""
"PRICE","data/product_master/product_master_model_input.csv","current_price_history","1.0","NUMERIC","REVIEW_REQUIRED","","","","","","","",""
"COMPARABLE","data/product_master/product_master_model_input.csv","investment_product_type","1.0","TEXT_OR_CATEGORY","REVIEW_REQUIRED","","","","","","","",""
"LIQUIDITY","data/product_master/product_master_model_input.csv","liquidity_score","1.0","NUMERIC","REVIEW_REQUIRED","","","","","","","",""
"PRICE","data/product_master/product_master_model_input.csv","current_price","1.0","NUMERIC","REVIEW_REQUIRED","","","","","","","",""
"COMPARABLE","data/product_master/investment_products.csv","investment_product_type","1.0","TEXT_OR_CATEGORY","REVIEW_REQUIRED","","","","","","","",""
"PRICE","data/product_master/product_master_model_input.csv","market_price","1.0","NUMERIC","REVIEW_REQUIRED","","","","","","","",""
"DEMAND","data/product_master/product_master_model_input.csv","demand_score","1.0","NUMERIC","REVIEW_REQUIRED","","","","","","","",""
"SUPPLY","data/product_master/product_master_model_input.csv","supply_score","1.0","NUMERIC","REVIEW_REQUIRED","","","","","","","",""
"PRICE","data/operations/phase_8_2_1d_repair_input/repo/data/product_master/product_master_model_input.csv","volatility_score","1.0","NUMERIC","REVIEW_REQUIRED","","","","","","","",""
"LIQUIDITY","data/operations/phase_8_2_1d_repair_input/repo/data/product_master/product_master_model_input.csv","liquidity_risk","1.0","NUMERIC","REVIEW_REQUIRED","","","","","","","",""
"COMPARABLE","data/operations/phase_8_2_1d_repair_input/repo/data/product_master/product_master_model_input.csv","investment_product_type","1.0","TEXT_OR_CATEGORY","REVIEW_REQUIRED","","","","","","","",""
"PRICE","data/operations/phase_8_2_1d_repair_input/repo/data/product_master/product_master_model_input.csv","drawdown_from_high","1.0","NUMERIC","REVIEW_REQUIRED","","","","","","","",""
"PRICE","data/operations/phase_8_2_1d_repair_input/repo/data/product_master/product_master_model_input.csv","current_price_history","1.0","NUMERIC","REVIEW_REQUIRED","","","","","","","",""
"SUPPLY","data/operations/phase_8_2_1d_repair_input/repo/data/product_master/product_master_model_input.csv","supply_dump_risk","1.0","NUMERIC","REVIEW_REQUIRED","","","","","","","",""
"PRICE","data/operations/phase_8_2_1d_repair_input/repo/data/product_master/product_master_model_input.csv","market_price","1.0","NUMERIC","REVIEW_REQUIRED","","","","","","","",""
"PRICE","data/operations/phase_8_2_1d_repair_input/repo/data/product_master/product_master_model_input.csv","current_price","1.0","NUMERIC","REVIEW_REQUIRED","","","","","","","",""
"SUPPLY","data/operations/phase_8_2_1d_repair_input/repo/data/product_master/product_master_model_input.csv","supply_score","1.0","NUMERIC","REVIEW_REQUIRED","","","","","","","",""
"LIQUIDITY","data/operations/phase_8_2_1d_repair_input/repo/data/product_master/product_master_model_input.csv","liquidity_score","1.0","NUMERIC","REVIEW_REQUIRED","","","","","","","",""
"DEMAND","data/operations/phase_8_2_1d_repair_input/repo/data/product_master/product_master_model_input.csv","demand_score","1.0","NUMERIC","REVIEW_REQUIRED","","","","","","","",""
"SUPPLY","data/operations/phase_8_2_1d_repair_input/repo/data/product_master/product_master_model_input.csv","inventory_signal_confidence","1.0","BOOLEAN_LIKE","REVIEW_REQUIRED","","","","","","","",""
"SUPPLY","data/operations/phase_8_2_1d_repair_input/repo/data/product_master/product_master_model_input.csv","inventory_signal_score","1.0","NUMERIC","REVIEW_REQUIRED","","","","","","","",""
"DEMAND","data/operations/phase_8_2_1d_repair_input/repo/data/product_master/product_master_model_input.csv","sales_velocity_score","1.0","NUMERIC","REVIEW_REQUIRED","","","","","","","",""
"DEMAND","data/operations/phase_8_2_1d_repair_input/repo/data/product_master/product_master_model_input.csv","demand_signal_confidence","1.0","NUMERIC","REVIEW_REQUIRED","","","","","","","",""
"DEMAND","data/operations/phase_8_2_1d_repair_input/repo/data/product_master/product_master_model_input.csv","real_demand_score","1.0","NUMERIC","REVIEW_REQUIRED","","","","","","","",""
"PRICE","data/operations/phase_8_2_1d_repair_input/repo/data/product_master/product_master_model_input.csv","annualized_volatility_db","1.0","NUMERIC","REVIEW_REQUIRED","","","","","","","",""
"PRICE","data/operations/phase_8_2_1d_repair_input/repo/data/product_master/product_master_model_input.csv","drawdown_score","1.0","NUMERIC","REVIEW_REQUIRED","","","","","","","",""
"PRICE","data/operations/phase_8_2_1d_repair_input/repo/data/product_master/product_master_model_input.csv","annualized_volatility","1.0","NUMERIC","REVIEW_REQUIRED","","","","","","","",""
"PRICE","data/operations/phase_8_2_1d_repair_input/repo/data/product_master/product_master_model_input.csv","current_price_db","1.0","NUMERIC","REVIEW_REQUIRED","","","","","","","",""
"PRICE","data/operations/phase_8_2_1d_repair_input/repo/data/product_master/product_master_model_input.csv","daily_return_volatility","1.0","NUMERIC","REVIEW_REQUIRED","","","","","","","",""
"PRICE","data/operations/phase_8_2_1d_repair_input/repo/data/product_master/product_master_model_input.csv","drawdown_from_ath","1.0","NUMERIC","REVIEW_REQUIRED","","","","","","","",""
"DEMAND","data/staging/purchase_refresh/2026-07-31/product_master_model_input.csv","sales_velocity_score","1.0","NUMERIC","REVIEW_REQUIRED","","","","","","","",""
"DEMAND","data/staging/purchase_refresh/2026-07-31/product_master_model_input.csv","real_demand_score","1.0","NUMERIC","REVIEW_REQUIRED","","","","","","","",""
"SUPPLY","data/staging/purchase_refresh/2026-07-31/product_master_model_input.csv","inventory_signal_confidence","1.0","BOOLEAN_LIKE","REVIEW_REQUIRED","","","","","","","",""
"PRICE","data/staging/purchase_refresh/2026-07-31/product_master_model_input.csv","drawdown_from_ath","1.0","NUMERIC","REVIEW_REQUIRED","","","","","","","",""
"SUPPLY","data/staging/purchase_refresh/2026-07-31/product_master_model_input.csv","inventory_signal_score","1.0","NUMERIC","REVIEW_REQUIRED","","","","","","","",""
"DEMAND","data/staging/purchase_refresh/2026-07-31/product_master_model_input.csv","demand_signal_confidence","1.0","NUMERIC","REVIEW_REQUIRED","","","","","","","",""
"SUPPLY","data/staging/purchase_refresh/2026-07-31/product_master_model_input.csv","inventory_risk_proxy","1.0","NUMERIC","REVIEW_REQUIRED","","","","","","","",""
"DEMAND","data/staging/purchase_refresh/2026-07-31/product_master_model_input.csv","mc_expected_value","1.0","NUMERIC","REVIEW_REQUIRED","","","","","","","",""
"LIQUIDITY","data/staging/purchase_refresh/2026-07-31/product_master_model_input.csv","liquidity_proxy_score","1.0","NUMERIC","REVIEW_REQUIRED","","","","","","","",""
"SUPPLY","data/staging/purchase_refresh/2026-07-31/product_master_model_input.csv","scarcity_signal_score","1.0","NUMERIC","REVIEW_REQUIRED","","","","","","","",""
"SUPPLY","data/staging/purchase_refresh/2026-07-31/product_master_model_input.csv","scarcity_signal_confidence","1.0","NUMERIC","REVIEW_REQUIRED","","","","","","","",""
"DEMAND","data/staging/purchase_refresh/2026-07-31/product_master_model_input.csv","demand_score","1.0","NUMERIC","REVIEW_REQUIRED","","","","","","","",""
"LIQUIDITY","data/staging/purchase_refresh/2026-07-31/product_master_model_input.csv","liquidity_score","1.0","NUMERIC","REVIEW_REQUIRED","","","","","","","",""
"SUPPLY","data/staging/purchase_refresh/2026-07-31/product_master_model_input.csv","supply_score","1.0","NUMERIC","REVIEW_REQUIRED","","","","","","","",""
"PRICE","data/staging/purchase_refresh/2026-07-31/product_master_model_input.csv","current_price","1.0","NUMERIC","REVIEW_REQUIRED","","","","","","","",""
"PRICE","data/staging/purchase_refresh/2026-07-31/product_master_model_input.csv","market_price","1.0","NUMERIC","REVIEW_REQUIRED","","","","","","","",""
"SUPPLY","data/staging/purchase_refresh/2026-07-31/product_master_model_input.csv","supply_dump_risk","1.0","NUMERIC","REVIEW_REQUIRED","","","","","","","",""
"PRICE","data/staging/purchase_refresh/2026-07-31/product_master_model_input.csv","drawdown_score","1.0","NUMERIC","REVIEW_REQUIRED","","","","","","","",""
"PRICE","data/staging/purchase_refresh/2026-07-31/product_master_model_input.csv","current_price_db","1.0","NUMERIC","REVIEW_REQUIRED","","","","","","","",""
"COMPARABLE","data/staging/purchase_refresh/2026-07-31/product_master_model_input.csv","investment_product_type","1.0","TEXT_OR_CATEGORY","REVIEW_REQUIRED","","","","","","","",""
"LIQUIDITY","data/staging/purchase_refresh/2026-07-31/product_master_model_input.csv","liquidity_risk","1.0","NUMERIC","REVIEW_REQUIRED","","","","","","","",""
"PRICE","data/staging/purchase_refresh/2026-07-31/product_master_model_input.csv","volatility_score","1.0","NUMERIC","REVIEW_REQUIRED","","","","","","","",""
"DEMAND","data/product_master/product_master_model_input.csv","real_demand_score","1.0","NUMERIC","REVIEW_REQUIRED","","","","","","","",""
"DEMAND","data/product_master/product_master_model_input.csv","sales_velocity_score","1.0","NUMERIC","REVIEW_REQUIRED","","","","","","","",""
"DEMAND","data/product_master/product_master_model_input.csv","demand_signal_confidence","1.0","NUMERIC","REVIEW_REQUIRED","","","","","","","",""
"SUPPLY","data/product_master/product_master_model_input.csv","scarcity_signal_confidence","1.0","NUMERIC","REVIEW_REQUIRED","","","","","","","",""
"SUPPLY","data/product_master/product_master_model_input.csv","scarcity_signal_score","1.0","NUMERIC","REVIEW_REQUIRED","","","","","","","",""
"SUPPLY","data/product_master/product_master_model_input.csv","inventory_signal_confidence","1.0","BOOLEAN_LIKE","REVIEW_REQUIRED","","","","","","","",""
"PRICE","data/product_master/product_master_model_input.csv","drawdown_score","1.0","NUMERIC","REVIEW_REQUIRED","","","","","","","",""
"PRICE","data/product_master/product_master_model_input.csv","drawdown_from_high","1.0","NUMERIC","REVIEW_REQUIRED","","","","","","","",""
"PRICE","data/product_master/product_master_model_input.csv","current_price_db","1.0","NUMERIC","REVIEW_REQUIRED","","","","","","","",""
"SUPPLY","data/product_master/product_master_model_input.csv","inventory_signal_score","1.0","NUMERIC","REVIEW_REQUIRED","","","","","","","",""
"PRICE","data/product_master/product_master_model_input.csv","drawdown_from_ath","1.0","NUMERIC","REVIEW_REQUIRED","","","","","","","",""
"LIQUIDITY","data/product_master/product_selection_review.csv","liquidity_risk","1.0","NUMERIC","REVIEW_REQUIRED","","","","","","","",""
"SUPPLY","data/product_master/product_selection_review.csv","supply_dump_risk","1.0","NUMERIC","REVIEW_REQUIRED","","","","","","","",""
"PRICE","data/product_master/product_selection_review.csv","volatility_score","1.0","NUMERIC","REVIEW_REQUIRED","","","","","","","",""
"COMPARABLE","data/validation/phase_10/historical_evidence_bridge/historical_product_master_unmatched_2026-07-22.csv","canonical_product_type","1.0","TEXT_OR_CATEGORY","REVIEW_REQUIRED","","","","","","","",""
"SUPPLY","data/validation/phase_10/historical_evidence_bridge/historical_product_master_unmatched_2026-07-22.csv","available_price_field_count","1.0","BOOLEAN_LIKE","REVIEW_REQUIRED","","","","","","","",""
"LIQUIDITY","data/product_master/product_selection_review.csv","liquidity_score","1.0","NUMERIC","REVIEW_REQUIRED","","","","","","","",""
"SUPPLY","data/product_master/product_master_model_input.csv","inventory_risk_proxy","1.0","NUMERIC","REVIEW_REQUIRED","","","","","","","",""
"LIQUIDITY","data/product_master/product_master_model_input.csv","liquidity_proxy_score","1.0","NUMERIC","REVIEW_REQUIRED","","","","","","","",""
"DEMAND","data/product_master/product_master_model_input.csv","mc_expected_value","1.0","NUMERIC","REVIEW_REQUIRED","","","","","","","",""
"DEMAND","data/product_master/product_selection_review.csv","demand_score","1.0","NUMERIC","REVIEW_REQUIRED","","","","","","","",""
"SUPPLY","data/product_master/product_selection_review.csv","supply_score","1.0","NUMERIC","REVIEW_REQUIRED","","","","","","","",""
"DEMAND","data/operations/phase_8_2_1b_2_repair_input/evidence/aftermath/data__product_master__product_master_model_input.csv","mc_expected_value","1.0","NUMERIC","REVIEW_REQUIRED","","","","","","","",""
"PRICE","data/operations/phase_8_2_1b_2_repair_input/evidence/aftermath/data__product_master__product_master_model_input.csv","drawdown_from_high","1.0","NUMERIC","REVIEW_REQUIRED","","","","","","","",""
"PRICE","data/operations/phase_8_2_1b_2_repair_input/evidence/aftermath/data__product_master__product_master_model_input.csv","current_price_history","1.0","NUMERIC","REVIEW_REQUIRED","","","","","","","",""
"COMPARABLE","data/operations/phase_8_2_1b_2_repair_input/evidence/aftermath/data__product_master__product_master_model_input.csv","investment_product_type","1.0","TEXT_OR_CATEGORY","REVIEW_REQUIRED","","","","","","","",""
"PRICE","data/operations/phase_8_2_1b_2_repair_input/evidence/aftermath/data__product_master__product_master_model_input.csv","current_price_db","1.0","NUMERIC","REVIEW_REQUIRED","","","","","","","",""
"PRICE","data/operations/phase_8_2_1b_2_repair_input/evidence/aftermath/data__product_master__product_master_model_input.csv","drawdown_score","1.0","NUMERIC","REVIEW_REQUIRED","","","","","","","",""
"PRICE","data/operations/phase_8_2_1b_2_repair_input/evidence/aftermath/data__product_master__product_master_model_input.csv","annualized_volatility","1.0","NUMERIC","REVIEW_REQUIRED","","","","","","","",""
"PRICE","data/operations/phase_8_2_1b_2_repair_input/evidence/aftermath/data__product_master__product_master_model_input.csv","volatility_score","1.0","NUMERIC","REVIEW_REQUIRED","","","","","","","",""
"SUPPLY","data/operations/phase_8_2_1b_2_repair_input/evidence/aftermath/data__product_master__product_master_model_input.csv","supply_score","1.0","NUMERIC","REVIEW_REQUIRED","","","","","","","",""
"PRICE","data/operations/phase_8_2_1b_2_repair_input/evidence/aftermath/data__product_master__product_master_model_input.csv","market_price","1.0","NUMERIC","REVIEW_REQUIRED","","","","","","","",""
"PRICE","data/operations/phase_8_2_1b_2_repair_input/evidence/aftermath/data__product_master__product_master_model_input.csv","current_price","1.0","NUMERIC","REVIEW_REQUIRED","","","","","","","",""
"LIQUIDITY","data/operations/phase_8_2_1b_2_repair_input/evidence/aftermath/data__product_master__product_master_model_input.csv","liquidity_risk","1.0","NUMERIC","REVIEW_REQUIRED","","","","","","","",""
"SUPPLY","data/operations/phase_8_2_1b_2_repair_input/evidence/aftermath/data__product_master__product_master_model_input.csv","supply_dump_risk","1.0","NUMERIC","REVIEW_REQUIRED","","","","","","","",""
"LIQUIDITY","data/operations/phase_8_2_1b_2_repair_input/evidence/aftermath/data__product_master__product_master_model_input.csv","liquidity_score","1.0","NUMERIC","REVIEW_REQUIRED","","","","","","","",""
"SUPPLY","data/operations/phase_8_2_1b_2_repair_input/evidence/aftermath/data__product_master__product_master_model_input.csv","scarcity_signal_confidence","1.0","NUMERIC","REVIEW_REQUIRED","","","","","","","",""
"SUPPLY","data/operations/phase_8_2_1b_2_repair_input/evidence/aftermath/data__product_master__product_master_model_input.csv","scarcity_signal_score","1.0","NUMERIC","REVIEW_REQUIRED","","","","","","","",""
"DEMAND","data/operations/phase_8_2_1b_2_repair_input/evidence/aftermath/data__product_master__product_master_model_input.csv","demand_signal_confidence","1.0","NUMERIC","REVIEW_REQUIRED","","","","","","","",""
"DEMAND","data/operations/phase_8_2_1b_2_repair_input/evidence/aftermath/data__product_master__product_master_model_input.csv","demand_score","1.0","NUMERIC","REVIEW_REQUIRED","","","","","","","",""
"SUPPLY","data/operations/phase_8_2_1b_2_repair_input/evidence/aftermath/data__product_master__product_master_model_input.csv","inventory_risk_proxy","1.0","NUMERIC","REVIEW_REQUIRED","","","","","","","",""
"LIQUIDITY","data/operations/phase_8_2_1b_2_repair_input/evidence/aftermath/data__product_master__product_master_model_input.csv","liquidity_proxy_score","1.0","NUMERIC","REVIEW_REQUIRED","","","","","","","",""
"DEMAND","data/operations/phase_8_2_1b_2_repair_input/evidence/aftermath/data__product_master__product_master_model_input.csv","real_demand_score","1.0","NUMERIC","REVIEW_REQUIRED","","","","","","","",""
"PRICE","data/operations/phase_8_2_1b_2_repair_input/evidence/aftermath/data__product_master__product_master_model_input.csv","drawdown_from_ath","1.0","NUMERIC","REVIEW_REQUIRED","","","","","","","",""
"PRICE","data/operations/phase_8_2_1b_2_repair_input/evidence/aftermath/data__product_master__product_master_model_input.csv","annualized_volatility_db","1.0","NUMERIC","REVIEW_REQUIRED","","","","","","","",""
"PRICE","data/operations/phase_8_2_1b_2_repair_input/evidence/aftermath/data__product_master__product_master_model_input.csv","daily_return_volatility","1.0","NUMERIC","REVIEW_REQUIRED","","","","","","","",""
"DEMAND","data/operations/phase_8_2_1b_2_repair_input/evidence/aftermath/data__product_master__product_master_model_input.csv","sales_velocity_score","1.0","NUMERIC","REVIEW_REQUIRED","","","","","","","",""
"SUPPLY","data/operations/phase_8_2_1b_2_repair_input/evidence/aftermath/data__product_master__product_master_model_input.csv","inventory_signal_confidence","1.0","BOOLEAN_LIKE","REVIEW_REQUIRED","","","","","","","",""
"SUPPLY","data/operations/phase_8_2_1b_2_repair_input/evidence/aftermath/data__product_master__product_master_model_input.csv","inventory_signal_score","1.0","NUMERIC","REVIEW_REQUIRED","","","","","","","",""
"PRICE","data/product_master/product_selection_review.csv","current_price","0.980392","NUMERIC","REVIEW_REQUIRED","","","","","","","",""
"PRICE","data/product_master/product_selection_review.csv","market_price","0.980392","NUMERIC","REVIEW_REQUIRED","","","","","","","",""
"PRICE","data/product_master/product_master_model_input.csv","return_30d","0.960784","NUMERIC","REVIEW_REQUIRED","","","","","","","",""
"PRICE","data/product_master/product_master_model_input.csv","annualized_volatility","0.960784","NUMERIC","REVIEW_REQUIRED","","","","","","","",""
"PRICE","data/product_master/product_master_model_input.csv","return_180d","0.921569","NUMERIC","REVIEW_REQUIRED","","","","","","","",""
"PRICE","data/product_master/product_master_model_input.csv","return_90d","0.921569","NUMERIC","REVIEW_REQUIRED","","","","","","","",""
"PRICE","data/product_master/product_master_model_input.csv","return_365d","0.823529","NUMERIC","REVIEW_REQUIRED","","","","","","","",""
"PRICE","data/product_master/product_candidates.csv","market_price","0.716535","NUMERIC","REVIEW_REQUIRED","","","","","","","",""
"SUPPLY","data/operations/mtg_ebay_history_accumulation/live_pilot/EBAY-HIST-001/attempts/attempt_20260728T121920Z/product_coverage.csv","accepted_listing_count","1.0","BOOLEAN_LIKE","REVIEW_REQUIRED","","","","","","","",""
"SUPPLY","data/operations/mtg_ebay_history_accumulation/live_pilot/EBAY-HIST-001/attempts/attempt_20260728T120330Z/product_coverage.csv","accepted_listing_count","1.0","NUMERIC","REVIEW_REQUIRED","","","","","","","",""
"SUPPLY","data/operations/mtg_ebay_history_accumulation/live_pilot/EBAY-HIST-001/attempts/attempt_20260728T122734Z/product_coverage.csv","accepted_listing_count","1.0","BOOLEAN_LIKE","REVIEW_REQUIRED","","","","","","","",""
"SUPPLY","data/operations/mtg_ebay_history_accumulation/live_pilot/EBAY-HIST-001/attempts/attempt_20260728T121920Z/product_coverage.csv","rejected_listing_count","1.0","BOOLEAN_LIKE","REVIEW_REQUIRED","","","","","","","",""
"SUPPLY","data/market_signals/real_signal_scores.csv","inventory_signal_score","1.0","NUMERIC","REVIEW_REQUIRED","","","","","","","",""
