admission_tier,annualized_volatility,annualized_volatility_db,approval_method,approval_status,approved_product_name,approved_tcgplayer_product_id,approved_tcgplayer_product_id_str,asset_class,asset_id,asset_name,asset_subclass,ath_price,atl_price,box_name,box_name_db,box_name_master,canonical_product_id,canonical_product_name,canonical_set_name,chase_concentration_risk,chase_score,confidence,currency,current_asking_attempt_id,current_asking_fingerprint,current_market_value_usd,current_price,current_price_db,current_price_history,daily_return_volatility,dashboard_eligible,data_quality_score,demand_score,demand_signal_confidence,distance_from_atl,distance_from_low,drawdown_from_ath,drawdown_from_high,drawdown_score,estimated_ceiling_price,estimated_floor_price,fair_value_estimate,first_snapshot_date,five_year_base_usd,five_year_downside_usd,five_year_upside_usd,forecast_consumption_state,forecast_eligible,forecast_method,forecast_status,freshness_days,freshness_state,governed_forecast_eligible,governed_recommendation_eligible,guarded_rank,guarded_rank_score,high_price,historical_score,historical_sources,history_confidence,history_high_price,history_low_price,history_observations,inventory_risk_proxy,inventory_signal_confidence,inventory_signal_score,investment_feature_score,investment_product_id,investment_product_type,ip_score,last_price_checked,latest_observation_date,latest_snapshot_date,layer,legacy_forecast_eligible,legacy_forecast_status,legacy_intelligence_matched,legacy_recommendation_action,legacy_recommendation_eligible,legacy_recommendation_status,legacy_source_product_id,liquidity_proxy_score,liquidity_risk,liquidity_score,low_price,ma_14d,ma_180d,ma_30d,ma_365d,ma_60d,ma_7d,ma_90d,market_intelligence_score,market_price,market_regime_score,mc_expected_value,mc_median,mc_p05,mc_p25,mc_p75,mc_p95,mid_price,model_eligible,momentum_score,months_since_release,native_forecast_base_usd,native_forecast_high_usd,native_forecast_low_usd,new_set_uncertainty,notes,observations,official_product_name,one_year_base_usd,one_year_downside_usd,one_year_upside_usd,price_signal_confidence,price_source,price_stability_score,price_trend_signal_score,prob_double,prob_loss,prob_triple,product_class,published_on,quality_disposition,quality_flags,real_demand_score,real_signal_confidence,real_signal_score,recommendation_action,recommendation_consumption_state,recommendation_eligible,recommendation_rationale,recommendation_status,registry_status,release_date,reprint_risk,return_14d_db,return_180d,return_180d_db,return_30d,return_30d_db,return_365d,return_365d_db,return_60d_db,return_7d_db,return_90d,return_90d_db,row_number,sales_signal_confidence,sales_velocity_score,scarcity_signal_confidence,scarcity_signal_score,selected_reference_date,selected_reference_price,selected_source_type,set_name,set_name_master,set_type,source_group_name,source_path,source_product_id,source_product_name,supply_dump_risk,supply_score,suppression_reason,tcgcsv_category_id,tcgcsv_category_id_master,tcgcsv_group_id,tcgcsv_group_id_master,tcgplayer_product_id,tcgplayer_product_id_str,three_year_base_usd,three_year_downside_usd,three_year_upside_usd,valuation_reason,valuation_state,volatility_score
FULL_MODEL,,,,,,,,,,,,,,,,,MTG:COLLECTOR_BOOSTER_BOX:TCGCSV-22876-489207,March of the Machine: The Aftermath Collector Booster Display,,,,HIGH,USD,,,,,,,,true,,,,,,,,,,,,,1196.25,618.75,1732.5,ELIGIBLE,,TIER_GUARDED_SCENARIO_BANDS,,27,CURRENT_8_TO_30_DAYS,true,true,1,365.302531,,,,,,,,,,,,,,,,,,GOVERNED_WAREHOUSE,YES,SCENARIO_READY,true,HOLD_REVIEW,YES,ELIGIBLE,TCGCSV-22876-489207,,,,,,,,,,,,,,,,,,,,,,true,,,,,,,,,,891.0,701.25,1031.25,,,,,,,,COLLECTOR_BOOSTER_BOX,,EVALUATED,,,,,,ELIGIBLE,,,,,,,,,,,,,,,,,,5,,,,,2026-07-01,221.63,DIRECT_HISTORICAL_MARKET,,,,,data/warehouse/current/governed_terminal/dashboard.csv,,,,,,,,,,,,1031.25,660.0,1361.25,,DIRECT_HISTORY_VALUATION,
FULL_MODEL,,,,,,,,,,,,,,,,,MTG:COLLECTOR_BOOSTER_BOX:TCGCSV-22876-489207,March of the Machine: The Aftermath Collector Booster Display,,,,HIGH,USD,,,,,,,,true,,,,,,,,,,,,,1196.25,618.75,1732.5,ELIGIBLE,,TIER_GUARDED_SCENARIO_BANDS,,27,CURRENT_8_TO_30_DAYS,true,true,1,365.302531,,,,,,,,,,,,,,,,,,GOVERNED_WAREHOUSE,YES,SCENARIO_READY,true,HOLD_REVIEW,YES,ELIGIBLE,TCGCSV-22876-489207,,,,,,,,,,,,,,,,,,,,,,true,,,,,,,,,,891.0,701.25,1031.25,,,,,,,,COLLECTOR_BOOSTER_BOX,,EVALUATED,,,,,,ELIGIBLE,,,,,,,,,,,,,,,,,,4,,,,,2026-07-01,221.63,DIRECT_HISTORICAL_MARKET,,,,,data/warehouse/current/governed_terminal/forecasts.csv,,,,,,,,,,,,1031.25,660.0,1361.25,,DIRECT_HISTORY_VALUATION,
,,,,,,,,,,,,,,,,,MTG:COLLECTOR_BOOSTER_BOX:TCGCSV-22876-489207,,,,,,,,,,,,,,true,,,,,,,,,,,,,,,,,,,,,,,,,,,,TCGCSV_ARCHIVE,,,,,,,,,,,,,,,GOVERNED_WAREHOUSE,,,,,,,,,,,,,,,,,,,,,,,,,,,,,true,,,,,,,,,,,,,,,,,,,,,,,,,,,,,,,,,,,,,,,,,,,,,,5,,,,,2026-07-01,221.63,DIRECT_HISTORICAL_MARKET,,,,,data/warehouse/current/governed_terminal/market_provenance.csv,,,,,,,,,,,,,,,LATEST_CONSOLIDATED_DIRECT_HISTORY,,
FULL_MODEL,,,,,,,,,,,,,,,,,MTG:COLLECTOR_BOOSTER_BOX:TCGCSV-22876-489207,March of the Machine: The Aftermath Collector Booster Display,,,,HIGH,USD,,,,,,,,true,,,,,,,,,,,,,1196.25,618.75,1732.5,ELIGIBLE,,TIER_GUARDED_SCENARIO_BANDS,,27,CURRENT_8_TO_30_DAYS,true,true,1,365.302531,,,,,,,,,,,,,,,,,,GOVERNED_WAREHOUSE,YES,SCENARIO_READY,true,HOLD_REVIEW,YES,ELIGIBLE,TCGCSV-22876-489207,,,,,,,,,,,,,,,,,,,,,,true,,,,,,,,,,891.0,701.25,1031.25,,,,,,,,COLLECTOR_BOOSTER_BOX,,EVALUATED,,,,,,ELIGIBLE,,,,,,,,,,,,,,,,,,2,,,,,2026-07-01,221.63,DIRECT_HISTORICAL_MARKET,,,,,data/warehouse/current/governed_terminal/rankings.csv,,,,,,,,,,,,1031.25,660.0,1361.25,,DIRECT_HISTORY_VALUATION,
FULL_MODEL,,,,,,,,,,,,,,,,,MTG:COLLECTOR_BOOSTER_BOX:TCGCSV-22876-489207,March of the Machine: The Aftermath Collector Booster Display,,,,HIGH,USD,,,,,,,,true,,,,,,,,,,,,,1196.25,618.75,1732.5,ELIGIBLE,,TIER_GUARDED_SCENARIO_BANDS,,27,CURRENT_8_TO_30_DAYS,true,true,1,365.302531,,,,,,,,,,,,,,,,,,GOVERNED_WAREHOUSE,YES,SCENARIO_READY,true,HOLD_REVIEW,YES,ELIGIBLE,TCGCSV-22876-489207,,,,,,,,,,,,,,,,,,,,,,true,,,,,,,,,,891.0,701.25,1031.25,,,,,,,,COLLECTOR_BOOSTER_BOX,,EVALUATED,,,,,,ELIGIBLE,,,,,,,,,,,,,,,,,,4,,,,,2026-07-01,221.63,DIRECT_HISTORICAL_MARKET,,,,,data/warehouse/current/governed_terminal/recommendations.csv,,,,,,,,,,,,1031.25,660.0,1361.25,,DIRECT_HISTORY_VALUATION,
FULL_MODEL,,,,,,,,,,,,,,,,,MTG:COLLECTOR_BOOSTER_BOX:TCGCSV-22876-489207,March of the Machine: The Aftermath Collector Booster Display,,,,HIGH,USD,,,,,,,,true,,,,,,,,,,,,,1196.25,618.75,1732.5,ELIGIBLE,,TIER_GUARDED_SCENARIO_BANDS,,27,CURRENT_8_TO_30_DAYS,true,true,1,365.302531,,,,,,,,,,,,,,,,,,GOVERNED_WAREHOUSE,YES,SCENARIO_READY,true,HOLD_REVIEW,YES,ELIGIBLE,TCGCSV-22876-489207,,,,,,,,,,,,,,,,,,,,,,true,,,,,,,,,,891.0,701.25,1031.25,,,,,,,,COLLECTOR_BOOSTER_BOX,,EVALUATED,,,,,,ELIGIBLE,,,,,,,,,,,,,,,,,,5,,,,,2026-07-01,221.63,DIRECT_HISTORICAL_MARKET,,,,,data/warehouse/current/governed_terminal/universal_mtg_consumption_interface.csv,,,,,,,,,,,,1031.25,660.0,1361.25,,DIRECT_HISTORY_VALUATION,
FULL_MODEL,,,,,,,,,,,,,,,,,MTG:COLLECTOR_BOOSTER_BOX:TCGCSV-22876-489207,March of the Machine: The Aftermath Collector Booster Display,,,,HIGH,USD,,,,,,,,true,,,,,,,,,,,,,1196.25,618.75,1732.5,ELIGIBLE,,TIER_GUARDED_SCENARIO_BANDS,,27,CURRENT_8_TO_30_DAYS,true,true,1,365.302531,,,,,,,,,,,,,,,,,,TERMINAL_DELIVERY,YES,SCENARIO_READY,true,HOLD_REVIEW,YES,ELIGIBLE,TCGCSV-22876-489207,,,,,,,,,,,,,,,,,,,,,,true,,,,,,,,,,891.0,701.25,1031.25,,,,,,,,COLLECTOR_BOOSTER_BOX,,EVALUATED,,,,,,ELIGIBLE,,,,,,,,,,,,,,,,,,5,,,,,2026-07-01,221.63,DIRECT_HISTORICAL_MARKET,,,,,data/operations/mtg_terminal_delivery/latest/dashboard.csv,,,,,,,,,,,,1031.25,660.0,1361.25,,DIRECT_HISTORY_VALUATION,
FULL_MODEL,,,,,,,,,,,,,,,,,MTG:COLLECTOR_BOOSTER_BOX:TCGCSV-22876-489207,March of the Machine: The Aftermath Collector Booster Display,,,,HIGH,USD,,,,,,,,true,,,,,,,,,,,,,1196.25,618.75,1732.5,ELIGIBLE,,TIER_GUARDED_SCENARIO_BANDS,,27,CURRENT_8_TO_30_DAYS,true,true,1,365.302531,,,,,,,,,,,,,,,,,,TERMINAL_DELIVERY,YES,SCENARIO_READY,true,HOLD_REVIEW,YES,ELIGIBLE,TCGCSV-22876-489207,,,,,,,,,,,,,,,,,,,,,,true,,,,,,,,,,891.0,701.25,1031.25,,,,,,,,COLLECTOR_BOOSTER_BOX,,EVALUATED,,,,,,ELIGIBLE,,,,,,,,,,,,,,,,,,4,,,,,2026-07-01,221.63,DIRECT_HISTORICAL_MARKET,,,,,data/operations/mtg_terminal_delivery/latest/forecasts.csv,,,,,,,,,,,,1031.25,660.0,1361.25,,DIRECT_HISTORY_VALUATION,
,,,,,,,,,,,,,,,,,MTG:COLLECTOR_BOOSTER_BOX:TCGCSV-22876-489207,,,,,,,,,,,,,,true,,,,,,,,,,,,,,,,,,,,,,,,,,,,TCGCSV_ARCHIVE,,,,,,,,,,,,,,,TERMINAL_DELIVERY,,,,,,,,,,,,,,,,,,,,,,,,,,,,,true,,,,,,,,,,,,,,,,,,,,,,,,,,,,,,,,,,,,,,,,,,,,,,5,,,,,2026-07-01,221.63,DIRECT_HISTORICAL_MARKET,,,,,data/operations/mtg_terminal_delivery/latest/market_provenance.csv,,,,,,,,,,,,,,,LATEST_CONSOLIDATED_DIRECT_HISTORY,,
FULL_MODEL,,,,,,,,,,,,,,,,,MTG:COLLECTOR_BOOSTER_BOX:TCGCSV-22876-489207,March of the Machine: The Aftermath Collector Booster Display,,,,HIGH,USD,,,,,,,,true,,,,,,,,,,,,,1196.25,618.75,1732.5,ELIGIBLE,,TIER_GUARDED_SCENARIO_BANDS,,27,CURRENT_8_TO_30_DAYS,true,true,1,365.302531,,,,,,,,,,,,,,,,,,TERMINAL_DELIVERY,YES,SCENARIO_READY,true,HOLD_REVIEW,YES,ELIGIBLE,TCGCSV-22876-489207,,,,,,,,,,,,,,,,,,,,,,true,,,,,,,,,,891.0,701.25,1031.25,,,,,,,,COLLECTOR_BOOSTER_BOX,,EVALUATED,,,,,,ELIGIBLE,,,,,,,,,,,,,,,,,,2,,,,,2026-07-01,221.63,DIRECT_HISTORICAL_MARKET,,,,,data/operations/mtg_terminal_delivery/latest/rankings.csv,,,,,,,,,,,,1031.25,660.0,1361.25,,DIRECT_HISTORY_VALUATION,
FULL_MODEL,,,,,,,,,,,,,,,,,MTG:COLLECTOR_BOOSTER_BOX:TCGCSV-22876-489207,March of the Machine: The Aftermath Collector Booster Display,,,,HIGH,USD,,,,,,,,true,,,,,,,,,,,,,1196.25,618.75,1732.5,ELIGIBLE,,TIER_GUARDED_SCENARIO_BANDS,,27,CURRENT_8_TO_30_DAYS,true,true,1,365.302531,,,,,,,,,,,,,,,,,,TERMINAL_DELIVERY,YES,SCENARIO_READY,true,HOLD_REVIEW,YES,ELIGIBLE,TCGCSV-22876-489207,,,,,,,,,,,,,,,,,,,,,,true,,,,,,,,,,891.0,701.25,1031.25,,,,,,,,COLLECTOR_BOOSTER_BOX,,EVALUATED,,,,,,ELIGIBLE,,,,,,,,,,,,,,,,,,4,,,,,2026-07-01,221.63,DIRECT_HISTORICAL_MARKET,,,,,data/operations/mtg_terminal_delivery/latest/recommendations.csv,,,,,,,,,,,,1031.25,660.0,1361.25,,DIRECT_HISTORY_VALUATION,
FULL_MODEL,,,,,,,,,,,,,,,,,MTG:COLLECTOR_BOOSTER_BOX:TCGCSV-22876-489207,March of the Machine: The Aftermath Collector Booster Display,,,,HIGH,USD,,,,,,,,true,,,,,,,,,,,,,1196.25,618.75,1732.5,ELIGIBLE,,TIER_GUARDED_SCENARIO_BANDS,,27,CURRENT_8_TO_30_DAYS,true,true,1,365.302531,,,,,,,,,,,,,,,,,,TERMINAL_DELIVERY,YES,SCENARIO_READY,true,HOLD_REVIEW,YES,ELIGIBLE,TCGCSV-22876-489207,,,,,,,,,,,,,,,,,,,,,,true,,,,,,,,,,891.0,701.25,1031.25,,,,,,,,COLLECTOR_BOOSTER_BOX,,EVALUATED,,,,,,ELIGIBLE,,,,,,,,,,,,,,,,,,5,,,,,2026-07-01,221.63,DIRECT_HISTORICAL_MARKET,,,,,data/operations/mtg_terminal_delivery/latest/universal_mtg_consumption_interface.csv,,,,,,,,,,,,1031.25,660.0,1361.25,,DIRECT_HISTORY_VALUATION,
,,,,,,,,MTG,MTG:COLLECTOR_BOOSTER_BOX:TCGCSV-22876-489207,March of the Machine: The Aftermath Collector Booster Display,COLLECTOR_BOOSTER_BOX,,,,,,,,March of the Machine: The Aftermath,,,,USD,,,,,,,,,,,,,,,,,,,,,,,,,,,,,,,,,,,,,,,,,,,,,,,,,,,UIP_DELIVERY,,,,,,,,,,,,,,,,,,,,,,,,,,,,,,,,,,,,,,,,,,,,,,,,,COLLECTOR_BOOSTER_BOX,,,,,,,,,,,,GOVERNED,,,,,,,,,,,,,,25,,,,,,,,,,,,data/operations/mtg_uip_delivery/latest/asset_master.csv,TCGCSV-22876-489207,,,,,,,,,,,,,,,,
,,,,,,,,,MTG:COLLECTOR_BOOSTER_BOX:TCGCSV-22876-489207,,,,,,,,,,,,,HIGH,USD,,,825.0,,,,,,,,,,,,,,,,,,,,,,YES,,SCENARIO_READY,,,,,,,,,,,,,,,,,,,,,,,,UIP_DELIVERY,,,,,,,,,,,,,,,,,,,,,,,,,,,,,,,,,,,,,,,,,,,,,,,,,,,,,,,,,,,,,,,,,,,,,,,,,,,978,,,,,,,,,,,,data/operations/mtg_uip_delivery/latest/forecasts.csv,,,,,,,,,,,,,,,,,
,,,,,,,,,MTG:COLLECTOR_BOOSTER_BOX:TCGCSV-22876-489207,,,,,,,,,,,,,HIGH,USD,,,,,,,,,,,,,,,,,,,,,,,,,,,,,,,,,,,,,,,,,,,,,,,,,,,UIP_DELIVERY,,,,,,,,,,,,,,,,,,,,,,,,,,,,,,,,,,,,,,,,,,,,,,,,,,,,,,,,NO_ACTION,,NO,,ELIGIBLE,,,,,,,,,,,,,,,978,,,,,,,,,,,,data/operations/mtg_uip_delivery/latest/recommendations.csv,,,,,,,,,,,,,,,,,
FULL_MODEL,,,,,,,,,MTG:COLLECTOR_BOOSTER_BOX:TCGCSV-22876-489207,,,,,,,,,,,,,HIGH,,,,,,,,,,,,,,,,,,,,,,,,,,YES,,,,,,,,,,,,,,,,,,,,,,,,,,UIP_DELIVERY,,,,,,,,,,,,,,,,,,,,,,,,,,,,,,,,,,,,,,,,,,,,,,,,,,,,,,,,,,NO,,,,,,,,,,,,,,,,,978,,,,,,,,,,,,data/operations/mtg_uip_delivery/latest/risk_metrics.csv,,,,,,,,,,,,,,,,,
,0.0717,0.0717,auto_high_confidence_v9,approved,March of the Machine: The Aftermath - Collector Booster Display,489207,489207,,,,,227.18,225.98,March of the Machine: The Aftermath Collector Booster Display,March of the Machine: The Aftermath Collector Booster Display,March of the Machine: The Aftermath Collector Booster Display,,,,50,65,,,,,,227.18,227.18,227.18,0.00375,,65,68,25,0.0053,0.0053,0.0,0.0,55,383.99,215.82,227.18,2026-07-08,,,,,,,,,,,,,,383.99,62,,10.0,227.18,225.98,3,43,0,50,50.5,TCGCSV-22876-489207,Collector Booster Display,60,2026-07-11T16:01:17+00:00,2026-07-11,2026-07-11,PRODUCT_MASTER,,,,,,,,78,35,70,227.98,226.38,226.38,226.38,226.38,226.38,226.38,226.38,59.72,227.18,53.5,344.69,340.58,261.31,305.24,378.69,444.19,279.99,,50,37,,,,45,candidate_score=240.0; market_price=227.18,3,March of the Machine: The Aftermath - Collector Booster Display,,,,10.0,tcgcsv,75,50,0.0392,0.0066,0.0002,,2023-05-12T00:00:00,,,64.33,12.0,56.6,,,,,,,,50,,,,,,,,,,,,29,0,50,25,62.0,,,,March of the Machine: The Aftermath,March of the Machine: The Aftermath,Standard,March of the Machine: The Aftermath,data/product_master/product_master_model_input.csv,,March of the Machine: The Aftermath - Collector Booster Display,55,62,,1,1,22876,22876,489207,489207,,,,,,45
