requirement_id,lane,requirement,implementation_status,blocking,policy_file,implementation_file,test_file,production_gate,evidence_artifact,review_notes
MTG-STD-001,ALL,Every governed product must receive an explicit forecast method or deferred reason.,NOT_IMPLEMENTED,true,,,,,,
MTG-STD-002,ALL,Comparable-product methodology is an approved forecast method.,PARTIALLY_IMPLEMENTED,true,,,,,,
MTG-STD-003,ALL,Comparable forecasts must identify products used and the selection basis.,NOT_IMPLEMENTED,true,,,,,,
MTG-STD-004,ALL,Direct-history eligibility must be distinct from total forecast eligibility.,IMPLEMENTED_INCORRECTLY,true,,,,,,
MTG-STD-005,ALL,"Forecast outputs must disclose method, version, confidence, limitations, and evidence.",NOT_IMPLEMENTED,true,,,,,,
MTG-STD-006,ALL,"Forecasts must provide 1-year, 3-year, and 5-year horizons.",PARTIALLY_IMPLEMENTED,true,,,,,,
MTG-STD-007,ALL,"Forecasts must provide downside, base, and upside scenarios.",PARTIALLY_IMPLEMENTED,true,,,,,,
MTG-STD-008,ALL,Identity and executable current-price failures must remain fail-closed.,PARTIALLY_IMPLEMENTED,true,,,,,,
MTG-STD-009,ALL,Purchase authorization must remain separate from forecast generation.,IMPLEMENTED,true,,,,,,
MTG-STD-010,ALL,"Every material implementation requirement must map to policy, code, tests, production gates, and evidence.",NOT_IMPLEMENTED,true,,,,,,
COL-STD-001,COLLECTOR_BOOSTER,"Collector display universe must exclude cases, packs, bundles, and unsupported configurations.",IMPLEMENTED,true,,,,,,
COL-STD-002,COLLECTOR_BOOSTER,Collector registry identities must reconcile to the active Collector model universe.,IMPLEMENTED,true,,,,,,
COL-STD-003,COLLECTOR_BOOSTER,Collector direct-history quality must be certified before direct-history methods are used.,IMPLEMENTED,true,,,,,,
COL-STD-004,COLLECTOR_BOOSTER,Collector products with unusable or insufficient direct history must be evaluated for comparable routing.,NOT_IMPLEMENTED,true,,,,,,
COL-STD-005,COLLECTOR_BOOSTER,All governed Collector products must appear in the final method-routing output.,NOT_IMPLEMENTED,true,,,,,,
PRE-STD-001,PRE_COLLECTOR_BOOSTER,"Pre-Collector methodology must use lane-specific history, scarcity, era, and liquidity rules.",NOT_IMPLEMENTED,true,,,,,,
SL-STD-001,SECRET_LAIR,"Secret Lair methodology must distinguish drop, foil, bundle, IP, artist, print, and singles-value structures.",NOT_IMPLEMENTED,true,,,,,,
