"Modified","SizeKB","RelativePath"
"2026-07-30 16:31:17","1.17","data\operations\mtg_universal_history_ledger\universal_mtg_history_ledger_summary.json"
"2026-07-28 17:43:51","293.99","data\operations\mtg_uip_delivery\latest\historical_performance.csv"
"2026-07-28 17:43:51","293.99","data\validation\phase_8\secret_lair_historical_performance\secret_lair_historical_performance.csv"
"2026-07-28 17:43:51","1.48","data\validation\phase_8\secret_lair_historical_performance\PHASE_8_2_1D_2_HISTORICAL_PERFORMANCE_MANIFEST.json"
"2026-07-28 17:43:51","293.99","data\operations\mtg_uip_delivery\mtg-hosted-20260728T224613Z\historical_performance.csv"
"2026-07-28 17:43:51","293.99","data\validation\phase_10\universal_export\latest\historical_performance.csv"
"2026-07-28 17:43:51","0.77","data\validation\phase_8\secret_lair_historical_performance\PHASE_8_2_1D_2_HISTORICAL_PERFORMANCE_CERTIFICATION.md"
"2026-07-28 17:40:26","125.38","docs\phase_8\secret_lair_export_recovery\secret_lair_coverage_reconciliation.csv"
"2026-07-28 17:40:26","56.18","docs\phase_8\mtg_intelligence_recovery\secret_lair_intelligence_recovery\secret_lair_coverage_matrix.csv"
"2026-07-28 17:40:26","1.27","docs\phase_8\mtg_intelligence_recovery\PHASE_8_2_1D_2_HISTORICAL_PERFORMANCE.md"
"2026-07-28 17:32:52","293.99","data\validation\phase_8\secret_lair_history_recovery\historical_performance_validation\universal\historical_performance.csv"
"2026-07-28 17:32:52","0.77","data\validation\phase_8\secret_lair_history_recovery\historical_performance_validation\source\PHASE_8_2_1D_2_HISTORICAL_PERFORMANCE_CERTIFICATION.md"
"2026-07-28 17:32:52","293.99","data\validation\phase_8\secret_lair_history_recovery\historical_performance_validation\uip\historical_performance.csv"
"2026-07-28 17:32:52","1.65","data\validation\phase_8\secret_lair_history_recovery\historical_performance_validation\source\PHASE_8_2_1D_2_HISTORICAL_PERFORMANCE_MANIFEST.json"
"2026-07-28 17:32:52","150.59","data\validation\phase_8\secret_lair_history_recovery\secret_lair_longitudinal_coverage.csv"
"2026-07-28 17:32:52","293.99","data\validation\phase_8\secret_lair_history_recovery\historical_performance_validation\source\secret_lair_historical_performance.csv"
"2026-07-28 16:45:06","56.18","data\operations\phase_8_2_1c_repair_input\evidence\secret_lair_coverage_matrix.csv"
"2026-07-28 07:44:46","228.13","data\operations\mtg_universal_history_production\universal_mtg_product_coverage.csv"
"2026-07-28 07:44:44","28.01","data\operations\mtg_universal_history_production\current_market\attempts\attempt_20260728T124329Z\current_market_product_coverage.csv"
"2026-07-28 07:43:22","2.47","data\operations\mtg_universal_history_production\current_market\attempts\attempt_20260728T124318Z\current_market_product_coverage.csv"
"2026-07-28 07:43:08","28.01","data\operations\mtg_universal_history_production\current_market\attempts\attempt_20260728T124154Z\current_market_product_coverage.csv"
"2026-07-28 07:27:41","0.79","data\operations\mtg_ebay_history_accumulation\live_pilot\EBAY-HIST-001\attempts\attempt_20260728T122734Z\product_coverage.csv"
"2026-07-28 07:26:32","0.29","data\operations\mtg_ebay_history_accumulation\certification\phase_11e_9\offline_replay\product_coverage.csv"
"2026-07-28 07:19:22","0.85","data\operations\mtg_ebay_history_accumulation\live_pilot\EBAY-HIST-001\attempts\attempt_20260728T121920Z\product_coverage.csv"
"2026-07-28 07:03:32","0.77","data\operations\mtg_ebay_history_accumulation\live_pilot\EBAY-HIST-001\attempts\attempt_20260728T120330Z\product_coverage.csv"
"2026-07-28 06:14:53","0.31","data\operations\mtg_history_gap_resolution\universal_mtg_history_gap_summary.csv"
"2026-07-28 06:14:53","1.05","data\operations\mtg_history_gap_resolution\universal_mtg_history_gap_summary.json"
"2026-07-28 05:48:13","1.11","data\operations\mtg_universal_history_completion\universal_history_routing_summary.json"
"2026-07-28 05:33:21","0.4","data\operations\mtg_tcgcsv_price_backfill\current\tcgcsv_current_price_coverage_summary.json"
"2026-07-28 05:32:33","1.02","data\validation\phase_10\ebay_matching\ebay_product_coverage_2026-07-28.csv"
"2026-07-27 15:25:55","0.8","data\operations\mtg_history_backfill\universal_mtg_history_backfill_summary.json"
"2026-07-27 15:25:52","27.44","data\operations\mtg_history_foundation\universal_mtg_history_foundation_summary.json"
"2026-07-27 15:25:52","312.7","data\operations\mtg_history_foundation\universal_mtg_history_coverage.csv"
"2026-07-27 08:00:00","5.89","data\validation\phase_10\ebay_matching\ebay_product_coverage_2026-07-27.csv"
"2026-07-24 17:59:50","9.47","data\validation\phase_10\historical_tcgcsv_routing\historical_tcgcsv_group_cache_coverage_2026-07-22.csv"
"2026-07-24 17:59:50","3.33","data\validation\phase_10\secret_lair_reconstruction\secret_lair_official_bundle_parent_coverage_01_2026-07-22.csv"
"2026-07-24 17:59:50","2.08","data\validation\phase_10\source_coverage\source_coverage_audit_summary.json"
"2026-07-24 17:59:50","0.91","data\validation\phase_10\historical_premium_eligibility\historical_evidence_field_coverage_2026-07-22.csv"
"2026-07-24 17:59:50","0.94","data\validation\phase_10\source_coverage\source_coverage_verification.json"
"2026-07-24 17:59:50","1.53","data\validation\phase_10\source_coverage\product_registry_coverage.json"
"2026-07-24 17:59:50","1.55","data\validation\phase_10\secret_lair_reconstruction\secret_lair_official_bundle_parent_coverage_02a_2026-07-22.csv"
"2026-07-24 17:59:50","2.58","data\validation\phase_10\source_coverage\database_product_coverage.json"
"2026-07-24 07:09:52","45.52","data\validation\phase_10\ebay_matching\batches\sealed_secret_lair_0830_0972\reclassified\reclassification_20260724T120952Z\ebay_product_coverage_2026-07-24.csv"
"2026-07-24 07:09:52","45.52","data\validation\phase_10\ebay_matching\batches\sealed_secret_lair_0830_0972\ebay_product_coverage_2026-07-24.csv"
"2026-07-24 06:15:09","45.55","data\validation\phase_10\ebay_matching\batches\sealed_secret_lair_0830_0972\attempts\attempt_20260724T111205Z\ebay_product_coverage_2026-07-24.csv"
"2026-07-24 06:15:09","45.55","data\validation\phase_10\ebay_matching\batches\sealed_secret_lair_0830_0972\promotion_backups\backup_20260724T121719Z\ebay_product_coverage_2026-07-24.csv"
"2026-07-24 06:04:24","66.77","data\validation\phase_10\ebay_matching\batches\sealed_secret_lair_0630_0829\ebay_product_coverage_2026-07-24.csv"
"2026-07-24 06:04:24","66.77","data\validation\phase_10\ebay_matching\batches\sealed_secret_lair_0630_0829\consolidated\consolidation_20260724T110424Z\ebay_product_coverage_2026-07-24.csv"
"2026-07-24 05:58:36","55.12","data\validation\phase_10\ebay_matching\batches\sealed_secret_lair_0630_0829\attempts\attempt_20260724T105457Z\ebay_product_coverage_2026-07-24.csv"
"2026-07-23 16:12:25","72.32","data\validation\phase_10\ebay_matching\batches\sealed_secret_lair_0630_0829\promotion_backups\backup_20260724T110938Z\ebay_product_coverage_2026-07-23.csv"
"2026-07-23 14:02:13","75.64","data\validation\phase_10\ebay_matching\batches\sealed_secret_lair_0430_0629\ebay_product_coverage_2026-07-23.csv"
"2026-07-23 13:32:18","66.64","data\validation\phase_10\ebay_matching\batches\sealed_secret_lair_0230_0429\ebay_product_coverage_2026-07-23.csv"
"2026-07-23 12:40:56","33.03","data\validation\phase_10\ebay_matching\batches\sealed_secret_lair_0130_0229\ebay_product_coverage_2026-07-23.csv"
"2026-07-23 10:58:08","8.26","data\validation\phase_10\ebay_matching\batches\sealed_secret_lair_0105_0129\ebay_product_coverage_2026-07-23.csv"
"2026-07-23 10:38:17","8.75","data\validation\phase_10\ebay_matching\batches\sealed_secret_lair_0080_0104\ebay_product_coverage_2026-07-23.csv"
"2026-07-23 10:25:00","8.69","data\validation\phase_10\ebay_matching\batches\sealed_secret_lair_0055_0079\ebay_product_coverage_2026-07-23.csv"
"2026-07-23 10:19:42","8.06","data\validation\phase_10\ebay_matching\batches\sealed_secret_lair_0030_0054\ebay_product_coverage_2026-07-23.csv"
"2026-07-23 10:05:49","3.46","data\validation\phase_10\ebay_matching\batches\sealed_secret_lair_0020_0029\ebay_product_coverage_2026-07-23.csv"
"2026-07-23 09:43:39","1.93","data\validation\phase_10\ebay_matching\batches\sealed_secret_lair_0015_0019\ebay_product_coverage_2026-07-23.csv"
"2026-07-23 09:37:26","1.92","data\validation\phase_10\ebay_matching\batches\sealed_secret_lair_0010_0014\ebay_product_coverage_2026-07-23.csv"
"2026-07-23 09:33:39","1.87","data\validation\phase_10\ebay_matching\batches\sealed_secret_lair_0005_0009\ebay_product_coverage_2026-07-23.csv"
"2026-07-23 09:28:39","1.8","data\validation\phase_10\ebay_matching\batches\sealed_secret_lair_0000_0004\ebay_product_coverage_2026-07-23.csv"
"2026-07-23 07:53:35","7.58","data\validation\phase_10\ebay_matching\batches\sealed_secret_lair_0000_0024\ebay_product_coverage_2026-07-23.csv"
"2026-07-23 07:51:33","5.68","data\validation\phase_10\ebay_matching\batches\pre_collector_booster_box_0000_0024\ebay_product_coverage_2026-07-23.csv"
"2026-07-23 07:35:04","4.28","data\validation\phase_10\ebay_matching\batches\pre_collector_booster_box_0100_0118\ebay_product_coverage_2026-07-23.csv"
"2026-07-23 07:30:59","5.83","data\validation\phase_10\ebay_matching\batches\pre_collector_booster_box_0075_0099\ebay_product_coverage_2026-07-23.csv"
"2026-07-23 07:25:23","5.66","data\validation\phase_10\ebay_matching\batches\pre_collector_booster_box_0050_0074\ebay_product_coverage_2026-07-23.csv"
"2026-07-22 18:06:34","5.66","data\validation\phase_10\ebay_matching\batches\pre_collector_booster_box_0025_0049\ebay_product_coverage_2026-07-22.csv"
"2026-07-22 18:05:14","5.67","data\validation\phase_10\ebay_matching\batches\pre_collector_booster_box_0000_0024\ebay_product_coverage_2026-07-22.csv"
"2026-07-22 17:45:50","6.43","data\validation\phase_10\ebay_matching\batches\collector_booster_box_0025_0048\ebay_product_coverage_2026-07-22.csv"
"2026-07-22 17:41:31","6.42","data\validation\phase_10\ebay_matching\batches\collector_booster_box_0000_0024\ebay_product_coverage_2026-07-22.csv"
"2026-07-22 17:05:36","2.41","data\validation\phase_10\ebay_matching\ebay_product_coverage_2026-07-22.csv"
