canonical_product_id,canonical_product_name,product_class,admission_tier,quality_disposition,history_class,observation_count,first_observation_date,latest_observation_date,history_span_days,latest_price_usd,first_price_usd,historical_total_return_pct,historical_lifetime_cagr_pct,historical_return_365d_pct,historical_return_3y_pct,historical_realized_3y_cagr_pct,annualized_monthly_volatility_pct,maximum_historical_drawdown_pct,price_age_days,freshness_state,historical_strength_score,historical_purchase_state,direct_history_observation_count,history_verification_status,governed_forecast_eligible,governed_recommendation_eligible,analysis_is_forecast,analysis_basis
MTG:COLLECTOR_BOOSTER_BOX:TCGCSV-2823-238745,Adventures in the Forgotten Realms Collector Booster Display,COLLECTOR_BOOSTER_BOX,FULL_MODEL,EVALUATED,LONG_HISTORY,31,2024-02-08,2026-07-11,884,318.01,105.23,202.20,57.92,47.58,,,24.35,-12.65,19,FRESH,100.00,HISTORICALLY_STRONG,,HISTORY_30_PLUS_DATES,false,false,false,REALIZED_CONSOLIDATED_HISTORICAL_PRICE_PERFORMANCE
MTG:COLLECTOR_BOOSTER_BOX:TCGCSV-2708-221323,Commander Legends Collector Booster Display,COLLECTOR_BOOSTER_BOX,FULL_MODEL,EVALUATED,LONG_HISTORY,31,2024-02-08,2026-07-11,884,707.48,380.03,86.16,29.28,47.76,,,15.68,-7.04,19,FRESH,100.00,HISTORICALLY_STRONG,,HISTORY_30_PLUS_DATES,false,false,false,REALIZED_CONSOLIDATED_HISTORICAL_PRICE_PERFORMANCE
MTG:COLLECTOR_BOOSTER_BOX:TCGCSV-23020-484929,Commander Masters Collector Booster Display,COLLECTOR_BOOSTER_BOX,FULL_MODEL,EVALUATED,LONG_HISTORY,31,2024-02-08,2026-07-11,884,490.38,174.39,181.20,53.29,66.56,,,23.64,-13.10,19,FRESH,100.00,HISTORICALLY_STRONG,,HISTORY_30_PLUS_DATES,false,false,false,REALIZED_CONSOLIDATED_HISTORICAL_PRICE_PERFORMANCE
MTG:COLLECTOR_BOOSTER_BOX:TCGCSV-2653-214818,Core Set 2021 Collector Booster Display,COLLECTOR_BOOSTER_BOX,FULL_MODEL,EVALUATED,LONG_HISTORY,31,2024-02-08,2026-07-11,884,403.03,196.90,104.69,34.44,58.00,,,22.14,-14.60,19,FRESH,100.00,HISTORICALLY_STRONG,,HISTORY_30_PLUS_DATES,false,false,false,REALIZED_CONSOLIDATED_HISTORICAL_PRICE_PERFORMANCE
MTG:COLLECTOR_BOOSTER_BOX:TCGCSV-17670-449559,Dominaria Remastered Collector Booster Display,COLLECTOR_BOOSTER_BOX,FULL_MODEL,EVALUATED,LONG_HISTORY,31,2024-02-08,2026-07-11,884,497.36,168.51,195.15,56.39,86.94,,,18.93,-4.78,19,FRESH,100.00,HISTORICALLY_STRONG,,HISTORY_30_PLUS_DATES,false,false,false,REALIZED_CONSOLIDATED_HISTORICAL_PRICE_PERFORMANCE
MTG:COLLECTOR_BOOSTER_BOX:TCGCSV-3102-275412,Dominaria United Collector Booster Display,COLLECTOR_BOOSTER_BOX,FULL_MODEL,EVALUATED,LONG_HISTORY,31,2024-02-08,2026-07-11,884,311.20,137.66,126.06,40.08,45.29,,,17.77,-8.53,19,FRESH,100.00,HISTORICALLY_STRONG,,HISTORY_30_PLUS_DATES,false,false,false,REALIZED_CONSOLIDATED_HISTORICAL_PRICE_PERFORMANCE
MTG:COLLECTOR_BOOSTER_BOX:TCGCSV-3070-271509,Double Masters 2022 Collector Booster Display,COLLECTOR_BOOSTER_BOX,FULL_MODEL,EVALUATED,LONG_HISTORY,31,2024-02-08,2026-07-11,884,410.80,193.48,112.32,36.49,55.38,,,15.38,-10.75,19,FRESH,100.00,HISTORICALLY_STRONG,,HISTORY_30_PLUS_DATES,false,false,false,REALIZED_CONSOLIDATED_HISTORICAL_PRICE_PERFORMANCE
MTG:COLLECTOR_BOOSTER_BOX:TCGCSV-2864-244384,Innistrad: Midnight Hunt Collector Booster Display,COLLECTOR_BOOSTER_BOX,FULL_MODEL,EVALUATED,LONG_HISTORY,31,2024-02-08,2026-07-11,884,212.26,107.96,96.61,32.22,49.62,,,18.55,-14.70,19,FRESH,100.00,HISTORICALLY_STRONG,,HISTORY_30_PLUS_DATES,false,false,false,REALIZED_CONSOLIDATED_HISTORICAL_PRICE_PERFORMANCE
MTG:COLLECTOR_BOOSTER_BOX:TCGCSV-2750-228249,Kaldheim Collector Booster Display,COLLECTOR_BOOSTER_BOX,FULL_MODEL,EVALUATED,LONG_HISTORY,31,2024-02-08,2026-07-11,884,313.14,137.66,127.47,40.44,56.66,,,13.79,-3.39,19,FRESH,100.00,HISTORICALLY_STRONG,,HISTORY_30_PLUS_DATES,false,false,false,REALIZED_CONSOLIDATED_HISTORICAL_PRICE_PERFORMANCE
MTG:COLLECTOR_BOOSTER_BOX:TCGCSV-2965-257563,Kamigawa: Neon Dynasty Collector Booster Display,COLLECTOR_BOOSTER_BOX,FULL_MODEL,EVALUATED,LONG_HISTORY,31,2024-02-08,2026-07-11,884,497.04,199.92,148.62,45.69,75.20,,,20.86,-8.92,19,FRESH,100.00,HISTORICALLY_STRONG,,HISTORY_30_PLUS_DATES,false,false,false,REALIZED_CONSOLIDATED_HISTORICAL_PRICE_PERFORMANCE
MTG:COLLECTOR_BOOSTER_BOX:TCGCSV-22875-475584,March of the Machine Collector Booster Display,COLLECTOR_BOOSTER_BOX,FULL_MODEL,EVALUATED,LONG_HISTORY,31,2024-02-08,2026-07-11,884,769.25,201.16,282.41,74.06,154.21,,,24.80,-7.42,19,FRESH,100.00,HISTORICALLY_STRONG,,HISTORY_30_PLUS_DATES,false,false,false,REALIZED_CONSOLIDATED_HISTORICAL_PRICE_PERFORMANCE
MTG:COLLECTOR_BOOSTER_BOX:TCGCSV-22876-489207,March of the Machine: The Aftermath Collector Booster Display,COLLECTOR_BOOSTER_BOX,FULL_MODEL,EVALUATED,LONG_HISTORY,31,2024-02-08,2026-07-11,884,227.18,78.88,188.01,54.82,84.38,,,21.92,-12.29,19,FRESH,100.00,HISTORICALLY_STRONG,,HISTORY_30_PLUS_DATES,false,false,false,REALIZED_CONSOLIDATED_HISTORICAL_PRICE_PERFORMANCE
MTG:COLLECTOR_BOOSTER_BOX:TCGCSV-2809-236348,Modern Horizons 2 Collector Booster Display,COLLECTOR_BOOSTER_BOX,FULL_MODEL,EVALUATED,LONG_HISTORY,31,2024-02-08,2026-07-11,884,551.86,313.60,75.98,26.30,63.64,,,12.37,-4.96,19,FRESH,100.00,HISTORICALLY_STRONG,,HISTORY_30_PLUS_DATES,false,false,false,REALIZED_CONSOLIDATED_HISTORICAL_PRICE_PERFORMANCE
MTG:COLLECTOR_BOOSTER_BOX:TCGCSV-3026-264767,Streets of New Capenna Collector Booster Display,COLLECTOR_BOOSTER_BOX,FULL_MODEL,EVALUATED,LONG_HISTORY,31,2024-02-08,2026-07-11,884,247.41,113.92,117.18,37.77,46.75,,,12.67,-4.96,19,FRESH,100.00,HISTORICALLY_STRONG,,HISTORY_30_PLUS_DATES,false,false,false,REALIZED_CONSOLIDATED_HISTORICAL_PRICE_PERFORMANCE
MTG:COLLECTOR_BOOSTER_BOX:TCGCSV-2773-233232,Strixhaven: School of Mages Collector Booster Display,COLLECTOR_BOOSTER_BOX,FULL_MODEL,EVALUATED,LONG_HISTORY,31,2024-02-08,2026-07-11,884,622.76,200.08,211.26,59.86,85.10,,,15.78,-1.66,19,FRESH,100.00,HISTORICALLY_STRONG,,HISTORY_30_PLUS_DATES,false,false,false,REALIZED_CONSOLIDATED_HISTORICAL_PRICE_PERFORMANCE
MTG:COLLECTOR_BOOSTER_BOX:TCGCSV-3157-282224,The Brothers' War Collector Booster Display,COLLECTOR_BOOSTER_BOX,FULL_MODEL,EVALUATED,LONG_HISTORY,31,2024-02-08,2026-07-11,884,695.22,175.31,296.57,76.69,147.92,,,26.35,-3.15,19,FRESH,100.00,HISTORICALLY_STRONG,,HISTORY_30_PLUS_DATES,false,false,false,REALIZED_CONSOLIDATED_HISTORICAL_PRICE_PERFORMANCE
MTG:COLLECTOR_BOOSTER_BOX:TCGCSV-2648-220423,Zendikar Rising Collector Booster Display,COLLECTOR_BOOSTER_BOX,FULL_MODEL,EVALUATED,LONG_HISTORY,31,2024-02-08,2026-07-11,884,370.37,205.86,79.91,27.46,40.49,,,11.57,-4.33,19,FRESH,100.00,HISTORICALLY_STRONG,,HISTORY_30_PLUS_DATES,false,false,false,REALIZED_CONSOLIDATED_HISTORICAL_PRICE_PERFORMANCE
MTG:PRE_COLLECTOR_BOOSTER_BOX:MTG-CANON-TCGPLAYER-77321,Born of the Gods - Booster Box,PRE_COLLECTOR_BOOSTER_BOX,FULL_MODEL,FORECAST_READY,LONG_HISTORY,30,2024-02-08,2026-07-01,874,216.92,123.44,75.73,26.57,36.37,,,13.18,-6.74,29,FRESH,100.00,HISTORICALLY_STRONG,,HISTORY_30_PLUS_DATES,true,true,false,REALIZED_CONSOLIDATED_HISTORICAL_PRICE_PERFORMANCE
MTG:PRE_COLLECTOR_BOOSTER_BOX:MTG-CANON-TCGPLAYER-166550,Core Set 2019 - Booster Box,PRE_COLLECTOR_BOOSTER_BOX,FULL_MODEL,FORECAST_READY,LONG_HISTORY,30,2024-02-08,2026-07-01,874,199.73,105.31,89.66,30.67,69.29,,,12.84,-9.86,29,FRESH,100.00,HISTORICALLY_STRONG,,HISTORY_30_PLUS_DATES,true,true,false,REALIZED_CONSOLIDATED_HISTORICAL_PRICE_PERFORMANCE
MTG:PRE_COLLECTOR_BOOSTER_BOX:MTG-CANON-TCGPLAYER-131456,Hour of Devastation - Booster Box,PRE_COLLECTOR_BOOSTER_BOX,FULL_MODEL,FORECAST_READY,LONG_HISTORY,30,2024-02-08,2026-07-01,874,289.12,153.95,87.80,30.13,54.85,,,13.41,-5.80,29,FRESH,100.00,HISTORICALLY_STRONG,,HISTORY_30_PLUS_DATES,true,true,false,REALIZED_CONSOLIDATED_HISTORICAL_PRICE_PERFORMANCE
MTG:PRE_COLLECTOR_BOOSTER_BOX:MTG-CANON-TCGPLAYER-145235,Iconic Masters - Booster Box,PRE_COLLECTOR_BOOSTER_BOX,FULL_MODEL,FORECAST_READY,LONG_HISTORY,30,2024-02-08,2026-07-01,874,321.87,191.60,67.99,24.21,60.65,,,11.74,-8.42,29,FRESH,100.00,HISTORICALLY_STRONG,,HISTORY_30_PLUS_DATES,true,true,false,REALIZED_CONSOLIDATED_HISTORICAL_PRICE_PERFORMANCE
MTG:PRE_COLLECTOR_BOOSTER_BOX:MTG-CANON-TCGPLAYER-157857,Masters 25 - Booster Box,PRE_COLLECTOR_BOOSTER_BOX,FULL_MODEL,FORECAST_READY,LONG_HISTORY,30,2024-02-08,2026-07-01,874,300.66,176.82,70.04,24.84,59.81,,,10.18,-3.40,29,FRESH,100.00,HISTORICALLY_STRONG,,HISTORY_30_PLUS_DATES,true,true,false,REALIZED_CONSOLIDATED_HISTORICAL_PRICE_PERFORMANCE
MTG:PRE_COLLECTOR_BOOSTER_BOX:MTG-CANON-TCGPLAYER-95052,Modern Masters 2015 - Booster Box,PRE_COLLECTOR_BOOSTER_BOX,FULL_MODEL,FORECAST_READY,LONG_HISTORY,30,2024-02-08,2026-07-01,874,396.97,232.28,70.90,25.10,43.22,,,16.64,-8.78,29,FRESH,100.00,HISTORICALLY_STRONG,,HISTORY_30_PLUS_DATES,true,true,false,REALIZED_CONSOLIDATED_HISTORICAL_PRICE_PERFORMANCE
MTG:PRE_COLLECTOR_BOOSTER_BOX:MTG-CANON-TCGPLAYER-70960,Theros - Booster Box,PRE_COLLECTOR_BOOSTER_BOX,FULL_MODEL,FORECAST_READY,LONG_HISTORY,30,2024-02-08,2026-07-01,874,287.25,142.16,102.06,34.17,60.22,,,18.86,-9.78,29,FRESH,100.00,HISTORICALLY_STRONG,,HISTORY_30_PLUS_DATES,true,true,false,REALIZED_CONSOLIDATED_HISTORICAL_PRICE_PERFORMANCE
MTG:PRE_COLLECTOR_BOOSTER_BOX:MTG-CANON-TCGPLAYER-149402,Unstable - Booster Box,PRE_COLLECTOR_BOOSTER_BOX,FULL_MODEL,FORECAST_READY,LONG_HISTORY,30,2024-02-08,2026-07-01,874,188.57,97.30,93.80,31.85,37.96,,,14.58,-13.87,29,FRESH,100.00,HISTORICALLY_STRONG,,HISTORY_30_PLUS_DATES,true,true,false,REALIZED_CONSOLIDATED_HISTORICAL_PRICE_PERFORMANCE
MTG:SECRET_LAIR:SL-B9EC0C6C5561F1,Drop: Artist Series: Alayna Danner - Non-Foil Edition ? Nonfoil Edition,SECRET_LAIR,FULL_MODEL,PASS,LONG_HISTORY,30,2024-02-08,2026-07-01,874,64.29,38.07,68.87,24.48,34.58,,,13.39,-5.14,29,FRESH,100.00,HISTORICALLY_STRONG,,HISTORY_30_PLUS_DATES,false,false,false,REALIZED_CONSOLIDATED_HISTORICAL_PRICE_PERFORMANCE
MTG:SECRET_LAIR:SL-E23BF5EAA4F5AA,Drop: Artist Series: Livia Prima - Traditional Foil Edition ? Foil Edition,SECRET_LAIR,FULL_MODEL,PASS,LONG_HISTORY,30,2024-02-08,2026-07-01,874,45.36,26.92,68.50,24.36,73.39,,,12.12,-9.88,29,FRESH,100.00,HISTORICALLY_STRONG,,HISTORY_30_PLUS_DATES,false,false,false,REALIZED_CONSOLIDATED_HISTORICAL_PRICE_PERFORMANCE
MTG:SECRET_LAIR:SL-74035B29B5EAA4,Drop: Artist Series: Thomas Baxa - Non-Foil Edition ? Nonfoil Edition,SECRET_LAIR,FULL_MODEL,PASS,LONG_HISTORY,30,2024-02-08,2026-07-01,874,32.13,17.89,79.60,27.72,48.00,,,15.64,-13.11,29,FRESH,100.00,HISTORICALLY_STRONG,,HISTORY_30_PLUS_DATES,false,false,false,REALIZED_CONSOLIDATED_HISTORICAL_PRICE_PERFORMANCE
MTG:SECRET_LAIR:SL-70307120926003,Drop: Artist Series: Wayne Reynolds - Traditional Foil Edition ? Foil Edition,SECRET_LAIR,FULL_MODEL,PASS,LONG_HISTORY,30,2024-02-08,2026-07-01,874,35.13,17.41,101.78,34.09,40.75,,,13.85,-12.44,29,FRESH,100.00,HISTORICALLY_STRONG,,HISTORY_30_PLUS_DATES,false,false,false,REALIZED_CONSOLIDATED_HISTORICAL_PRICE_PERFORMANCE
MTG:SECRET_LAIR:SL-2098A235696D4F,Drop: Dan Frazier Is Back Again: The Allied Talismans - Foil Etched Edition ? Foil Edition,SECRET_LAIR,FULL_MODEL,PASS,LONG_HISTORY,30,2024-02-08,2026-07-01,874,170.00,48.05,253.80,69.56,82.25,,,18.79,-5.04,29,FRESH,100.00,HISTORICALLY_STRONG,,HISTORY_30_PLUS_DATES,false,false,false,REALIZED_CONSOLIDATED_HISTORICAL_PRICE_PERFORMANCE
MTG:SECRET_LAIR:SL-B2289CE720A189,Drop: Dan Frazier Is Back Again: The Enemy Talismans - Foil Etched Edition ? Foil Edition,SECRET_LAIR,FULL_MODEL,PASS,LONG_HISTORY,30,2024-02-08,2026-07-01,874,138.63,40.15,245.28,67.84,79.88,,,16.69,-3.68,29,FRESH,100.00,HISTORICALLY_STRONG,,HISTORY_30_PLUS_DATES,false,false,false,REALIZED_CONSOLIDATED_HISTORICAL_PRICE_PERFORMANCE
MTG:SECRET_LAIR:SL-BFAF5430109A2E,Drop: Dan Frazier is Back: The Allied Signets - Foil Etched Edition ? Foil Edition,SECRET_LAIR,FULL_MODEL,PASS,LONG_HISTORY,30,2024-02-08,2026-07-01,874,161.25,74.89,115.32,37.78,65.90,,,14.59,-5.82,29,FRESH,100.00,HISTORICALLY_STRONG,,HISTORY_30_PLUS_DATES,false,false,false,REALIZED_CONSOLIDATED_HISTORICAL_PRICE_PERFORMANCE
MTG:SECRET_LAIR:SL-B9248149A4056B,Drop: Draw Your Hand - Traditional Foil Edition ? Foil Edition,SECRET_LAIR,FULL_MODEL,PASS,LONG_HISTORY,30,2024-02-08,2026-07-01,874,61.46,32.27,90.46,30.90,24.54,,,11.85,-8.37,29,FRESH,100.00,HISTORICALLY_STRONG,,HISTORY_30_PLUS_DATES,false,false,false,REALIZED_CONSOLIDATED_HISTORICAL_PRICE_PERFORMANCE
MTG:SECRET_LAIR:SL-0E630241169A8E,"Drop: Fblthp: Completely, Utterly, Totally Lost - Traditional Foil Edition ? Foil Edition",SECRET_LAIR,FULL_MODEL,PASS,LONG_HISTORY,30,2024-02-08,2026-07-01,874,57.41,25.89,121.75,39.49,50.76,,,12.65,-2.63,29,FRESH,100.00,HISTORICALLY_STRONG,,HISTORY_30_PLUS_DATES,false,false,false,REALIZED_CONSOLIDATED_HISTORICAL_PRICE_PERFORMANCE
MTG:SECRET_LAIR:SL-204D6B03D36FE2,Drop: Kamigawa Ink - Traditional Foil Edition ? Foil Edition,SECRET_LAIR,FULL_MODEL,PASS,LONG_HISTORY,30,2024-02-08,2026-07-01,874,70.92,35.22,101.36,33.98,39.25,,,12.91,-7.04,29,FRESH,100.00,HISTORICALLY_STRONG,,HISTORY_30_PLUS_DATES,false,false,false,REALIZED_CONSOLIDATED_HISTORICAL_PRICE_PERFORMANCE
MTG:SECRET_LAIR:SL-26D338135420FD,Drop: Mirrodinsanity - Traditional Foil Edition ? Foil Edition,SECRET_LAIR,FULL_MODEL,PASS,LONG_HISTORY,30,2024-02-08,2026-07-01,874,134.17,59.71,124.70,40.26,44.27,,,10.77,-6.22,29,FRESH,100.00,HISTORICALLY_STRONG,,HISTORY_30_PLUS_DATES,false,false,false,REALIZED_CONSOLIDATED_HISTORICAL_PRICE_PERFORMANCE
MTG:SECRET_LAIR:SL-E976A82043B976,Drop: Secret Lair X MSCHF - Foil Edition ? Foil Edition,SECRET_LAIR,FULL_MODEL,PASS,LONG_HISTORY,30,2024-02-08,2026-07-01,874,107.03,60.46,77.03,26.96,35.43,,,12.08,-4.87,29,FRESH,100.00,HISTORICALLY_STRONG,,HISTORY_30_PLUS_DATES,false,false,false,REALIZED_CONSOLIDATED_HISTORICAL_PRICE_PERFORMANCE
MTG:SECRET_LAIR:SL-13A381A40449C9,Drop: Secret Lair x Fallout: Points of Interest - Rainbow Foil Edition ? Foil Edition,SECRET_LAIR,FULL_MODEL,PASS,LONG_HISTORY,27,2024-05-01,2026-07-01,791,143.50,62.61,129.20,46.67,67.44,,,18.23,-13.64,29,FRESH,100.00,HISTORICALLY_STRONG,,HISTORY_2_TO_29_DATES,false,false,false,REALIZED_CONSOLIDATED_HISTORICAL_PRICE_PERFORMANCE
MTG:SECRET_LAIR:SL-EA3F127E1B6608,Drop: Secret Lair x Fallout: Vault Boy - Rainbow Foil Edition ? Foil Edition,SECRET_LAIR,FULL_MODEL,PASS,LONG_HISTORY,27,2024-05-01,2026-07-01,791,96.05,42.99,123.42,44.95,45.31,,,19.14,-10.92,29,FRESH,100.00,HISTORICALLY_STRONG,,HISTORY_2_TO_29_DATES,false,false,false,REALIZED_CONSOLIDATED_HISTORICAL_PRICE_PERFORMANCE
MTG:SECRET_LAIR:SL-26D60205AA523A,Drop: Secret Lair x Fortnite - Traditional Foil Edition ? Foil Edition,SECRET_LAIR,FULL_MODEL,PASS,LONG_HISTORY,30,2024-02-08,2026-07-01,874,125.07,67.96,84.03,29.03,28.45,,,11.50,-7.64,29,FRESH,100.00,HISTORICALLY_STRONG,,HISTORY_30_PLUS_DATES,false,false,false,REALIZED_CONSOLIDATED_HISTORICAL_PRICE_PERFORMANCE
MTG:SECRET_LAIR:SL-C5A93064AA668C,Drop: Secret Lair x Jurassic World: Dr. Ian Malcolm - Non-Foil Edition ? Nonfoil Edition,SECRET_LAIR,FULL_MODEL,PASS,LONG_HISTORY,30,2024-02-08,2026-07-01,874,95.84,43.10,122.37,39.65,32.71,,,10.15,-5.19,29,FRESH,100.00,HISTORICALLY_STRONG,,HISTORY_30_PLUS_DATES,false,false,false,REALIZED_CONSOLIDATED_HISTORICAL_PRICE_PERFORMANCE
MTG:SECRET_LAIR:SL-137214427FCCAA,Drop: Showcase: Streets of New Capenna - Gilded Foil Edition ? Foil Edition,SECRET_LAIR,FULL_MODEL,PASS,LONG_HISTORY,30,2024-02-08,2026-07-01,874,61.87,33.61,84.08,29.05,45.82,,,10.97,-8.74,29,FRESH,100.00,HISTORICALLY_STRONG,,HISTORY_30_PLUS_DATES,false,false,false,REALIZED_CONSOLIDATED_HISTORICAL_PRICE_PERFORMANCE
MTG:SECRET_LAIR:SL-3F1F1DB9343414,Drop: Special Guest: Jen Bartel - Non-Foil Edition ? Nonfoil Edition,SECRET_LAIR,FULL_MODEL,PASS,LONG_HISTORY,30,2024-02-08,2026-07-01,874,62.36,32.44,92.23,31.41,44.75,,,8.38,-7.00,29,FRESH,100.00,HISTORICALLY_STRONG,,HISTORY_30_PLUS_DATES,false,false,false,REALIZED_CONSOLIDATED_HISTORICAL_PRICE_PERFORMANCE
MTG:SECRET_LAIR:SL-F378E79C981B5B,Drop: Special Guest: Kelogsloops - Traditional Foil Edition ? Foil Edition,SECRET_LAIR,FULL_MODEL,PASS,LONG_HISTORY,30,2024-02-08,2026-07-01,874,137.69,52.40,162.77,49.74,46.74,,,13.03,-5.78,29,FRESH,100.00,HISTORICALLY_STRONG,,HISTORY_30_PLUS_DATES,false,false,false,REALIZED_CONSOLIDATED_HISTORICAL_PRICE_PERFORMANCE
MTG:SECRET_LAIR:SL-1716D8997667E1,Drop: The Space Beyond the Stars - Traditional Foil Edition ? Foil Edition,SECRET_LAIR,FULL_MODEL,PASS,LONG_HISTORY,30,2024-02-08,2026-07-01,874,58.54,32.20,81.80,28.38,50.68,,,12.38,-6.27,29,FRESH,100.00,HISTORICALLY_STRONG,,HISTORY_30_PLUS_DATES,false,false,false,REALIZED_CONSOLIDATED_HISTORICAL_PRICE_PERFORMANCE
MTG:SECRET_LAIR:SL-E761E1777C5411,Drop: Through the Wormhole - Non-Foil Edition ? Nonfoil Edition,SECRET_LAIR,FULL_MODEL,PASS,LONG_HISTORY,30,2024-02-08,2026-07-01,874,209.45,50.91,311.41,80.60,69.77,,,13.04,-0.45,29,FRESH,100.00,HISTORICALLY_STRONG,,HISTORY_30_PLUS_DATES,false,false,false,REALIZED_CONSOLIDATED_HISTORICAL_PRICE_PERFORMANCE
MTG:SECRET_LAIR:SL-01DC7B8F9D05F8,Drop: Totally Spaced Out - Galaxy Foil Edition ? Foil Edition,SECRET_LAIR,FULL_MODEL,PASS,LONG_HISTORY,30,2024-02-08,2026-07-01,874,160.16,93.37,71.53,25.30,33.20,,,14.40,-8.79,29,FRESH,100.00,HISTORICALLY_STRONG,,HISTORY_30_PLUS_DATES,false,false,false,REALIZED_CONSOLIDATED_HISTORICAL_PRICE_PERFORMANCE
MTG:SECRET_LAIR:SL-0A174DAC0F9024,"Drop: Transformers: One Shall Stand, One Shall Fall - Traditional Foil Edition ? Foil Edition",SECRET_LAIR,FULL_MODEL,PASS,LONG_HISTORY,30,2024-02-08,2026-07-01,874,83.08,48.48,71.37,25.25,39.02,,,11.18,-7.47,29,FRESH,100.00,HISTORICALLY_STRONG,,HISTORY_30_PLUS_DATES,false,false,false,REALIZED_CONSOLIDATED_HISTORICAL_PRICE_PERFORMANCE
MTG:SECRET_LAIR:SL-B689085E2D41DE,x Warhammer Age of Sigmar - Non-Foil Edition ? Nonfoil Edition,SECRET_LAIR,FULL_MODEL,PASS,LONG_HISTORY,29,2024-02-08,2026-07-01,874,131.47,53.69,144.87,45.39,63.56,,,11.87,-0.88,29,FRESH,100.00,HISTORICALLY_STRONG,,HISTORY_2_TO_29_DATES,false,false,false,REALIZED_CONSOLIDATED_HISTORICAL_PRICE_PERFORMANCE
MTG:SECRET_LAIR:SL-255A0A2F4FEB20,Drop: The Tokyo Lands - Non-Foil Edition ? Nonfoil Edition,SECRET_LAIR,FULL_MODEL,PASS,LONG_HISTORY,30,2024-02-08,2026-07-01,874,65.26,39.98,63.23,22.72,40.62,,,11.74,-8.16,29,FRESH,99.05,HISTORICALLY_STRONG,,HISTORY_30_PLUS_DATES,false,false,false,REALIZED_CONSOLIDATED_HISTORICAL_PRICE_PERFORMANCE
MTG:SECRET_LAIR:SL-213339E791C59A,"x Warhammer 40,000: Orks - Non-Foil Edition ? Nonfoil Edition",SECRET_LAIR,FULL_MODEL,PASS,LONG_HISTORY,28,2024-02-08,2026-07-01,874,163.10,72.71,124.32,40.16,61.33,,,17.27,-21.03,29,FRESH,99.00,HISTORICALLY_STRONG,,HISTORY_2_TO_29_DATES,false,false,false,REALIZED_CONSOLIDATED_HISTORICAL_PRICE_PERFORMANCE
MTG:SECRET_LAIR:SL-95C045CE385254,Drop: Artist Series: Mark Poole - Non-Foil Edition ? Nonfoil Edition,SECRET_LAIR,FULL_MODEL,PASS,LONG_HISTORY,30,2024-02-08,2026-07-01,874,44.05,27.05,62.85,22.60,56.26,,,13.84,-9.65,29,FRESH,98.89,HISTORICALLY_STRONG,,HISTORY_30_PLUS_DATES,false,false,false,REALIZED_CONSOLIDATED_HISTORICAL_PRICE_PERFORMANCE
MTG:SECRET_LAIR:SL-B0E43DFE167A56,Drop: Artist Series: Livia Prima - Non-Foil Edition ? Nonfoil Edition,SECRET_LAIR,FULL_MODEL,PASS,LONG_HISTORY,30,2024-02-08,2026-07-01,874,43.87,23.27,88.53,30.34,81.66,,,20.14,-6.10,29,FRESH,98.85,HISTORICALLY_STRONG,,HISTORY_30_PLUS_DATES,false,false,false,REALIZED_CONSOLIDATED_HISTORICAL_PRICE_PERFORMANCE
MTG:SECRET_LAIR:SL-690BF3733992EE,Drop: Special Guest: Jen Bartel - Traditional Foil Edition ? Foil Edition,SECRET_LAIR,FULL_MODEL,PASS,LONG_HISTORY,30,2024-02-08,2026-07-01,874,66.58,38.78,71.69,25.34,22.82,,,7.90,-3.39,29,FRESH,98.58,HISTORICALLY_STRONG,,HISTORY_30_PLUS_DATES,false,false,false,REALIZED_CONSOLIDATED_HISTORICAL_PRICE_PERFORMANCE
MTG:SECRET_LAIR:SL-37F8EC322DC4FF,Drop: Secret Lair x Tomb Raider - Traditional Foil Edition ? Foil Edition,SECRET_LAIR,FULL_MODEL,PASS,LONG_HISTORY,30,2024-02-08,2026-07-01,874,197.79,65.44,202.25,58.76,16.82,,,18.78,-9.42,29,FRESH,98.41,HISTORICALLY_STRONG,,HISTORY_30_PLUS_DATES,false,false,false,REALIZED_CONSOLIDATED_HISTORICAL_PRICE_PERFORMANCE
MTG:PRE_COLLECTOR_BOOSTER_BOX:MTG-CANON-TCGPLAYER-27283,Ice Age - Booster Box,PRE_COLLECTOR_BOOSTER_BOX,FULL_MODEL,FORECAST_READY,LONG_HISTORY,30,2024-02-08,2026-07-01,874,1907.98,1049.99,81.71,28.35,98.30,,,29.16,-10.00,29,FRESH,98.17,HISTORICALLY_STRONG,,HISTORY_30_PLUS_DATES,true,true,false,REALIZED_CONSOLIDATED_HISTORICAL_PRICE_PERFORMANCE
MTG:PRE_COLLECTOR_BOOSTER_BOX:MTG-CANON-TCGPLAYER-127174,Amonkhet - Booster Box,PRE_COLLECTOR_BOOSTER_BOX,FULL_MODEL,FORECAST_READY,LONG_HISTORY,30,2024-02-08,2026-07-01,874,342.42,210.68,62.53,22.50,28.79,,,12.39,-6.82,29,FRESH,98.15,HISTORICALLY_STRONG,,HISTORY_30_PLUS_DATES,true,true,false,REALIZED_CONSOLIDATED_HISTORICAL_PRICE_PERFORMANCE
MTG:COLLECTOR_BOOSTER_BOX:TCGCSV-24233-619672,Edge of Eternities Collector Booster Display,COLLECTOR_BOOSTER_BOX,FULL_MODEL,EVALUATED,MEDIUM_HISTORY,18,2025-03-01,2026-07-11,497,622.38,262.07,137.49,88.83,88.49,,,19.78,-4.81,19,FRESH,98.00,HISTORICALLY_STRONG,,HISTORY_2_TO_29_DATES,false,false,false,REALIZED_CONSOLIDATED_HISTORICAL_PRICE_PERFORMANCE
MTG:PRE_COLLECTOR_BOOSTER_BOX:MTG-CANON-TCGPLAYER-94746,Fate Reforged - Booster Box,PRE_COLLECTOR_BOOSTER_BOX,FULL_MODEL,FORECAST_READY,LONG_HISTORY,30,2024-02-08,2026-07-01,874,207.01,129.29,60.11,21.74,35.07,,,12.56,-13.47,29,FRESH,97.75,HISTORICALLY_STRONG,,HISTORY_30_PLUS_DATES,true,true,false,REALIZED_CONSOLIDATED_HISTORICAL_PRICE_PERFORMANCE
MTG:SECRET_LAIR:SL-6913FBEDFDB80B,Drop: Dogs Are Better Than Cats - Non-Foil Edition ? Nonfoil Edition,SECRET_LAIR,FULL_MODEL,PASS,MEDIUM_HISTORY,16,2025-04-01,2026-07-01,456,80.85,41.41,95.24,70.90,46.89,,,14.79,0.00,29,FRESH,97.52,HISTORICALLY_STRONG,,HISTORY_2_TO_29_DATES,false,false,false,REALIZED_CONSOLIDATED_HISTORICAL_PRICE_PERFORMANCE
MTG:PRE_COLLECTOR_BOOSTER_BOX:MTG-CANON-TCGPLAYER-35749,Scars of Mirrodin - Booster Box,PRE_COLLECTOR_BOOSTER_BOX,FULL_MODEL,FORECAST_READY,LONG_HISTORY,30,2024-02-08,2026-07-01,874,657.97,368.02,78.79,27.48,18.62,,,14.55,-3.79,29,FRESH,97.19,HISTORICALLY_STRONG,,HISTORY_30_PLUS_DATES,true,true,false,REALIZED_CONSOLIDATED_HISTORICAL_PRICE_PERFORMANCE
MTG:SECRET_LAIR:SL-B5F3C839262F36,Drop: The '90s Binder Experience - Traditional Foil Edition ? Foil Edition,SECRET_LAIR,FULL_MODEL,PASS,LONG_HISTORY,30,2024-02-08,2026-07-01,874,112.97,65.75,71.82,25.38,19.67,,,10.94,-7.00,29,FRESH,97.02,HISTORICALLY_STRONG,,HISTORY_30_PLUS_DATES,false,false,false,REALIZED_CONSOLIDATED_HISTORICAL_PRICE_PERFORMANCE
MTG:SECRET_LAIR:SL-01E98F93055799,Drop: Artist Series: Sam Burley - Traditional Foil Edition ? Foil Edition,SECRET_LAIR,FULL_MODEL,PASS,LONG_HISTORY,30,2024-02-08,2026-07-01,874,58.54,34.60,69.19,24.58,46.42,,,14.58,-15.03,29,FRESH,95.50,HISTORICALLY_STRONG,,HISTORY_30_PLUS_DATES,false,false,false,REALIZED_CONSOLIDATED_HISTORICAL_PRICE_PERFORMANCE
MTG:COLLECTOR_BOOSTER_BOX:TCGCSV-3047-267023,Commander Legends: Battle for Baldur's Gate Collector Booster Display,COLLECTOR_BOOSTER_BOX,PROVISIONAL_MODEL,EVALUATED,LONG_HISTORY,31,2024-02-08,2026-07-11,884,581.65,153.08,279.96,73.60,104.92,,,19.56,-2.65,19,FRESH,95.00,HISTORICALLY_STRONG,,HISTORY_30_PLUS_DATES,false,false,false,REALIZED_CONSOLIDATED_HISTORICAL_PRICE_PERFORMANCE
MTG:COLLECTOR_BOOSTER_BOX:TCGCSV-2603-208279,Ikoria: Lair of Behemoths Collector Booster Display,COLLECTOR_BOOSTER_BOX,PROVISIONAL_MODEL,EVALUATED,LONG_HISTORY,31,2024-02-08,2026-07-11,884,561.43,270.45,107.59,35.23,57.87,,,11.08,-3.33,19,FRESH,95.00,HISTORICALLY_STRONG,,HISTORY_30_PLUS_DATES,false,false,false,REALIZED_CONSOLIDATED_HISTORICAL_PRICE_PERFORMANCE
MTG:PRE_COLLECTOR_BOOSTER_BOX:MTG-CANON-TCGPLAYER-69243,Magic 2014 (M14) - Booster Box,PRE_COLLECTOR_BOOSTER_BOX,PROVISIONAL_MODEL,PROVISIONAL_GUARDED,LONG_HISTORY,30,2024-02-08,2026-07-01,874,315.41,149.64,110.78,36.56,78.69,,,16.73,-3.89,29,FRESH,95.00,HISTORICALLY_STRONG,,HISTORY_30_PLUS_DATES,true,false,false,REALIZED_CONSOLIDATED_HISTORICAL_PRICE_PERFORMANCE
MTG:SECRET_LAIR:SL-F3F1C2A23E48D0,Drop: Secret Lair x Dungeons & Dragons: An Exhibition of Adventure - Rainbow Foil Edition ? Foil Edition,SECRET_LAIR,FULL_MODEL,PASS,MEDIUM_HISTORY,23,2024-09-01,2026-07-01,668,78.17,47.23,65.51,31.72,56.53,,,16.84,-14.21,29,FRESH,94.55,HISTORICALLY_STRONG,,HISTORY_2_TO_29_DATES,false,false,false,REALIZED_CONSOLIDATED_HISTORICAL_PRICE_PERFORMANCE
MTG:PRE_COLLECTOR_BOOSTER_BOX:MTG-CANON-TCGPLAYER-188210,Core Set 2020 - Booster Box,PRE_COLLECTOR_BOOSTER_BOX,FULL_MODEL,FORECAST_READY,LONG_HISTORY,30,2024-02-08,2026-07-01,874,150.72,98.99,52.26,19.21,35.39,,,10.37,-6.80,29,FRESH,94.43,HISTORICALLY_STRONG,,HISTORY_30_PLUS_DATES,true,true,false,REALIZED_CONSOLIDATED_HISTORICAL_PRICE_PERFORMANCE
MTG:COLLECTOR_BOOSTER_BOX:TCGCSV-23447-541238,Bloomburrow Collector Booster Display,COLLECTOR_BOOSTER_BOX,FULL_MODEL,EVALUATED,LONG_HISTORY,30,2024-03-01,2026-07-11,862,980.70,249.93,292.39,78.47,110.00,,,36.01,-19.94,19,FRESH,94.00,HISTORICALLY_STRONG,,HISTORY_2_TO_29_DATES,false,false,false,REALIZED_CONSOLIDATED_HISTORICAL_PRICE_PERFORMANCE
MTG:COLLECTOR_BOOSTER_BOX:TCGCSV-2862-246457,Innistrad: Crimson Vow Collector Booster Display,COLLECTOR_BOOSTER_BOX,FULL_MODEL,EVALUATED,LONG_HISTORY,31,2024-02-08,2026-07-11,884,248.10,120.33,106.18,34.85,71.40,,,24.93,-17.86,19,FRESH,94.00,HISTORICALLY_STRONG,,HISTORY_30_PLUS_DATES,false,false,false,REALIZED_CONSOLIDATED_HISTORICAL_PRICE_PERFORMANCE
MTG:COLLECTOR_BOOSTER_BOX:TCGCSV-2958-275406,Unfinity Collector Booster Display,COLLECTOR_BOOSTER_BOX,FULL_MODEL,EVALUATED,LONG_HISTORY,31,2024-02-08,2026-07-11,884,335.93,128.86,160.69,48.57,44.23,,,34.93,-23.94,19,FRESH,94.00,HISTORICALLY_STRONG,,HISTORY_30_PLUS_DATES,false,false,false,REALIZED_CONSOLIDATED_HISTORICAL_PRICE_PERFORMANCE
MTG:COLLECTOR_BOOSTER_BOX:TCGCSV-23163-496041,Wilds of Eldraine Collector Booster Display,COLLECTOR_BOOSTER_BOX,FULL_MODEL,EVALUATED,LONG_HISTORY,31,2024-02-08,2026-07-11,884,865.07,183.91,370.38,89.60,48.70,,,31.99,-16.07,19,FRESH,94.00,HISTORICALLY_STRONG,,HISTORY_30_PLUS_DATES,false,false,false,REALIZED_CONSOLIDATED_HISTORICAL_PRICE_PERFORMANCE
MTG:SECRET_LAIR:SL-142966DB35DC8F,Drop: Artist Series: Sam Burley - Non-Foil Edition ? Nonfoil Edition,SECRET_LAIR,FULL_MODEL,PASS,LONG_HISTORY,30,2024-02-08,2026-07-01,874,51.66,24.95,107.05,35.55,53.16,,,21.74,-20.82,29,FRESH,94.00,HISTORICALLY_STRONG,,HISTORY_30_PLUS_DATES,false,false,false,REALIZED_CONSOLIDATED_HISTORICAL_PRICE_PERFORMANCE
MTG:SECRET_LAIR:SL-10F7835581923D,Drop: Phyrexian Praetors: Compleat Edition - Non-Foil Edition ? Nonfoil Edition,SECRET_LAIR,FULL_MODEL,PASS,LONG_HISTORY,30,2024-02-08,2026-07-01,874,62.02,37.52,65.30,23.37,42.54,,,13.38,-18.39,29,FRESH,93.90,HISTORICALLY_STRONG,,HISTORY_30_PLUS_DATES,false,false,false,REALIZED_CONSOLIDATED_HISTORICAL_PRICE_PERFORMANCE
MTG:SECRET_LAIR:SL-0F86D31256941D,Drop: Secret Lair x Marvel's Wolverine - Rainbow Foil Edition ? Foil Edition,SECRET_LAIR,FULL_MODEL,PASS,MEDIUM_HISTORY,20,2024-12-01,2026-07-01,577,137.34,86.72,58.37,33.78,47.61,,,17.42,-7.78,29,FRESH,93.84,HISTORICALLY_STRONG,,HISTORY_2_TO_29_DATES,false,false,false,REALIZED_CONSOLIDATED_HISTORICAL_PRICE_PERFORMANCE
MTG:PRE_COLLECTOR_BOOSTER_BOX:MTG-CANON-TCGPLAYER-59120,Magic 2013 (M13) - Booster Box,PRE_COLLECTOR_BOOSTER_BOX,PROVISIONAL_MODEL,PROVISIONAL_GUARDED,LONG_HISTORY,30,2024-02-08,2026-07-01,874,299.36,159.20,88.04,30.20,74.51,,,12.64,-6.57,29,FRESH,93.80,HISTORICALLY_STRONG,,HISTORY_30_PLUS_DATES,true,false,false,REALIZED_CONSOLIDATED_HISTORICAL_PRICE_PERFORMANCE
MTG:PRE_COLLECTOR_BOOSTER_BOX:MTG-CANON-TCGPLAYER-179444,Ultimate Masters - Booster Box,PRE_COLLECTOR_BOOSTER_BOX,FULL_MODEL,FORECAST_READY,LONG_HISTORY,30,2024-02-08,2026-07-01,874,510.36,323.77,57.63,20.95,24.11,,,10.30,-8.50,29,FRESH,93.77,HISTORICALLY_STRONG,,HISTORY_30_PLUS_DATES,true,true,false,REALIZED_CONSOLIDATED_HISTORICAL_PRICE_PERFORMANCE
MTG:COLLECTOR_BOOSTER_BOX:TCGCSV-23556-562122,Foundations Collector Booster Display,COLLECTOR_BOOSTER_BOX,FULL_MODEL,EVALUATED,MEDIUM_HISTORY,24,2024-09-01,2026-07-11,678,737.34,250.15,194.76,79.02,71.26,,,37.90,-10.91,19,FRESH,93.00,HISTORICALLY_STRONG,,HISTORY_2_TO_29_DATES,false,false,false,REALIZED_CONSOLIDATED_HISTORICAL_PRICE_PERFORMANCE
MTG:COLLECTOR_BOOSTER_BOX:TCGCSV-23361-529968,Murders at Karlov Manor Collector Booster Display,COLLECTOR_BOOSTER_BOX,FULL_MODEL,EVALUATED,LONG_HISTORY,31,2024-02-08,2026-07-11,884,352.29,185.48,89.93,30.35,88.31,,,24.40,-24.00,19,FRESH,92.99,HISTORICALLY_STRONG,,HISTORY_30_PLUS_DATES,false,false,false,REALIZED_CONSOLIDATED_HISTORICAL_PRICE_PERFORMANCE
MTG:PRE_COLLECTOR_BOOSTER_BOX:MTG-CANON-TCGPLAYER-57584,Dark Ascension - Booster Box,PRE_COLLECTOR_BOOSTER_BOX,FULL_MODEL,FORECAST_READY,LONG_HISTORY,30,2024-02-08,2026-07-01,874,221.35,144.64,53.04,19.46,25.68,,,9.08,-3.20,29,FRESH,92.60,HISTORICALLY_STRONG,,HISTORY_30_PLUS_DATES,true,true,false,REALIZED_CONSOLIDATED_HISTORICAL_PRICE_PERFORMANCE
MTG:SECRET_LAIR:SL-832BF55C6E27A1,Drop: Showcase: Read The Fine Print - Non-Foil Edition ? Nonfoil Edition,SECRET_LAIR,FULL_MODEL,PASS,LONG_HISTORY,30,2024-02-08,2026-07-01,874,38.03,25.78,47.52,17.64,38.04,,,12.17,-10.29,29,FRESH,92.39,HISTORICALLY_STRONG,,HISTORY_30_PLUS_DATES,false,false,false,REALIZED_CONSOLIDATED_HISTORICAL_PRICE_PERFORMANCE
MTG:PRE_COLLECTOR_BOOSTER_BOX:MTG-CANON-TCGPLAYER-185894,Modern Horizons - Booster Box,PRE_COLLECTOR_BOOSTER_BOX,FULL_MODEL,FORECAST_READY,LONG_HISTORY,30,2024-02-08,2026-07-01,874,285.15,195.23,46.06,17.15,40.72,,,11.88,-6.84,29,FRESH,91.76,HISTORICALLY_STRONG,,HISTORY_30_PLUS_DATES,true,true,false,REALIZED_CONSOLIDATED_HISTORICAL_PRICE_PERFORMANCE
MTG:PRE_COLLECTOR_BOOSTER_BOX:MTG-CANON-TCGPLAYER-127069,Modern Masters 2017 - Booster Box,PRE_COLLECTOR_BOOSTER_BOX,FULL_MODEL,FORECAST_READY,LONG_HISTORY,30,2024-02-08,2026-07-01,874,309.61,185.24,67.14,23.94,12.13,,,11.55,-5.18,29,FRESH,91.72,HISTORICALLY_STRONG,,HISTORY_30_PLUS_DATES,true,true,false,REALIZED_CONSOLIDATED_HISTORICAL_PRICE_PERFORMANCE
MTG:COLLECTOR_BOOSTER_BOX:TCGCSV-24232-619649,Tarkir: Dragonstorm Collector Booster Display,COLLECTOR_BOOSTER_BOX,FULL_MODEL,EVALUATED,MEDIUM_HISTORY,18,2025-03-01,2026-07-11,497,463.19,249.43,85.70,57.60,41.19,,,29.60,-11.77,19,FRESH,91.57,HISTORICALLY_STRONG,,HISTORY_2_TO_29_DATES,false,false,false,REALIZED_CONSOLIDATED_HISTORICAL_PRICE_PERFORMANCE
MTG:SECRET_LAIR:SL-75EB6270819FE3,Drop: Finally! Left-Handed Magic Cards - Non-Foil Edition ? Nonfoil Edition,SECRET_LAIR,FULL_MODEL,PASS,LONG_HISTORY,30,2024-02-08,2026-07-01,874,39.55,23.71,66.81,23.84,10.17,,,14.97,-13.14,29,FRESH,90.61,HISTORICALLY_STRONG,,HISTORY_30_PLUS_DATES,false,false,false,REALIZED_CONSOLIDATED_HISTORICAL_PRICE_PERFORMANCE
MTG:PRE_COLLECTOR_BOOSTER_BOX:MTG-CANON-TCGPLAYER-185676,War of the Spark - Booster Box,PRE_COLLECTOR_BOOSTER_BOX,FULL_MODEL,FORECAST_READY,LONG_HISTORY,30,2024-02-08,2026-07-01,874,169.17,118.91,42.27,15.87,40.32,,,18.29,-10.08,29,FRESH,90.10,HISTORICALLY_STRONG,,HISTORY_30_PLUS_DATES,true,true,false,REALIZED_CONSOLIDATED_HISTORICAL_PRICE_PERFORMANCE
MTG:COLLECTOR_BOOSTER_BOX:TCGCSV-23312-516614,The Lost Caverns of Ixalan Collector Booster Display,COLLECTOR_BOOSTER_BOX,PROVISIONAL_MODEL,EVALUATED,LONG_HISTORY,31,2024-02-08,2026-07-11,884,929.16,251.19,269.90,71.68,123.56,,,21.65,-9.60,19,FRESH,90.00,HISTORICALLY_STRONG,,HISTORY_30_PLUS_DATES,false,false,false,REALIZED_CONSOLIDATED_HISTORICAL_PRICE_PERFORMANCE
MTG:COLLECTOR_BOOSTER_BOX:TCGCSV-23165-496076,Universes Beyond: Doctor Who Collector Booster Display,COLLECTOR_BOOSTER_BOX,PROVISIONAL_MODEL,EVALUATED,LONG_HISTORY,31,2024-02-08,2026-07-11,884,626.48,211.95,195.58,56.48,88.64,,,20.46,-9.47,19,FRESH,90.00,HISTORICALLY_STRONG,,HISTORY_30_PLUS_DATES,false,false,false,REALIZED_CONSOLIDATED_HISTORICAL_PRICE_PERFORMANCE
MTG:COLLECTOR_BOOSTER_BOX:TCGCSV-23019-484912,Universes Beyond: The Lord of the Rings: Tales of Middle-earth Collector Booster Display,COLLECTOR_BOOSTER_BOX,PROVISIONAL_MODEL,EVALUATED,LONG_HISTORY,31,2024-02-08,2026-07-11,884,1975.23,411.96,379.47,91.11,118.75,,,27.80,-10.10,19,FRESH,90.00,HISTORICALLY_STRONG,,HISTORY_30_PLUS_DATES,false,false,false,REALIZED_CONSOLIDATED_HISTORICAL_PRICE_PERFORMANCE
MTG:PRE_COLLECTOR_BOOSTER_BOX:MTG-CANON-TCGPLAYER-180734,Ravnica Allegiance - Booster Box,PRE_COLLECTOR_BOOSTER_BOX,FULL_MODEL,FORECAST_READY,LONG_HISTORY,30,2024-02-08,2026-07-01,874,143.57,101.34,41.67,15.67,34.23,,,8.46,-10.43,29,FRESH,89.84,HISTORICALLY_STRONG,,HISTORY_30_PLUS_DATES,true,true,false,REALIZED_CONSOLIDATED_HISTORICAL_PRICE_PERFORMANCE
MTG:PRE_COLLECTOR_BOOSTER_BOX:MTG-CANON-TCGPLAYER-158423,Dominaria - Booster Box,PRE_COLLECTOR_BOOSTER_BOX,FULL_MODEL,FORECAST_READY,LONG_HISTORY,30,2024-02-08,2026-07-01,874,200.29,128.94,55.34,20.21,56.45,,,17.07,-24.78,29,FRESH,89.74,HISTORICALLY_STRONG,,HISTORY_30_PLUS_DATES,true,true,false,REALIZED_CONSOLIDATED_HISTORICAL_PRICE_PERFORMANCE
MTG:SECRET_LAIR:SL-C44AE37BDB68A9,Drop: City Styles 2: Dressed to Kill - Rainbow Foil Edition ? Foil Edition,SECRET_LAIR,FULL_MODEL,PASS,MEDIUM_HISTORY,17,2025-03-01,2026-07-01,487,112.13,67.24,66.76,46.75,79.47,,,21.88,-10.47,29,FRESH,89.68,HISTORICALLY_STRONG,,HISTORY_2_TO_29_DATES,false,false,false,REALIZED_CONSOLIDATED_HISTORICAL_PRICE_PERFORMANCE
MTG:COLLECTOR_BOOSTER_BOX:TCGCSV-23439-541090,Outlaws of Thunder Junction Collector Booster Display,COLLECTOR_BOOSTER_BOX,FULL_MODEL,EVALUATED,LONG_HISTORY,30,2024-03-01,2026-07-11,862,406.91,245.81,65.54,23.81,77.17,,,23.88,-24.86,19,FRESH,89.36,HISTORICALLY_STRONG,,HISTORY_2_TO_29_DATES,false,false,false,REALIZED_CONSOLIDATED_HISTORICAL_PRICE_PERFORMANCE
MTG:PRE_COLLECTOR_BOOSTER_BOX:MTG-CANON-TCGPLAYER-82200,Conspiracy - Booster Box,PRE_COLLECTOR_BOOSTER_BOX,FULL_MODEL,FORECAST_READY,LONG_HISTORY,30,2024-02-08,2026-07-01,874,236.89,153.80,54.02,19.78,40.75,,,13.19,-19.83,29,FRESH,89.19,HISTORICALLY_STRONG,,HISTORY_30_PLUS_DATES,true,true,false,REALIZED_CONSOLIDATED_HISTORICAL_PRICE_PERFORMANCE
MTG:PRE_COLLECTOR_BOOSTER_BOX:MTG-CANON-TCGPLAYER-27314,Urza's Destiny - Booster Box,PRE_COLLECTOR_BOOSTER_BOX,FULL_MODEL,FORECAST_READY,LONG_HISTORY,26,2024-02-08,2026-07-01,874,8499.99,4370.00,94.51,32.05,88.89,,,50.71,-28.39,29,FRESH,88.45,HISTORICALLY_STRONG,,HISTORY_2_TO_29_DATES,true,true,false,REALIZED_CONSOLIDATED_HISTORICAL_PRICE_PERFORMANCE
MTG:PRE_COLLECTOR_BOOSTER_BOX:MTG-CANON-TCGPLAYER-110418,Oath of the Gatewatch - Booster Box,PRE_COLLECTOR_BOOSTER_BOX,FULL_MODEL,FORECAST_READY,LONG_HISTORY,30,2024-02-08,2026-07-01,874,172.90,119.82,44.30,16.56,24.59,,,9.42,-5.29,29,FRESH,88.29,HISTORICALLY_STRONG,,HISTORY_30_PLUS_DATES,true,true,false,REALIZED_CONSOLIDATED_HISTORICAL_PRICE_PERFORMANCE
MTG:PRE_COLLECTOR_BOOSTER_BOX:MTG-CANON-TCGPLAYER-60117,Return to Ravnica - Booster Box,PRE_COLLECTOR_BOOSTER_BOX,FULL_MODEL,FORECAST_READY,LONG_HISTORY,30,2024-02-08,2026-07-01,874,171.31,122.71,39.61,14.96,28.22,,,13.33,-13.15,29,FRESH,88.03,HISTORICALLY_STRONG,,HISTORY_30_PLUS_DATES,true,true,false,REALIZED_CONSOLIDATED_HISTORICAL_PRICE_PERFORMANCE
MTG:PRE_COLLECTOR_BOOSTER_BOX:MTG-CANON-TCGPLAYER-173362,Guilds of Ravnica - Booster Box,PRE_COLLECTOR_BOOSTER_BOX,FULL_MODEL,FORECAST_READY,LONG_HISTORY,30,2024-02-08,2026-07-01,874,140.20,97.92,43.18,16.18,25.00,,,11.38,-9.97,29,FRESH,88.00,HISTORICALLY_STRONG,,HISTORY_30_PLUS_DATES,true,true,false,REALIZED_CONSOLIDATED_HISTORICAL_PRICE_PERFORMANCE
MTG:SECRET_LAIR:SL-2E6BF27043E9BB,Drop: Animar & Friends - Rainbow Foil Edition ? Foil Edition,SECRET_LAIR,FULL_MODEL,PASS,MEDIUM_HISTORY,17,2025-03-01,2026-07-01,487,86.51,32.82,163.59,106.87,183.55,,,77.40,-14.90,29,FRESH,88.00,HISTORICALLY_STRONG,,HISTORY_2_TO_29_DATES,false,false,false,REALIZED_CONSOLIDATED_HISTORICAL_PRICE_PERFORMANCE
MTG:PRE_COLLECTOR_BOOSTER_BOX:MTG-CANON-TCGPLAYER-27310,Time Spiral - Booster Box,PRE_COLLECTOR_BOOSTER_BOX,FULL_MODEL,FORECAST_READY,LONG_HISTORY,30,2024-02-08,2026-07-01,874,1150.00,864.98,32.95,12.64,31.43,,,11.50,-6.91,29,FRESH,85.93,HISTORICALLY_STRONG,,HISTORY_30_PLUS_DATES,true,true,false,REALIZED_CONSOLIDATED_HISTORICAL_PRICE_PERFORMANCE
MTG:PRE_COLLECTOR_BOOSTER_BOX:MTG-CANON-TCGPLAYER-77322,Journey Into Nyx - Booster Box,PRE_COLLECTOR_BOOSTER_BOX,FULL_MODEL,FORECAST_READY,LONG_HISTORY,30,2024-02-08,2026-07-01,874,203.37,129.05,57.59,20.93,8.09,,,13.85,-7.75,29,FRESH,85.74,HISTORICALLY_STRONG,,HISTORY_30_PLUS_DATES,true,true,false,REALIZED_CONSOLIDATED_HISTORICAL_PRICE_PERFORMANCE
MTG:PRE_COLLECTOR_BOOSTER_BOX:MTG-CANON-TCGPLAYER-141989,Ixalan - Booster Box,PRE_COLLECTOR_BOOSTER_BOX,FULL_MODEL,FORECAST_READY,LONG_HISTORY,30,2024-02-08,2026-07-01,874,216.08,148.12,45.88,17.09,57.99,,,12.35,-16.40,29,FRESH,85.68,HISTORICALLY_STRONG,,HISTORY_30_PLUS_DATES,true,true,false,REALIZED_CONSOLIDATED_HISTORICAL_PRICE_PERFORMANCE
MTG:PRE_COLLECTOR_BOOSTER_BOX:MTG-CANON-TCGPLAYER-118393,Eldritch Moon - Booster Box,PRE_COLLECTOR_BOOSTER_BOX,FULL_MODEL,FORECAST_READY,LONG_HISTORY,30,2024-02-08,2026-07-01,874,299.42,185.74,61.20,22.09,4.36,,,11.32,-13.72,29,FRESH,85.39,HISTORICALLY_STRONG,,HISTORY_30_PLUS_DATES,true,true,false,REALIZED_CONSOLIDATED_HISTORICAL_PRICE_PERFORMANCE
MTG:COLLECTOR_BOOSTER_BOX:TCGCSV-23019-515906,The Lord of the Rings: Tales of Middle-earth - Special Edition Collector Booster Display,COLLECTOR_BOOSTER_BOX,PROVISIONAL_MODEL,EVALUATED,LONG_HISTORY,30,2024-02-08,2026-07-01,874,5357.43,320.58,1571.17,224.42,201.21,,,62.87,-14.77,29,FRESH,85.00,HISTORICALLY_STRONG,,HISTORY_30_PLUS_DATES,false,false,false,REALIZED_CONSOLIDATED_HISTORICAL_PRICE_PERFORMANCE
MTG:SECRET_LAIR:SL-207EFFFEEB79A0,Drop: Monster Movie Marathon - Traditional Foil Edition ? Foil Edition,SECRET_LAIR,FULL_MODEL,PASS,LONG_HISTORY,30,2024-02-08,2026-07-01,874,67.25,42.51,58.20,21.13,4.90,,,8.66,-4.11,29,FRESH,84.40,HISTORICALLY_STRONG,,HISTORY_30_PLUS_DATES,false,false,false,REALIZED_CONSOLIDATED_HISTORICAL_PRICE_PERFORMANCE
MTG:COLLECTOR_BOOSTER_BOX:TCGCSV-23319-517708,Ravnica Remastered Collector Booster Display,COLLECTOR_BOOSTER_BOX,PROVISIONAL_MODEL,EVALUATED,LONG_HISTORY,31,2024-02-08,2026-07-11,884,867.32,257.71,236.55,65.11,55.89,,,28.07,-15.76,19,FRESH,84.00,HISTORICALLY_STRONG,,HISTORY_30_PLUS_DATES,false,false,false,REALIZED_CONSOLIDATED_HISTORICAL_PRICE_PERFORMANCE
MTG:PRE_COLLECTOR_BOOSTER_BOX:MTG-CANON-TCGPLAYER-67751,Dragon's Maze - Booster Box,PRE_COLLECTOR_BOOSTER_BOX,FULL_MODEL,FORECAST_READY,LONG_HISTORY,30,2024-02-08,2026-07-01,874,134.56,93.67,43.65,16.34,16.47,,,5.97,-3.14,29,FRESH,83.95,HISTORICALLY_STRONG,,HISTORY_30_PLUS_DATES,true,true,false,REALIZED_CONSOLIDATED_HISTORICAL_PRICE_PERFORMANCE
MTG:PRE_COLLECTOR_BOOSTER_BOX:MTG-CANON-TCGPLAYER-27259,8th Edition - Booster Box,PRE_COLLECTOR_BOOSTER_BOX,FULL_MODEL,FORECAST_READY,LONG_HISTORY,30,2024-02-08,2026-07-01,874,985.01,597.60,64.83,23.22,97.67,,,51.93,-16.95,29,FRESH,83.71,HISTORICALLY_STRONG,,HISTORY_30_PLUS_DATES,true,true,false,REALIZED_CONSOLIDATED_HISTORICAL_PRICE_PERFORMANCE
MTG:PRE_COLLECTOR_BOOSTER_BOX:MTG-CANON-TCGPLAYER-149404,Rivals of Ixalan - Booster Box,PRE_COLLECTOR_BOOSTER_BOX,FULL_MODEL,FORECAST_READY,LONG_HISTORY,30,2024-02-08,2026-07-01,874,186.01,146.35,27.10,10.54,34.17,,,10.65,-10.13,29,FRESH,83.25,HISTORICALLY_STRONG,,HISTORY_30_PLUS_DATES,true,true,false,REALIZED_CONSOLIDATED_HISTORICAL_PRICE_PERFORMANCE
MTG:COLLECTOR_BOOSTER_BOX:TCGCSV-23550-557244,Duskmourn: House of Horror Collector Booster Display,COLLECTOR_BOOSTER_BOX,PROVISIONAL_MODEL,EVALUATED,MEDIUM_HISTORY,25,2024-08-01,2026-07-11,709,651.18,239.65,171.72,67.36,116.20,,,36.02,-13.21,19,FRESH,83.00,HISTORICALLY_STRONG,,HISTORY_2_TO_29_DATES,false,false,false,REALIZED_CONSOLIDATED_HISTORICAL_PRICE_PERFORMANCE
MTG:PRE_COLLECTOR_BOOSTER_BOX:MTG-CANON-TCGPLAYER-96147,Magic Origins - Booster Box,PRE_COLLECTOR_BOOSTER_BOX,FULL_MODEL,FORECAST_READY,LONG_HISTORY,30,2024-02-08,2026-07-01,874,165.12,112.67,46.55,17.32,11.62,,,12.25,-12.32,29,FRESH,82.78,HISTORICALLY_STRONG,,HISTORY_30_PLUS_DATES,true,true,false,REALIZED_CONSOLIDATED_HISTORICAL_PRICE_PERFORMANCE
MTG:SECRET_LAIR:SL-FB1FECB0690176,Drop: Pixel Perfect: Extra Life 2024 - Rainbow Foil Edition ? Foil Edition,SECRET_LAIR,FULL_MODEL,PASS,MEDIUM_HISTORY,21,2024-11-01,2026-07-01,607,79.85,62.48,27.80,15.91,30.84,,,19.05,-12.07,29,FRESH,81.69,HISTORICALLY_STRONG,,HISTORY_2_TO_29_DATES,false,false,false,REALIZED_CONSOLIDATED_HISTORICAL_PRICE_PERFORMANCE
MTG:SECRET_LAIR:SL-6DFA783F3B9A37,Drop: Diabolical Dioramas - Rainbow Foil Edition ? Foil Edition,SECRET_LAIR,FULL_MODEL,PASS,LONG_HISTORY,27,2024-05-01,2026-07-01,791,46.97,35.01,34.16,14.53,28.90,,,13.85,-19.11,29,FRESH,81.40,HISTORICALLY_STRONG,,HISTORY_2_TO_29_DATES,false,false,false,REALIZED_CONSOLIDATED_HISTORICAL_PRICE_PERFORMANCE
MTG:SECRET_LAIR:SL-96BE56C157011C,Drop: Showcase: Zendikar Revisited - Traditional Foil Edition ? Foil Edition,SECRET_LAIR,FULL_MODEL,PASS,LONG_HISTORY,30,2024-02-08,2026-07-01,874,98.53,69.68,41.40,15.58,13.19,,,9.29,-6.42,29,FRESH,81.31,HISTORICALLY_STRONG,,HISTORY_30_PLUS_DATES,false,false,false,REALIZED_CONSOLIDATED_HISTORICAL_PRICE_PERFORMANCE
MTG:COLLECTOR_BOOSTER_BOX:TCGCSV-24219-618893,FINAL FANTASY Collector Booster Display,COLLECTOR_BOOSTER_BOX,FULL_MODEL,EVALUATED,MEDIUM_HISTORY,18,2025-03-01,2026-07-11,497,1508.77,646.61,133.34,86.39,28.52,,,64.26,-27.11,19,FRESH,81.26,HISTORICALLY_STRONG,,HISTORY_2_TO_29_DATES,false,false,false,REALIZED_CONSOLIDATED_HISTORICAL_PRICE_PERFORMANCE
MTG:SECRET_LAIR:SL-6B03C6C7C5B91D,Drop: Secret Lair x Dungeons & Dragons: Astarion's Thirst - Rainbow Foil Edition ? Foil Edition,SECRET_LAIR,FULL_MODEL,PASS,MEDIUM_HISTORY,23,2024-09-01,2026-07-01,668,165.77,91.26,81.65,38.59,87.23,,,34.67,-36.84,29,FRESH,81.16,HISTORICALLY_STRONG,,HISTORY_2_TO_29_DATES,false,false,false,REALIZED_CONSOLIDATED_HISTORICAL_PRICE_PERFORMANCE
MTG:SECRET_LAIR:SL-A4528679EBCD24,Drop: Imaginary Friends - Non-Foil Edition ? Nonfoil Edition,SECRET_LAIR,FULL_MODEL,PASS,LONG_HISTORY,30,2024-02-08,2026-07-01,874,49.00,34.49,42.07,15.81,12.15,,,5.98,-3.22,29,FRESH,81.09,HISTORICALLY_STRONG,,HISTORY_30_PLUS_DATES,false,false,false,REALIZED_CONSOLIDATED_HISTORICAL_PRICE_PERFORMANCE
MTG:PRE_COLLECTOR_BOOSTER_BOX:MTG-CANON-TCGPLAYER-79290,Unhinged - Booster Box,PRE_COLLECTOR_BOOSTER_BOX,FULL_MODEL,FORECAST_READY,LONG_HISTORY,30,2024-02-08,2026-07-01,874,949.98,599.49,58.46,21.21,40.36,,,42.62,-25.35,29,FRESH,81.06,HISTORICALLY_STRONG,,HISTORY_30_PLUS_DATES,true,true,false,REALIZED_CONSOLIDATED_HISTORICAL_PRICE_PERFORMANCE
MTG:SECRET_LAIR:SL-A59C9ADCD75BE0,Drop: Secret Lair x Stranger Things - Traditional Foil Edition ? Foil Edition,SECRET_LAIR,FULL_MODEL,PASS,LONG_HISTORY,30,2024-02-08,2026-07-01,874,144.08,85.70,68.12,24.25,93.47,,,47.17,-39.03,29,FRESH,81.06,HISTORICALLY_STRONG,,HISTORY_30_PLUS_DATES,false,false,false,REALIZED_CONSOLIDATED_HISTORICAL_PRICE_PERFORMANCE
MTG:PRE_COLLECTOR_BOOSTER_BOX:MTG-CANON-TCGPLAYER-46957,Magic 2012 (M12) - Booster Box,PRE_COLLECTOR_BOOSTER_BOX,PROVISIONAL_MODEL,PROVISIONAL_GUARDED,LONG_HISTORY,30,2024-02-08,2026-07-01,874,256.13,162.64,57.48,20.90,17.13,,,12.02,-11.54,29,FRESH,80.21,HISTORICALLY_STRONG,,HISTORY_30_PLUS_DATES,true,false,false,REALIZED_CONSOLIDATED_HISTORICAL_PRICE_PERFORMANCE
MTG:SECRET_LAIR:SL-2D3CABC651E40A,Drop: City Styles 2: Dressed to Kill - Non-Foil Edition ? Nonfoil Edition,SECRET_LAIR,FULL_MODEL,PASS,MEDIUM_HISTORY,17,2025-03-01,2026-07-01,487,76.67,57.46,33.43,24.15,53.77,,,20.26,-19.40,29,FRESH,79.49,HISTORICALLY_STRONG,,HISTORY_2_TO_29_DATES,false,false,false,REALIZED_CONSOLIDATED_HISTORICAL_PRICE_PERFORMANCE
MTG:COLLECTOR_BOOSTER_BOX:TCGCSV-23337-523185,Universes Beyond: Fallout Collector Booster Display,COLLECTOR_BOOSTER_BOX,PROVISIONAL_MODEL,EVALUATED,LONG_HISTORY,31,2024-02-08,2026-07-11,884,1702.12,241.84,603.82,123.95,74.76,,,41.33,-18.99,19,FRESH,79.00,HISTORICALLY_STRONG,,HISTORY_30_PLUS_DATES,false,false,false,REALIZED_CONSOLIDATED_HISTORICAL_PRICE_PERFORMANCE
MTG:SECRET_LAIR:SL-A6FBE97D53BCE6,Drop: Tales of the Time Stoppers - Rainbow Foil Edition ? Foil Edition,SECRET_LAIR,FULL_MODEL,PASS,LONG_HISTORY,30,2024-02-08,2026-07-01,874,44.17,34.20,29.15,11.28,18.42,,,10.19,-7.38,29,FRESH,78.41,HISTORICALLY_STRONG,,HISTORY_30_PLUS_DATES,false,false,false,REALIZED_CONSOLIDATED_HISTORICAL_PRICE_PERFORMANCE
MTG:COLLECTOR_BOOSTER_BOX:TCGCSV-23444-541179,Modern Horizons 3 Collector Booster Display,COLLECTOR_BOOSTER_BOX,FULL_MODEL,EVALUATED,LONG_HISTORY,30,2024-03-01,2026-07-11,862,722.99,516.62,39.95,15.30,56.12,,,20.68,-29.98,19,FRESH,78.30,HISTORICALLY_STRONG,,HISTORY_2_TO_29_DATES,false,false,false,REALIZED_CONSOLIDATED_HISTORICAL_PRICE_PERFORMANCE
MTG:SECRET_LAIR:SL-74104655C7BE3C,Drop: Dan Frazier is Back: The Enemy Signets - Non-Foil Edition ? Nonfoil Edition,SECRET_LAIR,FULL_MODEL,PASS,LONG_HISTORY,30,2024-02-08,2026-07-01,874,70.75,56.00,26.34,10.26,20.55,,,6.52,-8.91,29,FRESH,78.17,HISTORICALLY_STRONG,,HISTORY_30_PLUS_DATES,false,false,false,REALIZED_CONSOLIDATED_HISTORICAL_PRICE_PERFORMANCE
MTG:SECRET_LAIR:SL-90725EB2DB66FA,Drop: Welcome to Castle Dracula - Traditional Foil Edition ? Foil Edition,SECRET_LAIR,FULL_MODEL,PASS,LONG_HISTORY,30,2024-02-08,2026-07-01,874,93.03,67.61,37.60,14.27,9.91,,,10.66,-14.92,29,FRESH,77.98,HISTORICALLY_STRONG,,HISTORY_30_PLUS_DATES,false,false,false,REALIZED_CONSOLIDATED_HISTORICAL_PRICE_PERFORMANCE
MTG:SECRET_LAIR:SL-9A6EF28EECF2DC,Drop: Artist Series: Jesper Ejsing - Non-Foil Edition ? Nonfoil Edition,SECRET_LAIR,FULL_MODEL,PASS,MEDIUM_HISTORY,17,2025-03-01,2026-07-01,487,72.78,55.37,31.44,22.76,50.62,,,30.90,-28.75,29,FRESH,77.90,HISTORICALLY_STRONG,,HISTORY_2_TO_29_DATES,false,false,false,REALIZED_CONSOLIDATED_HISTORICAL_PRICE_PERFORMANCE
MTG:SECRET_LAIR:SL-B08949D7A3AFE1,x FINAL FANTASY: Grimoire - Rainbow Foil Edition ? Foil Edition,SECRET_LAIR,FULL_MODEL,PASS,MEDIUM_HISTORY,13,2025-07-01,2026-07-01,365,97.97,78.18,25.31,25.33,25.31,,,27.37,-16.26,29,FRESH,77.19,HISTORICALLY_STRONG,,HISTORY_2_TO_29_DATES,false,false,false,REALIZED_CONSOLIDATED_HISTORICAL_PRICE_PERFORMANCE
MTG:SECRET_LAIR:SL-3D43E1264ED817,Drop: Rule the Room - Traditional Foil Edition ? Foil Edition,SECRET_LAIR,FULL_MODEL,PASS,LONG_HISTORY,30,2024-02-08,2026-07-01,874,37.02,31.64,17.00,6.78,27.13,,,10.34,-14.95,29,FRESH,77.05,HISTORICALLY_STABLE,,HISTORY_30_PLUS_DATES,false,false,false,REALIZED_CONSOLIDATED_HISTORICAL_PRICE_PERFORMANCE
MTG:SECRET_LAIR:SL-2ADC84D7922A98,x Post Malone: Backstage Pass - Traditional Foil Edition ? Foil Edition,SECRET_LAIR,FULL_MODEL,PASS,LONG_HISTORY,30,2024-02-08,2026-07-01,874,114.33,88.62,29.01,11.23,15.39,,,13.83,-13.67,29,FRESH,76.83,HISTORICALLY_STRONG,,HISTORY_30_PLUS_DATES,false,false,false,REALIZED_CONSOLIDATED_HISTORICAL_PRICE_PERFORMANCE
MTG:SECRET_LAIR:SL-C0418534DE36CF,"Drop: Far Out, Man - Traditional Foil Edition ? Foil Edition",SECRET_LAIR,FULL_MODEL,PASS,LONG_HISTORY,30,2024-02-08,2026-07-01,874,51.56,42.69,20.78,8.21,22.82,,,8.93,-6.44,29,FRESH,76.70,HISTORICALLY_STRONG,,HISTORY_30_PLUS_DATES,false,false,false,REALIZED_CONSOLIDATED_HISTORICAL_PRICE_PERFORMANCE
MTG:SECRET_LAIR:SL-DB82DC16CD1A6A,Drop: Monster Movie Marathon - Non-Foil Edition ? Nonfoil Edition,SECRET_LAIR,FULL_MODEL,PASS,LONG_HISTORY,30,2024-02-08,2026-07-01,874,57.57,42.60,35.14,13.41,8.58,,,4.49,-1.13,29,FRESH,76.22,HISTORICALLY_STRONG,,HISTORY_30_PLUS_DATES,false,false,false,REALIZED_CONSOLIDATED_HISTORICAL_PRICE_PERFORMANCE
MTG:PRE_COLLECTOR_BOOSTER_BOX:MTG-CANON-TCGPLAYER-67311,Gatecrash - Booster Box,PRE_COLLECTOR_BOOSTER_BOX,FULL_MODEL,FORECAST_READY,LONG_HISTORY,30,2024-02-08,2026-07-01,874,150.18,122.49,22.61,8.89,18.08,,,7.88,-7.69,29,FRESH,75.19,HISTORICALLY_STRONG,,HISTORY_30_PLUS_DATES,true,true,false,REALIZED_CONSOLIDATED_HISTORICAL_PRICE_PERFORMANCE
MTG:COLLECTOR_BOOSTER_BOX:TCGCSV-23848-594681,Innistrad Remastered Collector Booster Display,COLLECTOR_BOOSTER_BOX,FULL_MODEL,EVALUATED,MEDIUM_HISTORY,21,2024-12-01,2026-07-11,587,413.81,309.73,33.60,19.75,65.22,,,20.22,-23.49,19,FRESH,75.11,HISTORICALLY_STRONG,,HISTORY_2_TO_29_DATES,false,false,false,REALIZED_CONSOLIDATED_HISTORICAL_PRICE_PERFORMANCE
MTG:SECRET_LAIR:SL-EC805E73DB692C,Drop: The Weirdest Pets in the Multiverse - Traditional Foil Edition ? Foil Edition,SECRET_LAIR,FULL_MODEL,PASS,LONG_HISTORY,30,2024-02-08,2026-07-01,874,45.54,34.76,31.01,11.95,10.00,,,17.57,-14.41,29,FRESH,75.05,HISTORICALLY_STRONG,,HISTORY_30_PLUS_DATES,false,false,false,REALIZED_CONSOLIDATED_HISTORICAL_PRICE_PERFORMANCE
MTG:PRE_COLLECTOR_BOOSTER_BOX:MTG-CANON-TCGPLAYER-39109,Mirrodin Besieged - Booster Box,PRE_COLLECTOR_BOOSTER_BOX,FULL_MODEL,FORECAST_READY,LONG_HISTORY,30,2024-02-08,2026-07-01,874,484.78,396.21,22.35,8.80,39.81,,,13.21,-20.13,29,FRESH,75.03,HISTORICALLY_STRONG,,HISTORY_30_PLUS_DATES,true,true,false,REALIZED_CONSOLIDATED_HISTORICAL_PRICE_PERFORMANCE
MTG:SECRET_LAIR:SL-BA53143C1DDB56,Drop: Nature is Adorable - Traditional Foil Edition ? Foil Edition,SECRET_LAIR,FULL_MODEL,PASS,LONG_HISTORY,30,2024-02-08,2026-07-01,874,41.37,29.54,40.05,15.11,13.53,,,19.21,-22.21,29,FRESH,74.88,HISTORICALLY_STRONG,,HISTORY_30_PLUS_DATES,false,false,false,REALIZED_CONSOLIDATED_HISTORICAL_PRICE_PERFORMANCE
MTG:PRE_COLLECTOR_BOOSTER_BOX:MTG-CANON-TCGPLAYER-27304,Saviors of Kamigawa - Booster Box,PRE_COLLECTOR_BOOSTER_BOX,FULL_MODEL,FORECAST_READY,LONG_HISTORY,30,2024-02-08,2026-07-01,874,595.49,497.49,19.70,7.80,20.11,,,12.59,-9.92,29,FRESH,74.83,HISTORICALLY_STABLE,,HISTORY_30_PLUS_DATES,true,true,false,REALIZED_CONSOLIDATED_HISTORICAL_PRICE_PERFORMANCE
MTG:SECRET_LAIR:SL-B0DEB8AFB8B821,Drop: Artist Series: Wayne Reynolds - Non-Foil Edition ? Nonfoil Edition,SECRET_LAIR,FULL_MODEL,PASS,LONG_HISTORY,30,2024-02-08,2026-07-01,874,27.04,22.27,21.42,8.45,32.16,,,12.25,-21.73,29,FRESH,74.59,HISTORICALLY_STRONG,,HISTORY_30_PLUS_DATES,false,false,false,REALIZED_CONSOLIDATED_HISTORICAL_PRICE_PERFORMANCE
MTG:PRE_COLLECTOR_BOOSTER_BOX:MTG-CANON-TCGPLAYER-120965,Conspiracy: Take the Crown - Booster Box,PRE_COLLECTOR_BOOSTER_BOX,FULL_MODEL,FORECAST_READY,LONG_HISTORY,30,2024-02-08,2026-07-01,874,213.89,176.86,20.94,8.27,18.21,,,6.88,-7.70,29,FRESH,74.47,HISTORICALLY_STRONG,,HISTORY_30_PLUS_DATES,true,true,false,REALIZED_CONSOLIDATED_HISTORICAL_PRICE_PERFORMANCE
MTG:SECRET_LAIR:SL-9962EA8B669B4F,Drop: Absolute Annihilation - Traditional Foil Edition ? Foil Edition,SECRET_LAIR,FULL_MODEL,PASS,LONG_HISTORY,30,2024-02-08,2026-07-01,874,69.94,45.86,52.51,19.29,11.21,,,22.45,-20.39,29,FRESH,74.14,HISTORICALLY_STRONG,,HISTORY_30_PLUS_DATES,false,false,false,REALIZED_CONSOLIDATED_HISTORICAL_PRICE_PERFORMANCE
MTG:PRE_COLLECTOR_BOOSTER_BOX:MTG-CANON-TCGPLAYER-27305,Scourge - Booster Box,PRE_COLLECTOR_BOOSTER_BOX,FULL_MODEL,FORECAST_READY,LONG_HISTORY,30,2024-02-08,2026-07-01,874,793.19,707.97,12.04,4.86,25.91,,,17.04,-11.02,29,FRESH,74.02,HISTORICALLY_STABLE,,HISTORY_30_PLUS_DATES,true,true,false,REALIZED_CONSOLIDATED_HISTORICAL_PRICE_PERFORMANCE
MTG:SECRET_LAIR:SL-22454153307BC0,Drop: Paradise Frost - Rainbow Foil Edition ? Foil Edition,SECRET_LAIR,FULL_MODEL,PASS,LONG_HISTORY,30,2024-02-08,2026-07-01,874,121.20,39.64,205.75,59.53,-10.42,,,21.47,-15.93,29,FRESH,73.79,HISTORICALLY_STABLE,,HISTORY_30_PLUS_DATES,false,false,false,REALIZED_CONSOLIDATED_HISTORICAL_PRICE_PERFORMANCE
MTG:SECRET_LAIR:SL-F4A97CEA3A7C1C,x FINAL FANTASY: Weapons - Rainbow Foil Edition ? Foil Edition,SECRET_LAIR,FULL_MODEL,PASS,MEDIUM_HISTORY,13,2025-07-01,2026-07-01,365,96.17,82.85,16.08,16.09,16.08,,,19.16,-12.39,29,FRESH,73.74,HISTORICALLY_STRONG,,HISTORY_2_TO_29_DATES,false,false,false,REALIZED_CONSOLIDATED_HISTORICAL_PRICE_PERFORMANCE
MTG:PRE_COLLECTOR_BOOSTER_BOX:MTG-CANON-TCGPLAYER-125794,Aether Revolt - Booster Box,PRE_COLLECTOR_BOOSTER_BOX,FULL_MODEL,FORECAST_READY,LONG_HISTORY,30,2024-02-08,2026-07-01,874,190.23,140.54,35.36,13.49,3.37,,,15.75,-13.51,29,FRESH,73.71,HISTORICALLY_STRONG,,HISTORY_30_PLUS_DATES,true,true,false,REALIZED_CONSOLIDATED_HISTORICAL_PRICE_PERFORMANCE
MTG:PRE_COLLECTOR_BOOSTER_BOX:MTG-CANON-TCGPLAYER-166536,Battlebond - Booster Box,PRE_COLLECTOR_BOOSTER_BOX,FULL_MODEL,FORECAST_READY,LONG_HISTORY,30,2024-02-08,2026-07-01,874,292.73,247.38,18.33,7.29,39.89,,,10.40,-18.94,29,FRESH,73.12,HISTORICALLY_STABLE,,HISTORY_30_PLUS_DATES,true,true,false,REALIZED_CONSOLIDATED_HISTORICAL_PRICE_PERFORMANCE
MTG:SECRET_LAIR:SL-15ADFCF5094915,Drop: Secret Lair x Marvel's Captain America - Rainbow Foil Edition ? Foil Edition,SECRET_LAIR,FULL_MODEL,PASS,MEDIUM_HISTORY,20,2024-12-01,2026-07-01,577,97.38,76.64,27.06,16.37,11.46,,,15.92,-11.22,29,FRESH,72.81,HISTORICALLY_STRONG,,HISTORY_2_TO_29_DATES,false,false,false,REALIZED_CONSOLIDATED_HISTORICAL_PRICE_PERFORMANCE
MTG:SECRET_LAIR:SL-5B6759715093DA,Drop: Valentine's Day 2021 - Traditional Foil Edition ? Foil Edition,SECRET_LAIR,FULL_MODEL,PASS,LONG_HISTORY,30,2024-02-08,2026-07-01,874,72.04,52.75,36.57,13.91,57.09,,,37.70,-30.60,29,FRESH,72.57,HISTORICALLY_STRONG,,HISTORY_30_PLUS_DATES,false,false,false,REALIZED_CONSOLIDATED_HISTORICAL_PRICE_PERFORMANCE
MTG:SECRET_LAIR:SL-FC44F373482E68,Drop: Secret Lair x Marvel's Iron Man - Rainbow Foil Edition ? Foil Edition,SECRET_LAIR,FULL_MODEL,PASS,MEDIUM_HISTORY,20,2024-12-01,2026-07-01,577,93.22,79.92,16.64,10.23,24.44,,,16.52,-14.98,29,FRESH,72.12,HISTORICALLY_STRONG,,HISTORY_2_TO_29_DATES,false,false,false,REALIZED_CONSOLIDATED_HISTORICAL_PRICE_PERFORMANCE
MTG:SECRET_LAIR:SL-89D18240A7624C,Drop: Secret Lair x Arcane: Lands - Non-Foil Edition ? Nonfoil Edition,SECRET_LAIR,FULL_MODEL,PASS,LONG_HISTORY,30,2024-02-08,2026-07-01,874,21.83,14.62,49.32,18.24,-1.71,,,15.64,-15.19,29,FRESH,71.31,HISTORICALLY_STRONG,,HISTORY_30_PLUS_DATES,false,false,false,REALIZED_CONSOLIDATED_HISTORICAL_PRICE_PERFORMANCE
MTG:SECRET_LAIR:SL-A709252A4DA96B,Drop: Welcome to Castle Dracula - Non-Foil Edition ? Nonfoil Edition,SECRET_LAIR,FULL_MODEL,PASS,LONG_HISTORY,30,2024-02-08,2026-07-01,874,74.60,58.79,26.89,10.47,5.53,,,8.03,-8.93,29,FRESH,70.92,HISTORICALLY_STRONG,,HISTORY_30_PLUS_DATES,false,false,false,REALIZED_CONSOLIDATED_HISTORICAL_PRICE_PERFORMANCE
MTG:SECRET_LAIR:SL-B28206C8B43B74,Drop: Artist Series: Chris Rahn - Traditional Foil Edition ? Foil Edition,SECRET_LAIR,FULL_MODEL,PASS,LONG_HISTORY,30,2024-02-08,2026-07-01,874,33.39,24.10,38.55,14.60,-6.05,,,11.26,-8.84,29,FRESH,70.43,HISTORICALLY_STRONG,,HISTORY_30_PLUS_DATES,false,false,false,REALIZED_CONSOLIDATED_HISTORICAL_PRICE_PERFORMANCE
MTG:SECRET_LAIR:SL-EF03D947F97187,x Furby: The Oddbodies - Rainbow Foil Edition ? Foil Edition,SECRET_LAIR,FULL_MODEL,PASS,SHORT_HISTORY,9,2025-11-01,2026-07-01,242,88.78,47.11,88.45,160.23,,,,24.43,0.00,29,FRESH,68.85,HISTORICALLY_STABLE,,HISTORY_2_TO_29_DATES,false,false,false,REALIZED_CONSOLIDATED_HISTORICAL_PRICE_PERFORMANCE
MTG:PRE_COLLECTOR_BOOSTER_BOX:MTG-CANON-TCGPLAYER-121527,Kaladesh - Booster Box,PRE_COLLECTOR_BOOSTER_BOX,FULL_MODEL,FORECAST_READY,LONG_HISTORY,30,2024-02-08,2026-07-01,874,478.23,317.67,50.54,18.64,20.18,,,50.32,-38.97,29,FRESH,68.79,HISTORICALLY_STABLE,,HISTORY_30_PLUS_DATES,true,true,false,REALIZED_CONSOLIDATED_HISTORICAL_PRICE_PERFORMANCE
MTG:SECRET_LAIR:SL-B762CD279E0001,Drop: Artist Series: Rebecca Guay - Traditional Foil Edition ? Foil Edition,SECRET_LAIR,FULL_MODEL,PASS,LONG_HISTORY,30,2024-02-08,2026-07-01,874,53.01,44.07,20.29,8.02,26.94,,,18.43,-32.49,29,FRESH,68.52,HISTORICALLY_STABLE,,HISTORY_30_PLUS_DATES,false,false,false,REALIZED_CONSOLIDATED_HISTORICAL_PRICE_PERFORMANCE
MTG:SECRET_LAIR:SL-C59DE249DE7287,Drop: Crocodile Jackson's Monstrous Menagerie - Foil Etched Edition ? Foil Edition,SECRET_LAIR,FULL_MODEL,PASS,LONG_HISTORY,30,2024-02-08,2026-07-01,874,44.50,37.52,18.60,7.39,8.06,,,7.13,-10.02,29,FRESH,68.28,HISTORICALLY_STABLE,,HISTORY_30_PLUS_DATES,false,false,false,REALIZED_CONSOLIDATED_HISTORICAL_PRICE_PERFORMANCE
MTG:SECRET_LAIR:SL-3C8F74D9F8C33A,Drop: Artist Series: Rebecca Guay - Non-Foil Edition ? Nonfoil Edition,SECRET_LAIR,FULL_MODEL,PASS,LONG_HISTORY,30,2024-02-08,2026-07-01,874,45.41,41.90,8.38,3.42,38.19,,,16.13,-24.87,29,FRESH,68.26,HISTORICALLY_STABLE,,HISTORY_30_PLUS_DATES,false,false,false,REALIZED_CONSOLIDATED_HISTORICAL_PRICE_PERFORMANCE
MTG:SECRET_LAIR:SL-879DE87D93AF4D,x FINAL FANTASY: Game Over - Non-Foil Edition ? Nonfoil Edition,SECRET_LAIR,FULL_MODEL,PASS,MEDIUM_HISTORY,13,2025-07-01,2026-07-01,365,87.11,78.03,11.64,11.64,11.64,,,9.49,-7.74,29,FRESH,66.63,HISTORICALLY_STABLE,,HISTORY_2_TO_29_DATES,false,false,false,REALIZED_CONSOLIDATED_HISTORICAL_PRICE_PERFORMANCE
MTG:PRE_COLLECTOR_BOOSTER_BOX:MTG-CANON-TCGPLAYER-27291,Mirrodin - Booster Box,PRE_COLLECTOR_BOOSTER_BOX,FULL_MODEL,FORECAST_READY,LONG_HISTORY,30,2024-02-08,2026-07-01,874,1185.35,965.28,22.80,8.96,33.72,,,32.45,-35.95,29,FRESH,66.24,HISTORICALLY_STABLE,,HISTORY_30_PLUS_DATES,true,true,false,REALIZED_CONSOLIDATED_HISTORICAL_PRICE_PERFORMANCE
MTG:SECRET_LAIR:SL-97A19C3BC3A646,Drop: Crocodile Jackson's Monstrous Menagerie - Non-Foil Edition ? Nonfoil Edition,SECRET_LAIR,FULL_MODEL,PASS,LONG_HISTORY,30,2024-02-08,2026-07-01,874,39.63,29.45,34.57,13.21,-0.23,,,13.52,-18.78,29,FRESH,65.55,HISTORICALLY_STABLE,,HISTORY_30_PLUS_DATES,false,false,false,REALIZED_CONSOLIDATED_HISTORICAL_PRICE_PERFORMANCE
MTG:SECRET_LAIR:SL-6D6C79C2652BFD,Drop: Artist Series: Johannes Voss - Non-Foil Edition ? Nonfoil Edition,SECRET_LAIR,FULL_MODEL,PASS,LONG_HISTORY,30,2024-02-08,2026-07-01,874,43.00,37.51,14.64,5.87,6.28,,,7.10,-9.74,29,FRESH,65.48,HISTORICALLY_STABLE,,HISTORY_30_PLUS_DATES,false,false,false,REALIZED_CONSOLIDATED_HISTORICAL_PRICE_PERFORMANCE
MTG:SECRET_LAIR:SL-D68D8EB45F05E9,Ponies: The Galloping 2: Extra Life 2023 - Non-Foil Edition ? Nonfoil Edition,SECRET_LAIR,FULL_MODEL,PASS,LONG_HISTORY,29,2024-02-08,2026-07-01,874,148.80,123.98,20.02,7.92,89.46,,,28.22,-45.40,29,FRESH,64.93,HISTORICALLY_STABLE,,HISTORY_2_TO_29_DATES,false,false,false,REALIZED_CONSOLIDATED_HISTORICAL_PRICE_PERFORMANCE
MTG:SECRET_LAIR:SL-23598BE2582FF4,Drop: Saturday Morning D&D - Traditional Foil Edition ? Foil Edition,SECRET_LAIR,FULL_MODEL,PASS,LONG_HISTORY,30,2024-02-08,2026-07-01,874,50.91,50.03,1.76,0.73,34.97,,,12.24,-28.86,29,FRESH,64.91,HISTORICALLY_STABLE,,HISTORY_30_PLUS_DATES,false,false,false,REALIZED_CONSOLIDATED_HISTORICAL_PRICE_PERFORMANCE
MTG:SECRET_LAIR:SL-95F8B6ADF74AF6,Drop: The Unfathomable Crushing Brutality of Basic Lands - Traditional Foil Edition ? Foil Edition,SECRET_LAIR,FULL_MODEL,PASS,LONG_HISTORY,30,2024-02-08,2026-07-01,874,63.80,48.96,30.31,11.70,19.32,,,21.42,-32.51,29,FRESH,64.39,HISTORICALLY_STABLE,,HISTORY_30_PLUS_DATES,false,false,false,REALIZED_CONSOLIDATED_HISTORICAL_PRICE_PERFORMANCE
MTG:PRE_COLLECTOR_BOOSTER_BOX:MTG-CANON-TCGPLAYER-68104,Modern Masters - Booster Box,PRE_COLLECTOR_BOOSTER_BOX,FULL_MODEL,FORECAST_READY,LONG_HISTORY,30,2024-02-08,2026-07-01,874,493.07,459.94,7.20,2.95,21.79,,,10.66,-17.66,29,FRESH,63.56,HISTORICALLY_STABLE,,HISTORY_30_PLUS_DATES,true,true,false,REALIZED_CONSOLIDATED_HISTORICAL_PRICE_PERFORMANCE
MTG:SECRET_LAIR:SL-4E4666C9C585DF,Drop: Showcase: Thrilling Tales of the Undead - Non-Foil Edition ? Nonfoil Edition,SECRET_LAIR,FULL_MODEL,PASS,LONG_HISTORY,30,2024-02-08,2026-07-01,874,54.77,40.95,33.75,12.92,-4.08,,,11.79,-19.54,29,FRESH,63.26,HISTORICALLY_STABLE,,HISTORY_30_PLUS_DATES,false,false,false,REALIZED_CONSOLIDATED_HISTORICAL_PRICE_PERFORMANCE
MTG:SECRET_LAIR:SL-9A70751B3B58BD,Drop: Special Guest: Fiona Staples - Traditional Foil Edition ? Foil Edition,SECRET_LAIR,FULL_MODEL,PASS,LONG_HISTORY,30,2024-02-08,2026-07-01,874,50.66,43.59,16.22,6.48,-0.16,,,8.95,-5.85,29,FRESH,63.03,HISTORICALLY_STABLE,,HISTORY_30_PLUS_DATES,false,false,false,REALIZED_CONSOLIDATED_HISTORICAL_PRICE_PERFORMANCE
MTG:SECRET_LAIR:SL-014CB03DE34288,Drop: Artist Series: Victor Adame Minguez - Traditional Foil Edition ? Foil Edition,SECRET_LAIR,FULL_MODEL,PASS,LONG_HISTORY,30,2024-02-08,2026-07-01,874,31.03,29.19,6.30,2.59,20.83,,,11.86,-22.89,29,FRESH,62.63,HISTORICALLY_STABLE,,HISTORY_30_PLUS_DATES,false,false,false,REALIZED_CONSOLIDATED_HISTORICAL_PRICE_PERFORMANCE
MTG:PRE_COLLECTOR_BOOSTER_BOX:MTG-CANON-TCGPLAYER-58058,Avacyn Restored - Booster Box,PRE_COLLECTOR_BOOSTER_BOX,FULL_MODEL,FORECAST_READY,LONG_HISTORY,30,2024-02-08,2026-07-01,874,412.57,343.74,20.02,7.93,7.09,,,14.56,-24.93,29,FRESH,62.47,HISTORICALLY_STABLE,,HISTORY_30_PLUS_DATES,true,true,false,REALIZED_CONSOLIDATED_HISTORICAL_PRICE_PERFORMANCE
MTG:SECRET_LAIR:SL-539814AFE340EF,Drop: Secret Lair Promo: Deadeye Navigator - Rainbow Foil Edition ? Foil Edition,SECRET_LAIR,FULL_MODEL,PASS,MEDIUM_HISTORY,15,2025-05-01,2026-07-01,426,6.14,5.38,14.13,12.00,11.64,,,21.80,-14.23,29,FRESH,62.23,HISTORICALLY_STABLE,,HISTORY_2_TO_29_DATES,false,false,false,REALIZED_CONSOLIDATED_HISTORICAL_PRICE_PERFORMANCE
MTG:SECRET_LAIR:SL-2569BCFE16FD2C,Drop: Every Dog Has Its Day - Traditional Foil Edition ? Foil Edition,SECRET_LAIR,FULL_MODEL,PASS,LONG_HISTORY,30,2024-02-08,2026-07-01,874,65.88,61.83,6.55,2.69,19.48,,,13.35,-28.06,29,FRESH,62.08,HISTORICALLY_STABLE,,HISTORY_30_PLUS_DATES,false,false,false,REALIZED_CONSOLIDATED_HISTORICAL_PRICE_PERFORMANCE
MTG:COLLECTOR_BOOSTER_BOX:TCGCSV-23874-604253,Aetherdrift Collector Booster Display,COLLECTOR_BOOSTER_BOX,FULL_MODEL,EVALUATED,MEDIUM_HISTORY,20,2025-01-01,2026-07-11,556,271.01,227.60,19.07,12.15,44.46,,,33.83,-34.97,19,FRESH,62.06,HISTORICALLY_STABLE,,HISTORY_2_TO_29_DATES,false,false,false,REALIZED_CONSOLIDATED_HISTORICAL_PRICE_PERFORMANCE
MTG:SECRET_LAIR:SL-17405C5D45E661,Drop: Gift Wrapped - Rainbow Foil Edition ? Foil Edition,SECRET_LAIR,FULL_MODEL,PASS,LONG_HISTORY,30,2024-02-08,2026-07-01,874,42.79,34.95,22.43,8.83,3.76,,,17.96,-18.45,29,FRESH,61.95,HISTORICALLY_STABLE,,HISTORY_30_PLUS_DATES,false,false,false,REALIZED_CONSOLIDATED_HISTORICAL_PRICE_PERFORMANCE
MTG:SECRET_LAIR:SL-A5E1293D263AF0,x Furby: Doo-ay Noo-lah - Rainbow Foil Edition ? Foil Edition,SECRET_LAIR,FULL_MODEL,PASS,SHORT_HISTORY,9,2025-11-01,2026-07-01,242,56.14,46.98,19.50,30.85,,,,23.18,-12.32,29,FRESH,61.95,HISTORICALLY_STABLE,,HISTORY_2_TO_29_DATES,false,false,false,REALIZED_CONSOLIDATED_HISTORICAL_PRICE_PERFORMANCE
MTG:SECRET_LAIR:SL-FDA8FA789BE3A1,Drop: Secret Lair x Fortnite: Landmarks and Locations - Non-Foil Edition ? Nonfoil Edition,SECRET_LAIR,FULL_MODEL,PASS,LONG_HISTORY,30,2024-02-08,2026-07-01,874,49.22,46.82,5.13,2.11,7.26,,,10.58,-11.36,29,FRESH,61.25,HISTORICALLY_STABLE,,HISTORY_30_PLUS_DATES,false,false,false,REALIZED_CONSOLIDATED_HISTORICAL_PRICE_PERFORMANCE
MTG:SECRET_LAIR:SL-5A4A678A238B50,Drop: Artist Series: Kev Walker - Traditional Foil Edition ? Foil Edition,SECRET_LAIR,FULL_MODEL,PASS,LONG_HISTORY,30,2024-02-08,2026-07-01,874,59.64,44.87,32.92,12.63,10.46,,,25.71,-30.39,29,FRESH,61.15,HISTORICALLY_STABLE,,HISTORY_30_PLUS_DATES,false,false,false,REALIZED_CONSOLIDATED_HISTORICAL_PRICE_PERFORMANCE
MTG:SECRET_LAIR:SL-BB4FA54DEBF880,Drop: Saturday Morning D&D - Non-Foil Edition ? Nonfoil Edition,SECRET_LAIR,FULL_MODEL,PASS,LONG_HISTORY,30,2024-02-08,2026-07-01,874,46.12,44.24,4.25,1.75,17.92,,,9.90,-17.77,29,FRESH,60.14,HISTORICALLY_STABLE,,HISTORY_30_PLUS_DATES,false,false,false,REALIZED_CONSOLIDATED_HISTORICAL_PRICE_PERFORMANCE
MTG:PRE_COLLECTOR_BOOSTER_BOX:MTG-CANON-TCGPLAYER-27293,Nemesis - Booster Box,PRE_COLLECTOR_BOOSTER_BOX,FULL_MODEL,FORECAST_READY,LONG_HISTORY,30,2024-02-08,2026-07-01,874,878.85,799.98,9.86,4.01,83.10,,,26.45,-40.62,29,FRESH,59.99,HISTORICALLY_STABLE,,HISTORY_30_PLUS_DATES,true,true,false,REALIZED_CONSOLIDATED_HISTORICAL_PRICE_PERFORMANCE
MTG:PRE_COLLECTOR_BOOSTER_BOX:MTG-CANON-TCGPLAYER-102715,Battle for Zendikar - Booster Box,PRE_COLLECTOR_BOOSTER_BOX,FULL_MODEL,FORECAST_READY,LONG_HISTORY,30,2024-02-08,2026-07-01,874,202.93,188.61,7.59,3.11,11.10,,,18.14,-29.51,29,FRESH,58.41,HISTORICALLY_STABLE,,HISTORY_30_PLUS_DATES,true,true,false,REALIZED_CONSOLIDATED_HISTORICAL_PRICE_PERFORMANCE
MTG:PRE_COLLECTOR_BOOSTER_BOX:MTG-CANON-TCGPLAYER-27271,Coldsnap - Booster Box,PRE_COLLECTOR_BOOSTER_BOX,FULL_MODEL,FORECAST_READY,LONG_HISTORY,30,2024-02-08,2026-07-01,874,846.66,715.20,18.38,7.31,7.85,,,25.63,-29.58,29,FRESH,57.07,HISTORICALLY_STABLE,,HISTORY_30_PLUS_DATES,true,true,false,REALIZED_CONSOLIDATED_HISTORICAL_PRICE_PERFORMANCE
MTG:COLLECTOR_BOOSTER_BOX:TCGCSV-23446-541225,Universes Beyond: Assassin's Creed Collector Booster Display,COLLECTOR_BOOSTER_BOX,PROVISIONAL_MODEL,EVALUATED,LONG_HISTORY,30,2024-03-01,2026-07-11,862,430.16,349.92,22.93,9.14,52.66,,,39.78,-39.96,19,FRESH,56.44,HISTORICALLY_STABLE,,HISTORY_2_TO_29_DATES,false,false,false,REALIZED_CONSOLIDATED_HISTORICAL_PRICE_PERFORMANCE
MTG:PRE_COLLECTOR_BOOSTER_BOX:MTG-CANON-TCGPLAYER-28640,Shards of Alara - Booster Box,PRE_COLLECTOR_BOOSTER_BOX,FULL_MODEL,FORECAST_READY,LONG_HISTORY,30,2024-02-08,2026-07-01,874,708.00,701.73,0.89,0.37,-0.87,,,4.80,-6.14,29,FRESH,55.03,HISTORICALLY_STABLE,,HISTORY_30_PLUS_DATES,true,true,false,REALIZED_CONSOLIDATED_HISTORICAL_PRICE_PERFORMANCE
