"canonical_product_id","canonical_product_name","product_class","historical_purchase_state","historical_strength_score","observation_count","trusted_dates","ebay_dates","source_state"
"MTG:COLLECTOR_BOOSTER_BOX:TCGCSV-2823-238745","Adventures in the Forgotten Realms Collector Booster Display","COLLECTOR_BOOSTER_BOX","HISTORICALLY_STRONG","100.00","33","32","2","TRUSTED_HISTORY_WITH_EBAY_SUPPLEMENT"
"MTG:COLLECTOR_BOOSTER_BOX:TCGCSV-23020-484929","Commander Masters Collector Booster Display","COLLECTOR_BOOSTER_BOX","HISTORICALLY_STRONG","100.00","32","32","1","TRUSTED_HISTORY_WITH_EBAY_SUPPLEMENT"
"MTG:COLLECTOR_BOOSTER_BOX:TCGCSV-3102-275412","Dominaria United Collector Booster Display","COLLECTOR_BOOSTER_BOX","HISTORICALLY_STRONG","100.00","33","32","2","TRUSTED_HISTORY_WITH_EBAY_SUPPLEMENT"
"MTG:COLLECTOR_BOOSTER_BOX:TCGCSV-3070-271509","Double Masters 2022 Collector Booster Display","COLLECTOR_BOOSTER_BOX","HISTORICALLY_STRONG","100.00","33","32","2","TRUSTED_HISTORY_WITH_EBAY_SUPPLEMENT"
"MTG:COLLECTOR_BOOSTER_BOX:TCGCSV-2864-244384","Innistrad: Midnight Hunt Collector Booster Display","COLLECTOR_BOOSTER_BOX","HISTORICALLY_STRONG","100.00","33","32","2","TRUSTED_HISTORY_WITH_EBAY_SUPPLEMENT"
"MTG:COLLECTOR_BOOSTER_BOX:TCGCSV-2750-228249","Kaldheim Collector Booster Display","COLLECTOR_BOOSTER_BOX","HISTORICALLY_STRONG","100.00","33","32","2","TRUSTED_HISTORY_WITH_EBAY_SUPPLEMENT"
"MTG:COLLECTOR_BOOSTER_BOX:TCGCSV-2809-236348","Modern Horizons 2 Collector Booster Display","COLLECTOR_BOOSTER_BOX","HISTORICALLY_STRONG","100.00","32","32","1","TRUSTED_HISTORY_WITH_EBAY_SUPPLEMENT"
"MTG:COLLECTOR_BOOSTER_BOX:TCGCSV-3026-264767","Streets of New Capenna Collector Booster Display","COLLECTOR_BOOSTER_BOX","HISTORICALLY_STRONG","100.00","32","32","1","TRUSTED_HISTORY_WITH_EBAY_SUPPLEMENT"
"MTG:COLLECTOR_BOOSTER_BOX:TCGCSV-2773-233232","Strixhaven: School of Mages Collector Booster Display","COLLECTOR_BOOSTER_BOX","HISTORICALLY_STRONG","100.00","32","32","1","TRUSTED_HISTORY_WITH_EBAY_SUPPLEMENT"
"MTG:COLLECTOR_BOOSTER_BOX:TCGCSV-2648-220423","Zendikar Rising Collector Booster Display","COLLECTOR_BOOSTER_BOX","HISTORICALLY_STRONG","100.00","32","32","1","TRUSTED_HISTORY_WITH_EBAY_SUPPLEMENT"
"MTG:PRE_COLLECTOR_BOOSTER_BOX:MTG-CANON-TCGPLAYER-77321","Born of the Gods - Booster Box","PRE_COLLECTOR_BOOSTER_BOX","HISTORICALLY_STRONG","100.00","32","30","2","TRUSTED_HISTORY_WITH_EBAY_SUPPLEMENT"
"MTG:PRE_COLLECTOR_BOOSTER_BOX:MTG-CANON-TCGPLAYER-166550","Core Set 2019 - Booster Box","PRE_COLLECTOR_BOOSTER_BOX","HISTORICALLY_STRONG","100.00","31","30","1","TRUSTED_HISTORY_WITH_EBAY_SUPPLEMENT"
"MTG:PRE_COLLECTOR_BOOSTER_BOX:MTG-CANON-TCGPLAYER-131456","Hour of Devastation - Booster Box","PRE_COLLECTOR_BOOSTER_BOX","HISTORICALLY_STRONG","100.00","31","30","1","TRUSTED_HISTORY_WITH_EBAY_SUPPLEMENT"
"MTG:PRE_COLLECTOR_BOOSTER_BOX:MTG-CANON-TCGPLAYER-157857","Masters 25 - Booster Box","PRE_COLLECTOR_BOOSTER_BOX","HISTORICALLY_STRONG","100.00","31","30","1","TRUSTED_HISTORY_WITH_EBAY_SUPPLEMENT"
"MTG:PRE_COLLECTOR_BOOSTER_BOX:MTG-CANON-TCGPLAYER-95052","Modern Masters 2015 - Booster Box","PRE_COLLECTOR_BOOSTER_BOX","HISTORICALLY_STRONG","100.00","31","30","1","TRUSTED_HISTORY_WITH_EBAY_SUPPLEMENT"
"MTG:PRE_COLLECTOR_BOOSTER_BOX:MTG-CANON-TCGPLAYER-127069","Modern Masters 2017 - Booster Box","PRE_COLLECTOR_BOOSTER_BOX","HISTORICALLY_STRONG","100.00","31","30","1","TRUSTED_HISTORY_WITH_EBAY_SUPPLEMENT"
"MTG:PRE_COLLECTOR_BOOSTER_BOX:MTG-CANON-TCGPLAYER-70960","Theros - Booster Box","PRE_COLLECTOR_BOOSTER_BOX","HISTORICALLY_STRONG","100.00","31","30","1","TRUSTED_HISTORY_WITH_EBAY_SUPPLEMENT"
"MTG:PRE_COLLECTOR_BOOSTER_BOX:MTG-CANON-TCGPLAYER-149402","Unstable - Booster Box","PRE_COLLECTOR_BOOSTER_BOX","HISTORICALLY_STRONG","100.00","31","30","1","TRUSTED_HISTORY_WITH_EBAY_SUPPLEMENT"
"MTG:SECRET_LAIR:SL-B28206C8B43B74","Drop: Artist Series: Chris Rahn - Traditional Foil Edition ? Foil Edition","SECRET_LAIR","HISTORICALLY_STRONG","100.00","31","30","1","TRUSTED_HISTORY_WITH_EBAY_SUPPLEMENT"
"MTG:SECRET_LAIR:SL-B0E43DFE167A56","Drop: Artist Series: Livia Prima - Non-Foil Edition ? Nonfoil Edition","SECRET_LAIR","HISTORICALLY_STRONG","100.00","31","30","1","TRUSTED_HISTORY_WITH_EBAY_SUPPLEMENT"
"MTG:SECRET_LAIR:SL-E23BF5EAA4F5AA","Drop: Artist Series: Livia Prima - Traditional Foil Edition ? Foil Edition","SECRET_LAIR","HISTORICALLY_STRONG","100.00","31","30","1","TRUSTED_HISTORY_WITH_EBAY_SUPPLEMENT"
"MTG:SECRET_LAIR:SL-95C045CE385254","Drop: Artist Series: Mark Poole - Non-Foil Edition ? Nonfoil Edition","SECRET_LAIR","HISTORICALLY_STRONG","100.00","31","30","1","TRUSTED_HISTORY_WITH_EBAY_SUPPLEMENT"
"MTG:SECRET_LAIR:SL-74035B29B5EAA4","Drop: Artist Series: Thomas Baxa - Non-Foil Edition ? Nonfoil Edition","SECRET_LAIR","HISTORICALLY_STRONG","100.00","31","30","1","TRUSTED_HISTORY_WITH_EBAY_SUPPLEMENT"
"MTG:SECRET_LAIR:SL-70307120926003","Drop: Artist Series: Wayne Reynolds - Traditional Foil Edition ? Foil Edition","SECRET_LAIR","HISTORICALLY_STRONG","100.00","31","30","1","TRUSTED_HISTORY_WITH_EBAY_SUPPLEMENT"
"MTG:SECRET_LAIR:SL-2098A235696D4F","Drop: Dan Frazier Is Back Again: The Allied Talismans - Foil Etched Edition ? Foil Edition","SECRET_LAIR","HISTORICALLY_STRONG","100.00","31","30","1","TRUSTED_HISTORY_WITH_EBAY_SUPPLEMENT"
"MTG:SECRET_LAIR:SL-B2289CE720A189","Drop: Dan Frazier Is Back Again: The Enemy Talismans - Foil Etched Edition ? Foil Edition","SECRET_LAIR","HISTORICALLY_STRONG","100.00","31","30","1","TRUSTED_HISTORY_WITH_EBAY_SUPPLEMENT"
"MTG:SECRET_LAIR:SL-BFAF5430109A2E","Drop: Dan Frazier is Back: The Allied Signets - Foil Etched Edition ? Foil Edition","SECRET_LAIR","HISTORICALLY_STRONG","100.00","31","30","1","TRUSTED_HISTORY_WITH_EBAY_SUPPLEMENT"
"MTG:SECRET_LAIR:SL-B9248149A4056B","Drop: Draw Your Hand - Traditional Foil Edition ? Foil Edition","SECRET_LAIR","HISTORICALLY_STRONG","100.00","31","30","1","TRUSTED_HISTORY_WITH_EBAY_SUPPLEMENT"
"MTG:SECRET_LAIR:SL-0E630241169A8E","Drop: Fblthp: Completely, Utterly, Totally Lost - Traditional Foil Edition ? Foil Edition","SECRET_LAIR","HISTORICALLY_STRONG","100.00","31","30","1","TRUSTED_HISTORY_WITH_EBAY_SUPPLEMENT"
"MTG:SECRET_LAIR:SL-75EB6270819FE3","Drop: Finally! Left-Handed Magic Cards - Non-Foil Edition ? Nonfoil Edition","SECRET_LAIR","HISTORICALLY_STRONG","100.00","31","30","1","TRUSTED_HISTORY_WITH_EBAY_SUPPLEMENT"
"MTG:SECRET_LAIR:SL-204D6B03D36FE2","Drop: Kamigawa Ink - Traditional Foil Edition ? Foil Edition","SECRET_LAIR","HISTORICALLY_STRONG","100.00","31","30","1","TRUSTED_HISTORY_WITH_EBAY_SUPPLEMENT"
"MTG:SECRET_LAIR:SL-26D338135420FD","Drop: Mirrodinsanity - Traditional Foil Edition ? Foil Edition","SECRET_LAIR","HISTORICALLY_STRONG","100.00","31","30","1","TRUSTED_HISTORY_WITH_EBAY_SUPPLEMENT"
"MTG:SECRET_LAIR:SL-E976A82043B976","Drop: Secret Lair X MSCHF - Foil Edition ? Foil Edition","SECRET_LAIR","HISTORICALLY_STRONG","100.00","31","30","1","TRUSTED_HISTORY_WITH_EBAY_SUPPLEMENT"
"MTG:SECRET_LAIR:SL-13A381A40449C9","Drop: Secret Lair x Fallout: Points of Interest - Rainbow Foil Edition ? Foil Edition","SECRET_LAIR","HISTORICALLY_STRONG","100.00","28","27","1","TRUSTED_HISTORY_WITH_EBAY_SUPPLEMENT"
"MTG:SECRET_LAIR:SL-EA3F127E1B6608","Drop: Secret Lair x Fallout: Vault Boy - Rainbow Foil Edition ? Foil Edition","SECRET_LAIR","HISTORICALLY_STRONG","100.00","28","27","1","TRUSTED_HISTORY_WITH_EBAY_SUPPLEMENT"
"MTG:SECRET_LAIR:SL-26D60205AA523A","Drop: Secret Lair x Fortnite - Traditional Foil Edition ? Foil Edition","SECRET_LAIR","HISTORICALLY_STRONG","100.00","31","30","1","TRUSTED_HISTORY_WITH_EBAY_SUPPLEMENT"
"MTG:SECRET_LAIR:SL-C5A93064AA668C","Drop: Secret Lair x Jurassic World: Dr. Ian Malcolm - Non-Foil Edition ? Nonfoil Edition","SECRET_LAIR","HISTORICALLY_STRONG","100.00","31","30","1","TRUSTED_HISTORY_WITH_EBAY_SUPPLEMENT"
"MTG:SECRET_LAIR:SL-137214427FCCAA","Drop: Showcase: Streets of New Capenna - Gilded Foil Edition ? Foil Edition","SECRET_LAIR","HISTORICALLY_STRONG","100.00","31","30","1","TRUSTED_HISTORY_WITH_EBAY_SUPPLEMENT"
"MTG:SECRET_LAIR:SL-3F1F1DB9343414","Drop: Special Guest: Jen Bartel - Non-Foil Edition ? Nonfoil Edition","SECRET_LAIR","HISTORICALLY_STRONG","100.00","31","30","1","TRUSTED_HISTORY_WITH_EBAY_SUPPLEMENT"
"MTG:SECRET_LAIR:SL-F378E79C981B5B","Drop: Special Guest: Kelogsloops - Traditional Foil Edition ? Foil Edition","SECRET_LAIR","HISTORICALLY_STRONG","100.00","31","30","1","TRUSTED_HISTORY_WITH_EBAY_SUPPLEMENT"
"MTG:SECRET_LAIR:SL-B5F3C839262F36","Drop: The '90s Binder Experience - Traditional Foil Edition ? Foil Edition","SECRET_LAIR","HISTORICALLY_STRONG","100.00","31","30","1","TRUSTED_HISTORY_WITH_EBAY_SUPPLEMENT"
"MTG:SECRET_LAIR:SL-1716D8997667E1","Drop: The Space Beyond the Stars - Traditional Foil Edition ? Foil Edition","SECRET_LAIR","HISTORICALLY_STRONG","100.00","31","30","1","TRUSTED_HISTORY_WITH_EBAY_SUPPLEMENT"
"MTG:SECRET_LAIR:SL-255A0A2F4FEB20","Drop: The Tokyo Lands - Non-Foil Edition ? Nonfoil Edition","SECRET_LAIR","HISTORICALLY_STRONG","100.00","31","30","1","TRUSTED_HISTORY_WITH_EBAY_SUPPLEMENT"
"MTG:SECRET_LAIR:SL-E761E1777C5411","Drop: Through the Wormhole - Non-Foil Edition ? Nonfoil Edition","SECRET_LAIR","HISTORICALLY_STRONG","100.00","31","30","1","TRUSTED_HISTORY_WITH_EBAY_SUPPLEMENT"
"MTG:SECRET_LAIR:SL-01DC7B8F9D05F8","Drop: Totally Spaced Out - Galaxy Foil Edition ? Foil Edition","SECRET_LAIR","HISTORICALLY_STRONG","100.00","31","30","1","TRUSTED_HISTORY_WITH_EBAY_SUPPLEMENT"
"MTG:SECRET_LAIR:SL-0A174DAC0F9024","Drop: Transformers: One Shall Stand, One Shall Fall - Traditional Foil Edition ? Foil Edition","SECRET_LAIR","HISTORICALLY_STRONG","100.00","31","30","1","TRUSTED_HISTORY_WITH_EBAY_SUPPLEMENT"
"MTG:SECRET_LAIR:SL-B689085E2D41DE","x Warhammer Age of Sigmar - Non-Foil Edition ? Nonfoil Edition","SECRET_LAIR","HISTORICALLY_STRONG","100.00","30","29","1","TRUSTED_HISTORY_WITH_EBAY_SUPPLEMENT"
"MTG:PRE_COLLECTOR_BOOSTER_BOX:MTG-CANON-TCGPLAYER-145235","Iconic Masters - Booster Box","PRE_COLLECTOR_BOOSTER_BOX","HISTORICALLY_STRONG","99.95","31","30","1","TRUSTED_HISTORY_WITH_EBAY_SUPPLEMENT"
"MTG:SECRET_LAIR:SL-EC805E73DB692C","Drop: The Weirdest Pets in the Multiverse - Traditional Foil Edition ? Foil Edition","SECRET_LAIR","HISTORICALLY_STRONG","99.84","31","30","1","TRUSTED_HISTORY_WITH_EBAY_SUPPLEMENT"
"MTG:PRE_COLLECTOR_BOOSTER_BOX:MTG-CANON-TCGPLAYER-188210","Core Set 2020 - Booster Box","PRE_COLLECTOR_BOOSTER_BOX","HISTORICALLY_STRONG","99.40","31","30","1","TRUSTED_HISTORY_WITH_EBAY_SUPPLEMENT"
"MTG:PRE_COLLECTOR_BOOSTER_BOX:MTG-CANON-TCGPLAYER-173362","Guilds of Ravnica - Booster Box","PRE_COLLECTOR_BOOSTER_BOX","HISTORICALLY_STRONG","99.08","31","30","1","TRUSTED_HISTORY_WITH_EBAY_SUPPLEMENT"
"MTG:COLLECTOR_BOOSTER_BOX:TCGCSV-17670-449559","Dominaria Remastered Collector Booster Display","COLLECTOR_BOOSTER_BOX","HISTORICALLY_STRONG","99.00","33","32","2","TRUSTED_HISTORY_WITH_EBAY_SUPPLEMENT"
"MTG:SECRET_LAIR:SL-DB82DC16CD1A6A","Drop: Monster Movie Marathon - Non-Foil Edition ? Nonfoil Edition","SECRET_LAIR","HISTORICALLY_STRONG","98.86","31","30","1","TRUSTED_HISTORY_WITH_EBAY_SUPPLEMENT"
"MTG:SECRET_LAIR:SL-37F8EC322DC4FF","Drop: Secret Lair x Tomb Raider - Traditional Foil Edition ? Foil Edition","SECRET_LAIR","HISTORICALLY_STRONG","98.57","31","30","1","TRUSTED_HISTORY_WITH_EBAY_SUPPLEMENT"
"MTG:SECRET_LAIR:SL-01E98F93055799","Drop: Artist Series: Sam Burley - Traditional Foil Edition ? Foil Edition","SECRET_LAIR","HISTORICALLY_STRONG","97.78","31","30","1","TRUSTED_HISTORY_WITH_EBAY_SUPPLEMENT"
"MTG:SECRET_LAIR:SL-74104655C7BE3C","Drop: Dan Frazier is Back: The Enemy Signets - Non-Foil Edition ? Nonfoil Edition","SECRET_LAIR","HISTORICALLY_STRONG","96.69","31","30","1","TRUSTED_HISTORY_WITH_EBAY_SUPPLEMENT"
"MTG:PRE_COLLECTOR_BOOSTER_BOX:MTG-CANON-TCGPLAYER-185894","Modern Horizons - Booster Box","PRE_COLLECTOR_BOOSTER_BOX","HISTORICALLY_STRONG","96.32","31","30","1","TRUSTED_HISTORY_WITH_EBAY_SUPPLEMENT"
"MTG:SECRET_LAIR:SL-C0418534DE36CF","Drop: Far Out, Man - Traditional Foil Edition ? Foil Edition","SECRET_LAIR","HISTORICALLY_STRONG","96.08","31","30","1","TRUSTED_HISTORY_WITH_EBAY_SUPPLEMENT"
"MTG:SECRET_LAIR:SL-2ADC84D7922A98","x Post Malone: Backstage Pass - Traditional Foil Edition ? Foil Edition","SECRET_LAIR","HISTORICALLY_STRONG","95.83","31","30","1","TRUSTED_HISTORY_WITH_EBAY_SUPPLEMENT"
"MTG:SECRET_LAIR:SL-A709252A4DA96B","Drop: Welcome to Castle Dracula - Non-Foil Edition ? Nonfoil Edition","SECRET_LAIR","HISTORICALLY_STRONG","95.82","31","30","1","TRUSTED_HISTORY_WITH_EBAY_SUPPLEMENT"
"MTG:PRE_COLLECTOR_BOOSTER_BOX:MTG-CANON-TCGPLAYER-180734","Ravnica Allegiance - Booster Box","PRE_COLLECTOR_BOOSTER_BOX","HISTORICALLY_STRONG","95.47","31","30","1","TRUSTED_HISTORY_WITH_EBAY_SUPPLEMENT"
"MTG:PRE_COLLECTOR_BOOSTER_BOX:MTG-CANON-TCGPLAYER-94746","Fate Reforged - Booster Box","PRE_COLLECTOR_BOOSTER_BOX","HISTORICALLY_STRONG","95.43","31","30","1","TRUSTED_HISTORY_WITH_EBAY_SUPPLEMENT"
"MTG:SECRET_LAIR:SL-90725EB2DB66FA","Drop: Welcome to Castle Dracula - Traditional Foil Edition ? Foil Edition","SECRET_LAIR","HISTORICALLY_STRONG","95.19","31","30","1","TRUSTED_HISTORY_WITH_EBAY_SUPPLEMENT"
"MTG:SECRET_LAIR:SL-690BF3733992EE","Drop: Special Guest: Jen Bartel - Traditional Foil Edition ? Foil Edition","SECRET_LAIR","HISTORICALLY_STRONG","95.10","31","30","1","TRUSTED_HISTORY_WITH_EBAY_SUPPLEMENT"
"MTG:COLLECTOR_BOOSTER_BOX:TCGCSV-3047-267023","Commander Legends: Battle for Baldur's Gate Collector Booster Display","COLLECTOR_BOOSTER_BOX","HISTORICALLY_STRONG","95.00","33","32","2","TRUSTED_HISTORY_WITH_EBAY_SUPPLEMENT"
"MTG:SECRET_LAIR:SL-B9EC0C6C5561F1","Drop: Artist Series: Alayna Danner - Non-Foil Edition ? Nonfoil Edition","SECRET_LAIR","HISTORICALLY_STRONG","95.00","31","30","1","TRUSTED_HISTORY_WITH_EBAY_SUPPLEMENT"
"MTG:SECRET_LAIR:SL-A4528679EBCD24","Drop: Imaginary Friends - Non-Foil Edition ? Nonfoil Edition","SECRET_LAIR","HISTORICALLY_STRONG","95.00","31","30","1","TRUSTED_HISTORY_WITH_EBAY_SUPPLEMENT"
"MTG:SECRET_LAIR:SL-832BF55C6E27A1","Drop: Showcase: Read The Fine Print - Non-Foil Edition ? Nonfoil Edition","SECRET_LAIR","HISTORICALLY_STRONG","95.00","31","30","1","TRUSTED_HISTORY_WITH_EBAY_SUPPLEMENT"
"MTG:SECRET_LAIR:SL-A6FBE97D53BCE6","Drop: Tales of the Time Stoppers - Rainbow Foil Edition ? Foil Edition","SECRET_LAIR","HISTORICALLY_STRONG","95.00","31","30","1","TRUSTED_HISTORY_WITH_EBAY_SUPPLEMENT"
"MTG:PRE_COLLECTOR_BOOSTER_BOX:MTG-CANON-TCGPLAYER-67751","Dragon's Maze - Booster Box","PRE_COLLECTOR_BOOSTER_BOX","HISTORICALLY_STRONG","94.91","31","30","1","TRUSTED_HISTORY_WITH_EBAY_SUPPLEMENT"
"MTG:SECRET_LAIR:SL-0F86D31256941D","Drop: Secret Lair x Marvel's Wolverine - Rainbow Foil Edition ? Foil Edition","SECRET_LAIR","HISTORICALLY_STRONG","94.14","21","20","1","TRUSTED_HISTORY_WITH_EBAY_SUPPLEMENT"
"MTG:COLLECTOR_BOOSTER_BOX:TCGCSV-2958-275406","Unfinity Collector Booster Display","COLLECTOR_BOOSTER_BOX","HISTORICALLY_STRONG","94.00","32","32","1","TRUSTED_HISTORY_WITH_EBAY_SUPPLEMENT"
"MTG:COLLECTOR_BOOSTER_BOX:TCGCSV-23163-496041","Wilds of Eldraine Collector Booster Display","COLLECTOR_BOOSTER_BOX","HISTORICALLY_STRONG","94.00","32","32","1","TRUSTED_HISTORY_WITH_EBAY_SUPPLEMENT"
"MTG:SECRET_LAIR:SL-142966DB35DC8F","Drop: Artist Series: Sam Burley - Non-Foil Edition ? Nonfoil Edition","SECRET_LAIR","HISTORICALLY_STRONG","94.00","31","30","1","TRUSTED_HISTORY_WITH_EBAY_SUPPLEMENT"
"MTG:SECRET_LAIR:SL-213339E791C59A","x Warhammer 40,000: Orks - Non-Foil Edition ? Nonfoil Edition","SECRET_LAIR","HISTORICALLY_STRONG","94.00","29","28","1","TRUSTED_HISTORY_WITH_EBAY_SUPPLEMENT"
"MTG:PRE_COLLECTOR_BOOSTER_BOX:MTG-CANON-TCGPLAYER-179444","Ultimate Masters - Booster Box","PRE_COLLECTOR_BOOSTER_BOX","HISTORICALLY_STRONG","93.99","31","30","1","TRUSTED_HISTORY_WITH_EBAY_SUPPLEMENT"
"MTG:SECRET_LAIR:SL-3D43E1264ED817","Drop: Rule the Room - Traditional Foil Edition ? Foil Edition","SECRET_LAIR","HISTORICALLY_STRONG","93.95","31","30","1","TRUSTED_HISTORY_WITH_EBAY_SUPPLEMENT"
"MTG:PRE_COLLECTOR_BOOSTER_BOX:MTG-CANON-TCGPLAYER-59120","Magic 2013 (M13) - Booster Box","PRE_COLLECTOR_BOOSTER_BOX","HISTORICALLY_STRONG","93.84","31","30","1","TRUSTED_HISTORY_WITH_EBAY_SUPPLEMENT"
"MTG:PRE_COLLECTOR_BOOSTER_BOX:MTG-CANON-TCGPLAYER-185676","War of the Spark - Booster Box","PRE_COLLECTOR_BOOSTER_BOX","HISTORICALLY_STRONG","93.57","31","30","1","TRUSTED_HISTORY_WITH_EBAY_SUPPLEMENT"
"MTG:PRE_COLLECTOR_BOOSTER_BOX:MTG-CANON-TCGPLAYER-46957","Magic 2012 (M12) - Booster Box","PRE_COLLECTOR_BOOSTER_BOX","HISTORICALLY_STRONG","93.45","31","30","1","TRUSTED_HISTORY_WITH_EBAY_SUPPLEMENT"
"MTG:PRE_COLLECTOR_BOOSTER_BOX:MTG-CANON-TCGPLAYER-158423","Dominaria - Booster Box","PRE_COLLECTOR_BOOSTER_BOX","HISTORICALLY_STRONG","93.31","31","30","1","TRUSTED_HISTORY_WITH_EBAY_SUPPLEMENT"
"MTG:COLLECTOR_BOOSTER_BOX:TCGCSV-24233-619672","Edge of Eternities Collector Booster Display","COLLECTOR_BOOSTER_BOX","HISTORICALLY_STRONG","93.00","20","19","2","TRUSTED_HISTORY_WITH_EBAY_SUPPLEMENT"
"MTG:COLLECTOR_BOOSTER_BOX:TCGCSV-24232-619649","Tarkir: Dragonstorm Collector Booster Display","COLLECTOR_BOOSTER_BOX","HISTORICALLY_STRONG","93.00","19","19","1","TRUSTED_HISTORY_WITH_EBAY_SUPPLEMENT"
"MTG:SECRET_LAIR:SL-C44AE37BDB68A9","Drop: City Styles 2: Dressed to Kill - Rainbow Foil Edition ? Foil Edition","SECRET_LAIR","HISTORICALLY_STRONG","93.00","18","17","1","TRUSTED_HISTORY_WITH_EBAY_SUPPLEMENT"
"MTG:SECRET_LAIR:SL-F3F1C2A23E48D0","Drop: Secret Lair x Dungeons & Dragons: An Exhibition of Adventure - Rainbow Foil Edition ? Foil Edition","SECRET_LAIR","HISTORICALLY_STRONG","93.00","24","23","1","TRUSTED_HISTORY_WITH_EBAY_SUPPLEMENT"
"MTG:COLLECTOR_BOOSTER_BOX:TCGCSV-2862-246457","Innistrad: Crimson Vow Collector Booster Display","COLLECTOR_BOOSTER_BOX","HISTORICALLY_STRONG","92.28","33","32","2","TRUSTED_HISTORY_WITH_EBAY_SUPPLEMENT"
"MTG:SECRET_LAIR:SL-6D6C79C2652BFD","Drop: Artist Series: Johannes Voss - Non-Foil Edition ? Nonfoil Edition","SECRET_LAIR","HISTORICALLY_STRONG","91.00","31","30","1","TRUSTED_HISTORY_WITH_EBAY_SUPPLEMENT"
"MTG:COLLECTOR_BOOSTER_BOX:TCGCSV-2653-214818","Core Set 2021 Collector Booster Display","COLLECTOR_BOOSTER_BOX","HISTORICALLY_STRONG","90.00","33","32","2","TRUSTED_HISTORY_WITH_EBAY_SUPPLEMENT"
"MTG:COLLECTOR_BOOSTER_BOX:TCGCSV-3157-282224","The Brothers' War Collector Booster Display","COLLECTOR_BOOSTER_BOX","HISTORICALLY_STRONG","90.00","32","32","1","TRUSTED_HISTORY_WITH_EBAY_SUPPLEMENT"
"MTG:COLLECTOR_BOOSTER_BOX:TCGCSV-23019-484912","Universes Beyond: The Lord of the Rings: Tales of Middle-earth Collector Booster Display","COLLECTOR_BOOSTER_BOX","HISTORICALLY_STRONG","90.00","32","32","1","TRUSTED_HISTORY_WITH_EBAY_SUPPLEMENT"
"MTG:PRE_COLLECTOR_BOOSTER_BOX:MTG-CANON-TCGPLAYER-67311","Gatecrash - Booster Box","PRE_COLLECTOR_BOOSTER_BOX","HISTORICALLY_STRONG","89.95","31","30","1","TRUSTED_HISTORY_WITH_EBAY_SUPPLEMENT"
"MTG:COLLECTOR_BOOSTER_BOX:TCGCSV-2965-257563","Kamigawa: Neon Dynasty Collector Booster Display","COLLECTOR_BOOSTER_BOX","HISTORICALLY_STRONG","89.76","33","32","2","TRUSTED_HISTORY_WITH_EBAY_SUPPLEMENT"
"MTG:SECRET_LAIR:SL-4E4666C9C585DF","Drop: Showcase: Thrilling Tales of the Undead - Non-Foil Edition ? Nonfoil Edition","SECRET_LAIR","HISTORICALLY_STRONG","89.62","31","30","1","TRUSTED_HISTORY_WITH_EBAY_SUPPLEMENT"
"MTG:PRE_COLLECTOR_BOOSTER_BOX:MTG-CANON-TCGPLAYER-110418","Oath of the Gatewatch - Booster Box","PRE_COLLECTOR_BOOSTER_BOX","HISTORICALLY_STRONG","89.35","31","30","1","TRUSTED_HISTORY_WITH_EBAY_SUPPLEMENT"
"MTG:SECRET_LAIR:SL-ABB49E64363CCC","Drop: Artist Series: Ryan Alexander Lee - Non-Foil Edition ? Nonfoil Edition","SECRET_LAIR","HISTORICALLY_STRONG","89.00","31","30","1","TRUSTED_HISTORY_WITH_EBAY_SUPPLEMENT"
"MTG:SECRET_LAIR:SL-B0DEB8AFB8B821","Drop: Artist Series: Wayne Reynolds - Non-Foil Edition ? Nonfoil Edition","SECRET_LAIR","HISTORICALLY_STRONG","89.00","31","30","1","TRUSTED_HISTORY_WITH_EBAY_SUPPLEMENT"
"MTG:SECRET_LAIR:SL-6DFA783F3B9A37","Drop: Diabolical Dioramas - Rainbow Foil Edition ? Foil Edition","SECRET_LAIR","HISTORICALLY_STRONG","89.00","28","27","1","TRUSTED_HISTORY_WITH_EBAY_SUPPLEMENT"
"MTG:SECRET_LAIR:SL-17405C5D45E661","Drop: Gift Wrapped - Rainbow Foil Edition ? Foil Edition","SECRET_LAIR","HISTORICALLY_STRONG","89.00","31","30","1","TRUSTED_HISTORY_WITH_EBAY_SUPPLEMENT"
"MTG:SECRET_LAIR:SL-89D18240A7624C","Drop: Secret Lair x Arcane: Lands - Non-Foil Edition ? Nonfoil Edition","SECRET_LAIR","HISTORICALLY_STRONG","89.00","31","30","1","TRUSTED_HISTORY_WITH_EBAY_SUPPLEMENT"
"MTG:SECRET_LAIR:SL-207EFFFEEB79A0","Drop: Monster Movie Marathon - Traditional Foil Edition ? Foil Edition","SECRET_LAIR","HISTORICALLY_STRONG","88.60","31","30","1","TRUSTED_HISTORY_WITH_EBAY_SUPPLEMENT"
"MTG:SECRET_LAIR:SL-BA53143C1DDB56","Drop: Nature is Adorable - Traditional Foil Edition ? Foil Edition","SECRET_LAIR","HISTORICALLY_STRONG","88.50","31","30","1","TRUSTED_HISTORY_WITH_EBAY_SUPPLEMENT"
"MTG:SECRET_LAIR:SL-F4A97CEA3A7C1C","x FINAL FANTASY: Weapons - Rainbow Foil Edition ? Foil Edition","SECRET_LAIR","HISTORICALLY_STRONG","88.09","14","13","1","TRUSTED_HISTORY_WITH_EBAY_SUPPLEMENT"
"MTG:SECRET_LAIR:SL-2E6BF27043E9BB","Drop: Animar & Friends - Rainbow Foil Edition ? Foil Edition","SECRET_LAIR","HISTORICALLY_STRONG","88.00","18","17","1","TRUSTED_HISTORY_WITH_EBAY_SUPPLEMENT"
"MTG:COLLECTOR_BOOSTER_BOX:TCGCSV-2708-221323","Commander Legends Collector Booster Display","COLLECTOR_BOOSTER_BOX","HISTORICALLY_STRONG","87.81","33","32","2","TRUSTED_HISTORY_WITH_EBAY_SUPPLEMENT"
"MTG:COLLECTOR_BOOSTER_BOX:TCGCSV-22876-489207","March of the Machine: The Aftermath Collector Booster Display","COLLECTOR_BOOSTER_BOX","HISTORICALLY_STRONG","87.55","33","32","2","TRUSTED_HISTORY_WITH_EBAY_SUPPLEMENT"
"MTG:PRE_COLLECTOR_BOOSTER_BOX:MTG-CANON-TCGPLAYER-35749","Scars of Mirrodin - Booster Box","PRE_COLLECTOR_BOOSTER_BOX","HISTORICALLY_STRONG","87.44","31","30","1","TRUSTED_HISTORY_WITH_EBAY_SUPPLEMENT"
"MTG:SECRET_LAIR:SL-539814AFE340EF","Drop: Secret Lair Promo: Deadeye Navigator - Rainbow Foil Edition ? Foil Edition","SECRET_LAIR","HISTORICALLY_STRONG","86.09","16","15","1","TRUSTED_HISTORY_WITH_EBAY_SUPPLEMENT"
"MTG:PRE_COLLECTOR_BOOSTER_BOX:MTG-CANON-TCGPLAYER-77322","Journey Into Nyx - Booster Box","PRE_COLLECTOR_BOOSTER_BOX","HISTORICALLY_STRONG","85.83","31","30","1","TRUSTED_HISTORY_WITH_EBAY_SUPPLEMENT"
"MTG:PRE_COLLECTOR_BOOSTER_BOX:MTG-CANON-TCGPLAYER-96147","Magic Origins - Booster Box","PRE_COLLECTOR_BOOSTER_BOX","HISTORICALLY_STRONG","85.80","31","30","1","TRUSTED_HISTORY_WITH_EBAY_SUPPLEMENT"
"MTG:SECRET_LAIR:SL-014CB03DE34288","Drop: Artist Series: Victor Adame Minguez - Traditional Foil Edition ? Foil Edition","SECRET_LAIR","HISTORICALLY_STRONG","85.65","31","30","1","TRUSTED_HISTORY_WITH_EBAY_SUPPLEMENT"
"MTG:SECRET_LAIR:SL-4B314F21B95F79","Drop: Just Some Totally Normal Guys - Non-Foil Edition ? Nonfoil Edition","SECRET_LAIR","HISTORICALLY_STRONG","85.58","31","30","1","TRUSTED_HISTORY_WITH_EBAY_SUPPLEMENT"
"MTG:PRE_COLLECTOR_BOOSTER_BOX:MTG-CANON-TCGPLAYER-69243","Magic 2014 (M14) - Booster Box","PRE_COLLECTOR_BOOSTER_BOX","HISTORICALLY_STRONG","85.30","31","30","1","TRUSTED_HISTORY_WITH_EBAY_SUPPLEMENT"
"MTG:PRE_COLLECTOR_BOOSTER_BOX:MTG-CANON-TCGPLAYER-118393","Eldritch Moon - Booster Box","PRE_COLLECTOR_BOOSTER_BOX","HISTORICALLY_STRONG","85.03","31","30","1","TRUSTED_HISTORY_WITH_EBAY_SUPPLEMENT"
"MTG:SECRET_LAIR:SL-879DE87D93AF4D","x FINAL FANTASY: Game Over - Non-Foil Edition ? Nonfoil Edition","SECRET_LAIR","HISTORICALLY_STRONG","84.66","14","13","1","TRUSTED_HISTORY_WITH_EBAY_SUPPLEMENT"
"MTG:PRE_COLLECTOR_BOOSTER_BOX:MTG-CANON-TCGPLAYER-82200","Conspiracy - Booster Box","PRE_COLLECTOR_BOOSTER_BOX","HISTORICALLY_STRONG","84.02","32","30","2","TRUSTED_HISTORY_WITH_EBAY_SUPPLEMENT"
"MTG:COLLECTOR_BOOSTER_BOX:TCGCSV-23165-496076","Universes Beyond: Doctor Who Collector Booster Display","COLLECTOR_BOOSTER_BOX","HISTORICALLY_STRONG","84.00","32","32","1","TRUSTED_HISTORY_WITH_EBAY_SUPPLEMENT"
"MTG:PRE_COLLECTOR_BOOSTER_BOX:MTG-CANON-TCGPLAYER-149404","Rivals of Ixalan - Booster Box","PRE_COLLECTOR_BOOSTER_BOX","HISTORICALLY_STRONG","83.87","31","30","1","TRUSTED_HISTORY_WITH_EBAY_SUPPLEMENT"
"MTG:SECRET_LAIR:SL-A59C9ADCD75BE0","Drop: Secret Lair x Stranger Things - Traditional Foil Edition ? Foil Edition","SECRET_LAIR","HISTORICALLY_STRONG","83.62","31","30","1","TRUSTED_HISTORY_WITH_EBAY_SUPPLEMENT"
"MTG:PRE_COLLECTOR_BOOSTER_BOX:MTG-CANON-TCGPLAYER-60117","Return to Ravnica - Booster Box","PRE_COLLECTOR_BOOSTER_BOX","HISTORICALLY_STRONG","83.39","31","30","1","TRUSTED_HISTORY_WITH_EBAY_SUPPLEMENT"
"MTG:SECRET_LAIR:SL-6B03C6C7C5B91D","Drop: Secret Lair x Dungeons & Dragons: Astarion's Thirst - Rainbow Foil Edition ? Foil Edition","SECRET_LAIR","HISTORICALLY_STRONG","83.00","24","23","1","TRUSTED_HISTORY_WITH_EBAY_SUPPLEMENT"
"MTG:PRE_COLLECTOR_BOOSTER_BOX:MTG-CANON-TCGPLAYER-27305","Scourge - Booster Box","PRE_COLLECTOR_BOOSTER_BOX","HISTORICALLY_STRONG","82.92","31","30","1","TRUSTED_HISTORY_WITH_EBAY_SUPPLEMENT"
"MTG:SECRET_LAIR:SL-96BE56C157011C","Drop: Showcase: Zendikar Revisited - Traditional Foil Edition ? Foil Edition","SECRET_LAIR","HISTORICALLY_STRONG","82.64","31","30","1","TRUSTED_HISTORY_WITH_EBAY_SUPPLEMENT"
"MTG:COLLECTOR_BOOSTER_BOX:TCGCSV-24219-618893","FINAL FANTASY Collector Booster Display","COLLECTOR_BOOSTER_BOX","HISTORICALLY_STRONG","82.00","20","19","2","TRUSTED_HISTORY_WITH_EBAY_SUPPLEMENT"
"MTG:SECRET_LAIR:SL-DCDC09399C5D54","Drop: Just Some Totally Normal Guys - Traditional Foil Edition ? Foil Edition","SECRET_LAIR","HISTORICALLY_STRONG","81.83","31","30","1","TRUSTED_HISTORY_WITH_EBAY_SUPPLEMENT"
"MTG:SECRET_LAIR:SL-2D3CABC651E40A","Drop: City Styles 2: Dressed to Kill - Non-Foil Edition ? Nonfoil Edition","SECRET_LAIR","HISTORICALLY_STRONG","81.58","18","17","1","TRUSTED_HISTORY_WITH_EBAY_SUPPLEMENT"
"MTG:SECRET_LAIR:SL-E1E2903CCE3709","Drop: Featuring: Luke Pearson - Rainbow Foil Edition ? Foil Edition","SECRET_LAIR","HISTORICALLY_STRONG","80.57","18","17","1","TRUSTED_HISTORY_WITH_EBAY_SUPPLEMENT"
"MTG:SECRET_LAIR:SL-22454153307BC0","Drop: Paradise Frost - Rainbow Foil Edition ? Foil Edition","SECRET_LAIR","HISTORICALLY_STRONG","80.33","31","30","1","TRUSTED_HISTORY_WITH_EBAY_SUPPLEMENT"
"MTG:SECRET_LAIR:SL-97A19C3BC3A646","Drop: Crocodile Jackson's Monstrous Menagerie - Non-Foil Edition ? Nonfoil Edition","SECRET_LAIR","HISTORICALLY_STRONG","79.79","31","30","1","TRUSTED_HISTORY_WITH_EBAY_SUPPLEMENT"
"MTG:SECRET_LAIR:SL-5B6759715093DA","Drop: Valentine's Day 2021 - Traditional Foil Edition ? Foil Edition","SECRET_LAIR","HISTORICALLY_STRONG","79.44","31","30","1","TRUSTED_HISTORY_WITH_EBAY_SUPPLEMENT"
"MTG:SECRET_LAIR:SL-9A6EF28EECF2DC","Drop: Artist Series: Jesper Ejsing - Non-Foil Edition ? Nonfoil Edition","SECRET_LAIR","HISTORICALLY_STRONG","79.16","18","17","1","TRUSTED_HISTORY_WITH_EBAY_SUPPLEMENT"
"MTG:SECRET_LAIR:SL-3C8F74D9F8C33A","Drop: Artist Series: Rebecca Guay - Non-Foil Edition ? Nonfoil Edition","SECRET_LAIR","HISTORICALLY_STRONG","79.08","31","30","1","TRUSTED_HISTORY_WITH_EBAY_SUPPLEMENT"
"MTG:SECRET_LAIR:SL-FB1FECB0690176","Drop: Pixel Perfect: Extra Life 2024 - Rainbow Foil Edition ? Foil Edition","SECRET_LAIR","HISTORICALLY_STRONG","79.05","22","21","1","TRUSTED_HISTORY_WITH_EBAY_SUPPLEMENT"
"MTG:PRE_COLLECTOR_BOOSTER_BOX:MTG-CANON-TCGPLAYER-120965","Conspiracy: Take the Crown - Booster Box","PRE_COLLECTOR_BOOSTER_BOX","HISTORICALLY_STRONG","78.88","32","30","2","TRUSTED_HISTORY_WITH_EBAY_SUPPLEMENT"
"MTG:SECRET_LAIR:SL-4018B4444438E9","Drop: Happy Yargle Day! - Traditional Foil Edition ? Foil Edition","SECRET_LAIR","HISTORICALLY_STRONG","78.76","31","30","1","TRUSTED_HISTORY_WITH_EBAY_SUPPLEMENT"
"MTG:PRE_COLLECTOR_BOOSTER_BOX:MTG-CANON-TCGPLAYER-141989","Ixalan - Booster Box","PRE_COLLECTOR_BOOSTER_BOX","HISTORICALLY_STRONG","78.27","31","30","1","TRUSTED_HISTORY_WITH_EBAY_SUPPLEMENT"
"MTG:SECRET_LAIR:SL-7B48FB549C4A3E","Drop: The Space Beyond the Stars - Non-Foil Edition ? Nonfoil Edition","SECRET_LAIR","HISTORICALLY_STRONG","78.15","31","30","1","TRUSTED_HISTORY_WITH_EBAY_SUPPLEMENT"
"MTG:PRE_COLLECTOR_BOOSTER_BOX:MTG-CANON-TCGPLAYER-39109","Mirrodin Besieged - Booster Box","PRE_COLLECTOR_BOOSTER_BOX","HISTORICALLY_STRONG","78.13","31","30","1","TRUSTED_HISTORY_WITH_EBAY_SUPPLEMENT"
"MTG:SECRET_LAIR:SL-6913FBEDFDB80B","Drop: Dogs Are Better Than Cats - Non-Foil Edition ? Nonfoil Edition","SECRET_LAIR","HISTORICALLY_STRONG","78.00","17","16","1","TRUSTED_HISTORY_WITH_EBAY_SUPPLEMENT"
"MTG:SECRET_LAIR:SL-B762CD279E0001","Drop: Artist Series: Rebecca Guay - Traditional Foil Edition ? Foil Edition","SECRET_LAIR","HISTORICALLY_STRONG","76.91","31","30","1","TRUSTED_HISTORY_WITH_EBAY_SUPPLEMENT"
"MTG:SECRET_LAIR:SL-5A4A678A238B50","Drop: Artist Series: Kev Walker - Traditional Foil Edition ? Foil Edition","SECRET_LAIR","HISTORICALLY_STRONG","76.60","31","30","1","TRUSTED_HISTORY_WITH_EBAY_SUPPLEMENT"
"MTG:PRE_COLLECTOR_BOOSTER_BOX:MTG-CANON-TCGPLAYER-121527","Kaladesh - Booster Box","PRE_COLLECTOR_BOOSTER_BOX","HISTORICALLY_STRONG","76.39","31","30","1","TRUSTED_HISTORY_WITH_EBAY_SUPPLEMENT"
"MTG:SECRET_LAIR:SL-214ED723D3A771","Drop: Phyrexian Faves - Traditional Foil Edition ? Foil Edition","SECRET_LAIR","HISTORICALLY_STRONG","76.24","31","30","1","TRUSTED_HISTORY_WITH_EBAY_SUPPLEMENT"
"MTG:SECRET_LAIR:SL-D68D8EB45F05E9","Ponies: The Galloping 2: Extra Life 2023 - Non-Foil Edition ? Nonfoil Edition","SECRET_LAIR","HISTORICALLY_STABLE","75.91","30","29","1","TRUSTED_HISTORY_WITH_EBAY_SUPPLEMENT"
"MTG:SECRET_LAIR:SL-A8B0B83EFB86DE","Drop: KEXP: Where the Music Matters - Non-Foil Edition ? Nonfoil Edition","SECRET_LAIR","HISTORICALLY_STRONG","75.88","15","14","1","TRUSTED_HISTORY_WITH_EBAY_SUPPLEMENT"
"MTG:SECRET_LAIR:SL-BB4FA54DEBF880","Drop: Saturday Morning D&D - Non-Foil Edition ? Nonfoil Edition","SECRET_LAIR","HISTORICALLY_STRONG","75.66","31","30","1","TRUSTED_HISTORY_WITH_EBAY_SUPPLEMENT"
"MTG:SECRET_LAIR:SL-C59DE249DE7287","Drop: Crocodile Jackson's Monstrous Menagerie - Foil Etched Edition ? Foil Edition","SECRET_LAIR","HISTORICALLY_STRONG","75.43","31","30","1","TRUSTED_HISTORY_WITH_EBAY_SUPPLEMENT"
"MTG:SECRET_LAIR:SL-B92B03D94C10E9","Drop: KEXP: You Are Not Alone - Rainbow Foil Edition ? Foil Edition","SECRET_LAIR","HISTORICALLY_STRONG","75.24","15","14","1","TRUSTED_HISTORY_WITH_EBAY_SUPPLEMENT"
"MTG:PRE_COLLECTOR_BOOSTER_BOX:MTG-CANON-TCGPLAYER-166536","Battlebond - Booster Box","PRE_COLLECTOR_BOOSTER_BOX","HISTORICALLY_STRONG","74.46","32","30","2","TRUSTED_HISTORY_WITH_EBAY_SUPPLEMENT"
"MTG:SECRET_LAIR:SL-FC44F373482E68","Drop: Secret Lair x Marvel's Iron Man - Rainbow Foil Edition ? Foil Edition","SECRET_LAIR","HISTORICALLY_STRONG","74.40","21","20","1","TRUSTED_HISTORY_WITH_EBAY_SUPPLEMENT"
"MTG:SECRET_LAIR:SL-10F7835581923D","Drop: Phyrexian Praetors: Compleat Edition - Non-Foil Edition ? Nonfoil Edition","SECRET_LAIR","HISTORICALLY_STRONG","73.94","31","30","1","TRUSTED_HISTORY_WITH_EBAY_SUPPLEMENT"
"MTG:SECRET_LAIR:SL-9A70751B3B58BD","Drop: Special Guest: Fiona Staples - Traditional Foil Edition ? Foil Edition","SECRET_LAIR","HISTORICALLY_STRONG","73.75","31","30","1","TRUSTED_HISTORY_WITH_EBAY_SUPPLEMENT"
"MTG:SECRET_LAIR:SL-9962EA8B669B4F","Drop: Absolute Annihilation - Traditional Foil Edition ? Foil Edition","SECRET_LAIR","HISTORICALLY_STRONG","73.71","31","30","1","TRUSTED_HISTORY_WITH_EBAY_SUPPLEMENT"
"MTG:SECRET_LAIR:SL-15F0BDC0F7B590","Drop: Special Guest: Matt Jukes - Non-Foil Edition ? Nonfoil Edition","SECRET_LAIR","HISTORICALLY_STRONG","73.56","31","30","1","TRUSTED_HISTORY_WITH_EBAY_SUPPLEMENT"
"MTG:SECRET_LAIR:SL-FDA8FA789BE3A1","Drop: Secret Lair x Fortnite: Landmarks and Locations - Non-Foil Edition ? Nonfoil Edition","SECRET_LAIR","HISTORICALLY_STABLE","73.46","31","30","1","TRUSTED_HISTORY_WITH_EBAY_SUPPLEMENT"
"MTG:COLLECTOR_BOOSTER_BOX:TCGCSV-23874-604253","Aetherdrift Collector Booster Display","COLLECTOR_BOOSTER_BOX","HISTORICALLY_STRONG","73.40","22","21","2","TRUSTED_HISTORY_WITH_EBAY_SUPPLEMENT"
"MTG:SECRET_LAIR:SL-DD25AF4AC936E2","Drop: Artist Series: John Avon - Traditional Foil Edition ? Foil Edition","SECRET_LAIR","HISTORICALLY_STABLE","73.20","31","30","1","TRUSTED_HISTORY_WITH_EBAY_SUPPLEMENT"
"MTG:SECRET_LAIR:SL-15ADFCF5094915","Drop: Secret Lair x Marvel's Captain America - Rainbow Foil Edition ? Foil Edition","SECRET_LAIR","HISTORICALLY_STRONG","72.33","21","20","1","TRUSTED_HISTORY_WITH_EBAY_SUPPLEMENT"
"MTG:PRE_COLLECTOR_BOOSTER_BOX:MTG-CANON-TCGPLAYER-102715","Battle for Zendikar - Booster Box","PRE_COLLECTOR_BOOSTER_BOX","HISTORICALLY_STRONG","71.44","32","30","2","TRUSTED_HISTORY_WITH_EBAY_SUPPLEMENT"
"MTG:SECRET_LAIR:SL-12C2591B92C35D","Drop: Showcase: Kaldheim - Part 1 - Non-Foil Edition ? Nonfoil Edition","SECRET_LAIR","HISTORICALLY_STRONG","70.76","31","30","1","TRUSTED_HISTORY_WITH_EBAY_SUPPLEMENT"
"MTG:SECRET_LAIR:SL-B08949D7A3AFE1","x FINAL FANTASY: Grimoire - Rainbow Foil Edition ? Foil Edition","SECRET_LAIR","HISTORICALLY_STRONG","70.02","14","13","1","TRUSTED_HISTORY_WITH_EBAY_SUPPLEMENT"
"MTG:PRE_COLLECTOR_BOOSTER_BOX:MTG-CANON-TCGPLAYER-127174","Amonkhet - Booster Box","PRE_COLLECTOR_BOOSTER_BOX","HISTORICALLY_STABLE","69.63","32","30","2","TRUSTED_HISTORY_WITH_EBAY_SUPPLEMENT"
"MTG:SECRET_LAIR:SL-2569BCFE16FD2C","Drop: Every Dog Has Its Day - Traditional Foil Edition ? Foil Edition","SECRET_LAIR","HISTORICALLY_STABLE","68.98","31","30","1","TRUSTED_HISTORY_WITH_EBAY_SUPPLEMENT"
"MTG:SECRET_LAIR:SL-23598BE2582FF4","Drop: Saturday Morning D&D - Traditional Foil Edition ? Foil Edition","SECRET_LAIR","HISTORICALLY_STABLE","68.90","31","30","1","TRUSTED_HISTORY_WITH_EBAY_SUPPLEMENT"
"MTG:PRE_COLLECTOR_BOOSTER_BOX:MTG-CANON-TCGPLAYER-58058","Avacyn Restored - Booster Box","PRE_COLLECTOR_BOOSTER_BOX","HISTORICALLY_STABLE","66.21","32","30","2","TRUSTED_HISTORY_WITH_EBAY_SUPPLEMENT"
"MTG:SECRET_LAIR:SL-F638B39456864F","Drop: Black is Magic - Non-Foil Edition ? Nonfoil Edition","SECRET_LAIR","HISTORICALLY_STABLE","66.11","31","30","1","TRUSTED_HISTORY_WITH_EBAY_SUPPLEMENT"
"MTG:COLLECTOR_BOOSTER_BOX:TCGCSV-23319-517708","Ravnica Remastered Collector Booster Display","COLLECTOR_BOOSTER_BOX","HISTORICALLY_STABLE","65.77","32","32","1","TRUSTED_HISTORY_WITH_EBAY_SUPPLEMENT"
"MTG:SECRET_LAIR:SL-EF03D947F97187","x Furby: The Oddbodies - Rainbow Foil Edition ? Foil Edition","SECRET_LAIR","HISTORICALLY_STABLE","65.00","10","9","1","TRUSTED_HISTORY_WITH_EBAY_SUPPLEMENT"
"MTG:PRE_COLLECTOR_BOOSTER_BOX:MTG-CANON-TCGPLAYER-27259","8th Edition - Booster Box","PRE_COLLECTOR_BOOSTER_BOX","HISTORICALLY_STABLE","64.77","32","30","2","TRUSTED_HISTORY_WITH_EBAY_SUPPLEMENT"
"MTG:SECRET_LAIR:SL-D8B6168FF7A7AD","Drop: Arcade Racers - Rainbow Foil Edition ? Foil Edition","SECRET_LAIR","HISTORICALLY_STABLE","64.28","18","17","1","TRUSTED_HISTORY_WITH_EBAY_SUPPLEMENT"
"MTG:COLLECTOR_BOOSTER_BOX:TCGCSV-23848-594681","Innistrad Remastered Collector Booster Display","COLLECTOR_BOOSTER_BOX","HISTORICALLY_STABLE","63.77","23","22","2","TRUSTED_HISTORY_WITH_EBAY_SUPPLEMENT"
"MTG:SECRET_LAIR:SL-7B02CD15018C5D","Drop: Artist Series: Nils Hamm - Traditional Foil Edition ? Foil Edition","SECRET_LAIR","HISTORICALLY_STABLE","63.36","31","30","1","TRUSTED_HISTORY_WITH_EBAY_SUPPLEMENT"
"MTG:SECRET_LAIR:SL-750655931E6F97","Drop: Secret Lair x Dungeons & Dragons: Honor Among Thieves - Traditional Foil Edition ? Foil Edition","SECRET_LAIR","HISTORICALLY_STABLE","60.89","31","30","1","TRUSTED_HISTORY_WITH_EBAY_SUPPLEMENT"
"MTG:SECRET_LAIR:SL-D2FCABD86AD689","Drop: Time Trouble Two - Traditional Foil Edition ? Foil Edition","SECRET_LAIR","HISTORICALLY_STABLE","60.48","31","30","1","TRUSTED_HISTORY_WITH_EBAY_SUPPLEMENT"
"MTG:SECRET_LAIR:SL-BF588F593E480E","Drop: Secret Lair x Marvel's Storm - Non-Foil Edition ? Nonfoil Edition","SECRET_LAIR","HISTORICALLY_STABLE","58.95","21","20","1","TRUSTED_HISTORY_WITH_EBAY_SUPPLEMENT"
"MTG:SECRET_LAIR:SL-26B06B683BCA6B","Drop: Secret Lair x Doctor Who: The Dalek Lands - Non-Foil Edition ? Nonfoil Edition","SECRET_LAIR","HISTORICALLY_STABLE","57.47","31","30","1","TRUSTED_HISTORY_WITH_EBAY_SUPPLEMENT"
"MTG:SECRET_LAIR:SL-95F8B6ADF74AF6","Drop: The Unfathomable Crushing Brutality of Basic Lands - Traditional Foil Edition ? Foil Edition","SECRET_LAIR","HISTORICALLY_STABLE","56.97","31","30","1","TRUSTED_HISTORY_WITH_EBAY_SUPPLEMENT"
"MTG:SECRET_LAIR:SL-6F9B1732BC4226","Drop: KEXP: You Are Not Alone - Non-Foil Edition ? Nonfoil Edition","SECRET_LAIR","HISTORICALLY_STABLE","56.07","15","14","1","TRUSTED_HISTORY_WITH_EBAY_SUPPLEMENT"
