canonical_product_id,canonical_product_name,product_class,admission_tier,quality_disposition,history_class,observation_count,first_observation_date,latest_observation_date,history_span_days,latest_price_usd,first_price_usd,historical_total_return_pct,historical_lifetime_cagr_pct,historical_return_365d_pct,historical_return_3y_pct,historical_realized_3y_cagr_pct,annualized_monthly_volatility_pct,maximum_historical_drawdown_pct,price_age_days,freshness_state,historical_strength_score,historical_purchase_state,direct_history_observation_count,history_verification_status,governed_forecast_eligible,governed_recommendation_eligible,analysis_is_forecast,analysis_basis,trusted_dates,source_state,ranking_exclusion_reasons,cagr_class_percentile,recent_return_class_percentile,volatility_class_percentile,drawdown_class_percentile,history_depth_class_percentile,calibrated_score,calibrated_tier,preliminary_maximum_entry_price_usd,latest_ebay_date,ebay_reference_price_usd,ebay_minimum_price_usd,ebay_maximum_price_usd,ebay_raw_observation_count,ebay_vs_trusted_value_pct,listing_value_relation,preliminary_entry_state,ranking_basis,ranking_is_forecast,class_rank
MTG:COLLECTOR_BOOSTER_BOX:TCGCSV-3047-267023,Commander Legends: Battle for Baldur's Gate Collector Booster Display,COLLECTOR_BOOSTER_BOX,PROVISIONAL_MODEL,EVALUATED,LONG_HISTORY,31,2024-02-08,2026-07-11,884,581.65,153.08,279.96,73.60,104.92,,,19.56,-2.65,19,FRESH,95.00,HISTORICALLY_STRONG,,HISTORY_30_PLUS_DATES,false,false,false,REALIZED_CONSOLIDATED_HISTORICAL_PRICE_PERFORMANCE,32,TRUSTED_HISTORY_WITH_EBAY_SUPPLEMENT,,73.75,81.25,71.25,96.25,65.00,78.38,B,494.40,2026-07-27,574.98,175.00,999.99,6,-1.15,LISTING_NEAR_TRUSTED_VALUE,CURRENT_LISTING_ABOVE_ENTRY_LIMIT,WITHIN_CLASS_HISTORICAL_PERCENTILE_MODEL,false,1
MTG:COLLECTOR_BOOSTER_BOX:TCGCSV-2773-233232,Strixhaven: School of Mages Collector Booster Display,COLLECTOR_BOOSTER_BOX,FULL_MODEL,EVALUATED,LONG_HISTORY,31,2024-02-08,2026-07-11,884,622.76,200.08,211.26,59.86,85.10,,,15.78,-1.66,19,FRESH,100.00,HISTORICALLY_STRONG,,HISTORY_30_PLUS_DATES,false,false,false,REALIZED_CONSOLIDATED_HISTORICAL_PRICE_PERFORMANCE,32,TRUSTED_HISTORY_WITH_EBAY_SUPPLEMENT,,63.75,68.75,81.25,98.75,65.00,75.38,B,529.35,2026-07-22,604.00,170.99,899.99,34,-3.01,LISTING_NEAR_TRUSTED_VALUE,CURRENT_LISTING_ABOVE_ENTRY_LIMIT,WITHIN_CLASS_HISTORICAL_PERCENTILE_MODEL,false,2
MTG:COLLECTOR_BOOSTER_BOX:TCGCSV-3157-282224,The Brothers' War Collector Booster Display,COLLECTOR_BOOSTER_BOX,FULL_MODEL,EVALUATED,LONG_HISTORY,31,2024-02-08,2026-07-11,884,695.22,175.31,296.57,76.69,147.92,,,26.35,-3.15,19,FRESH,100.00,HISTORICALLY_STRONG,,HISTORY_30_PLUS_DATES,false,false,false,REALIZED_CONSOLIDATED_HISTORICAL_PRICE_PERFORMANCE,32,TRUSTED_HISTORY_WITH_EBAY_SUPPLEMENT,,78.75,93.75,33.75,93.75,65.00,74.38,B,590.94,2026-07-22,467.50,54.99,1499.99,36,-32.76,LISTING_BELOW_TRUSTED_VALUE,CURRENT_LISTING_WITHIN_ENTRY_LIMIT,WITHIN_CLASS_HISTORICAL_PERCENTILE_MODEL,false,3
MTG:COLLECTOR_BOOSTER_BOX:TCGCSV-24233-619672,Edge of Eternities Collector Booster Display,COLLECTOR_BOOSTER_BOX,FULL_MODEL,EVALUATED,MEDIUM_HISTORY,18,2025-03-01,2026-07-11,497,622.38,262.07,137.49,88.83,88.49,,,19.78,-4.81,19,FRESH,98.00,HISTORICALLY_STRONG,,HISTORY_2_TO_29_DATES,false,false,false,REALIZED_CONSOLIDATED_HISTORICAL_PRICE_PERFORMANCE,19,TRUSTED_HISTORY_WITH_EBAY_SUPPLEMENT,,88.75,76.25,68.75,81.25,3.75,72.25,B,529.02,2026-07-27,725.00,89.99,1424.97,5,16.49,LISTING_MODERATELY_ABOVE_VALUE,CURRENT_LISTING_ABOVE_ENTRY_LIMIT,WITHIN_CLASS_HISTORICAL_PERCENTILE_MODEL,false,4
MTG:COLLECTOR_BOOSTER_BOX:TCGCSV-22875-475584,March of the Machine Collector Booster Display,COLLECTOR_BOOSTER_BOX,FULL_MODEL,EVALUATED,LONG_HISTORY,31,2024-02-08,2026-07-11,884,769.25,201.16,282.41,74.06,154.21,,,24.80,-7.42,19,FRESH,100.00,HISTORICALLY_STRONG,,HISTORY_30_PLUS_DATES,false,false,false,REALIZED_CONSOLIDATED_HISTORICAL_PRICE_PERFORMANCE,32,TRUSTED_HISTORY_WITH_EBAY_SUPPLEMENT,,76.25,96.25,38.75,71.25,65.00,70.62,B,653.86,2026-07-27,329.00,14.99,925.00,5,-57.23,LISTING_BELOW_TRUSTED_VALUE,CURRENT_LISTING_WITHIN_ENTRY_LIMIT,WITHIN_CLASS_HISTORICAL_PERCENTILE_MODEL,false,5
MTG:COLLECTOR_BOOSTER_BOX:TCGCSV-23019-484912,Universes Beyond: The Lord of the Rings: Tales of Middle-earth Collector Booster Display,COLLECTOR_BOOSTER_BOX,PROVISIONAL_MODEL,EVALUATED,LONG_HISTORY,31,2024-02-08,2026-07-11,884,1975.23,411.96,379.47,91.11,118.75,,,27.80,-10.10,19,FRESH,90.00,HISTORICALLY_STRONG,,HISTORY_30_PLUS_DATES,false,false,false,REALIZED_CONSOLIDATED_HISTORICAL_PRICE_PERFORMANCE,32,TRUSTED_HISTORY_WITH_EBAY_SUPPLEMENT,,93.75,88.75,31.25,58.75,65.00,70.38,B,1678.95,2026-07-22,2225.00,75.00,20000.00,38,12.65,LISTING_MODERATELY_ABOVE_VALUE,CURRENT_LISTING_ABOVE_ENTRY_LIMIT,WITHIN_CLASS_HISTORICAL_PERCENTILE_MODEL,false,6
MTG:COLLECTOR_BOOSTER_BOX:TCGCSV-23312-516614,The Lost Caverns of Ixalan Collector Booster Display,COLLECTOR_BOOSTER_BOX,PROVISIONAL_MODEL,EVALUATED,LONG_HISTORY,31,2024-02-08,2026-07-11,884,929.16,251.19,269.90,71.68,123.56,,,21.65,-9.60,19,FRESH,90.00,HISTORICALLY_STRONG,,HISTORY_30_PLUS_DATES,false,false,false,REALIZED_CONSOLIDATED_HISTORICAL_PRICE_PERFORMANCE,32,TRUSTED_HISTORY_WITH_EBAY_SUPPLEMENT,,71.25,91.25,56.25,61.25,65.00,69.62,B,789.79,2026-07-22,240.00,6.99,1399.99,40,-74.17,LISTING_BELOW_TRUSTED_VALUE,CURRENT_LISTING_WITHIN_ENTRY_LIMIT,WITHIN_CLASS_HISTORICAL_PERCENTILE_MODEL,false,7
MTG:COLLECTOR_BOOSTER_BOX:TCGCSV-17670-449559,Dominaria Remastered Collector Booster Display,COLLECTOR_BOOSTER_BOX,FULL_MODEL,EVALUATED,LONG_HISTORY,31,2024-02-08,2026-07-11,884,497.36,168.51,195.15,56.39,86.94,,,18.93,-4.78,19,FRESH,100.00,HISTORICALLY_STRONG,,HISTORY_30_PLUS_DATES,false,false,false,REALIZED_CONSOLIDATED_HISTORICAL_PRICE_PERFORMANCE,32,TRUSTED_HISTORY_WITH_EBAY_SUPPLEMENT,,53.75,71.25,73.75,83.75,65.00,68.38,B,422.76,2026-07-27,562.50,399.99,999.99,6,13.10,LISTING_MODERATELY_ABOVE_VALUE,CURRENT_LISTING_ABOVE_ENTRY_LIMIT,WITHIN_CLASS_HISTORICAL_PERCENTILE_MODEL,false,8
MTG:COLLECTOR_BOOSTER_BOX:TCGCSV-23165-496076,Universes Beyond: Doctor Who Collector Booster Display,COLLECTOR_BOOSTER_BOX,PROVISIONAL_MODEL,EVALUATED,LONG_HISTORY,31,2024-02-08,2026-07-11,884,626.48,211.95,195.58,56.48,88.64,,,20.46,-9.47,19,FRESH,90.00,HISTORICALLY_STRONG,,HISTORY_30_PLUS_DATES,false,false,false,REALIZED_CONSOLIDATED_HISTORICAL_PRICE_PERFORMANCE,32,TRUSTED_HISTORY_WITH_EBAY_SUPPLEMENT,,56.25,78.75,63.75,63.75,65.00,64.62,C,501.18,2026-07-22,460.00,9.50,1188.99,40,-26.57,LISTING_BELOW_TRUSTED_VALUE,CURRENT_LISTING_WITHIN_ENTRY_LIMIT,WITHIN_CLASS_HISTORICAL_PERCENTILE_MODEL,false,9
MTG:COLLECTOR_BOOSTER_BOX:TCGCSV-2603-208279,Ikoria: Lair of Behemoths Collector Booster Display,COLLECTOR_BOOSTER_BOX,PROVISIONAL_MODEL,EVALUATED,LONG_HISTORY,31,2024-02-08,2026-07-11,884,561.43,270.45,107.59,35.23,57.87,,,11.08,-3.33,19,FRESH,95.00,HISTORICALLY_STRONG,,HISTORY_30_PLUS_DATES,false,false,false,REALIZED_CONSOLIDATED_HISTORICAL_PRICE_PERFORMANCE,32,TRUSTED_HISTORY_WITH_EBAY_SUPPLEMENT,,31.25,41.25,98.75,91.25,65.00,62.12,C,449.14,2026-07-27,411.71,99.89,599.00,6,-26.67,LISTING_BELOW_TRUSTED_VALUE,CURRENT_LISTING_WITHIN_ENTRY_LIMIT,WITHIN_CLASS_HISTORICAL_PERCENTILE_MODEL,false,10
MTG:COLLECTOR_BOOSTER_BOX:TCGCSV-2750-228249,Kaldheim Collector Booster Display,COLLECTOR_BOOSTER_BOX,FULL_MODEL,EVALUATED,LONG_HISTORY,31,2024-02-08,2026-07-11,884,313.14,137.66,127.47,40.44,56.66,,,13.79,-3.39,19,FRESH,100.00,HISTORICALLY_STRONG,,HISTORY_30_PLUS_DATES,false,false,false,REALIZED_CONSOLIDATED_HISTORICAL_PRICE_PERFORMANCE,32,TRUSTED_HISTORY_WITH_EBAY_SUPPLEMENT,,41.25,38.75,88.75,88.75,65.00,62.12,C,250.51,2026-07-27,349.99,50.00,369.00,5,11.77,LISTING_MODERATELY_ABOVE_VALUE,CURRENT_LISTING_ABOVE_ENTRY_LIMIT,WITHIN_CLASS_HISTORICAL_PERCENTILE_MODEL,false,11
MTG:COLLECTOR_BOOSTER_BOX:TCGCSV-23019-515906,The Lord of the Rings: Tales of Middle-earth - Special Edition Collector Booster Display,COLLECTOR_BOOSTER_BOX,PROVISIONAL_MODEL,EVALUATED,LONG_HISTORY,30,2024-02-08,2026-07-01,874,5357.43,320.58,1571.17,224.42,201.21,,,62.87,-14.77,29,FRESH,85.00,HISTORICALLY_STRONG,,HISTORY_30_PLUS_DATES,false,false,false,REALIZED_CONSOLIDATED_HISTORICAL_PRICE_PERFORMANCE,31,TRUSTED_HISTORY_WITH_EBAY_SUPPLEMENT,,98.75,98.75,3.75,33.75,23.75,59.25,C,4285.94,2026-07-22,2225.00,27.99,20000.00,38,-58.47,LISTING_BELOW_TRUSTED_VALUE,CURRENT_LISTING_WITHIN_ENTRY_LIMIT,WITHIN_CLASS_HISTORICAL_PERCENTILE_MODEL,false,12
MTG:COLLECTOR_BOOSTER_BOX:TCGCSV-2965-257563,Kamigawa: Neon Dynasty Collector Booster Display,COLLECTOR_BOOSTER_BOX,FULL_MODEL,EVALUATED,LONG_HISTORY,31,2024-02-08,2026-07-11,884,497.04,199.92,148.62,45.69,75.20,,,20.86,-8.92,19,FRESH,100.00,HISTORICALLY_STRONG,,HISTORY_30_PLUS_DATES,false,false,false,REALIZED_CONSOLIDATED_HISTORICAL_PRICE_PERFORMANCE,32,TRUSTED_HISTORY_WITH_EBAY_SUPPLEMENT,,43.75,61.25,58.75,66.25,65.00,56.88,C,397.63,2026-07-27,394.99,76.99,600.00,5,-20.53,LISTING_BELOW_TRUSTED_VALUE,CURRENT_LISTING_WITHIN_ENTRY_LIMIT,WITHIN_CLASS_HISTORICAL_PERCENTILE_MODEL,false,13
MTG:COLLECTOR_BOOSTER_BOX:TCGCSV-22876-489207,March of the Machine: The Aftermath Collector Booster Display,COLLECTOR_BOOSTER_BOX,FULL_MODEL,EVALUATED,LONG_HISTORY,31,2024-02-08,2026-07-11,884,227.18,78.88,188.01,54.82,84.38,,,21.92,-12.29,19,FRESH,100.00,HISTORICALLY_STRONG,,HISTORY_30_PLUS_DATES,false,false,false,REALIZED_CONSOLIDATED_HISTORICAL_PRICE_PERFORMANCE,32,TRUSTED_HISTORY_WITH_EBAY_SUPPLEMENT,,51.25,66.25,53.75,48.75,65.00,55.62,C,181.74,2026-07-27,155.00,99.97,750.00,5,-31.77,LISTING_BELOW_TRUSTED_VALUE,CURRENT_LISTING_WITHIN_ENTRY_LIMIT,WITHIN_CLASS_HISTORICAL_PERCENTILE_MODEL,false,14
MTG:COLLECTOR_BOOSTER_BOX:TCGCSV-3026-264767,Streets of New Capenna Collector Booster Display,COLLECTOR_BOOSTER_BOX,FULL_MODEL,EVALUATED,LONG_HISTORY,31,2024-02-08,2026-07-11,884,247.41,113.92,117.18,37.77,46.75,,,12.67,-4.96,19,FRESH,100.00,HISTORICALLY_STRONG,,HISTORY_30_PLUS_DATES,false,false,false,REALIZED_CONSOLIDATED_HISTORICAL_PRICE_PERFORMANCE,32,TRUSTED_HISTORY_WITH_EBAY_SUPPLEMENT,,36.25,16.25,91.25,77.50,65.00,54.38,C,197.93,2026-07-22,285.00,24.98,750.00,38,15.19,LISTING_MODERATELY_ABOVE_VALUE,CURRENT_LISTING_ABOVE_ENTRY_LIMIT,WITHIN_CLASS_HISTORICAL_PERCENTILE_MODEL,false,15
MTG:PRE_COLLECTOR_BOOSTER_BOX:MTG-CANON-TCGPLAYER-157857,Masters 25 - Booster Box,PRE_COLLECTOR_BOOSTER_BOX,FULL_MODEL,FORECAST_READY,LONG_HISTORY,30,2024-02-08,2026-07-01,874,300.66,176.82,70.04,24.84,59.81,,,10.18,-3.40,29,FRESH,100.00,HISTORICALLY_STRONG,,HISTORY_30_PLUS_DATES,true,true,false,REALIZED_CONSOLIDATED_HISTORICAL_PRICE_PERFORMANCE,30,TRUSTED_HISTORY_WITH_EBAY_SUPPLEMENT,,77.88,81.73,85.58,95.19,50.96,80.96,A,270.59,2026-07-23,315.00,20.00,731.24,19,4.77,LISTING_NEAR_TRUSTED_VALUE,CURRENT_LISTING_ABOVE_ENTRY_LIMIT,WITHIN_CLASS_HISTORICAL_PERCENTILE_MODEL,false,1
MTG:PRE_COLLECTOR_BOOSTER_BOX:MTG-CANON-TCGPLAYER-69243,Magic 2014 (M14) - Booster Box,PRE_COLLECTOR_BOOSTER_BOX,PROVISIONAL_MODEL,PROVISIONAL_GUARDED,LONG_HISTORY,30,2024-02-08,2026-07-01,874,315.41,149.64,110.78,36.56,78.69,,,16.73,-3.89,29,FRESH,95.00,HISTORICALLY_STRONG,,HISTORY_30_PLUS_DATES,true,false,false,REALIZED_CONSOLIDATED_HISTORICAL_PRICE_PERFORMANCE,30,TRUSTED_HISTORY_WITH_EBAY_SUPPLEMENT,,99.04,91.35,25.96,91.35,50.96,76.54,B,268.10,2026-07-23,254.95,7.99,999.98,19,-19.17,LISTING_BELOW_TRUSTED_VALUE,CURRENT_LISTING_WITHIN_ENTRY_LIMIT,WITHIN_CLASS_HISTORICAL_PERCENTILE_MODEL,false,2
MTG:PRE_COLLECTOR_BOOSTER_BOX:MTG-CANON-TCGPLAYER-59120,Magic 2013 (M13) - Booster Box,PRE_COLLECTOR_BOOSTER_BOX,PROVISIONAL_MODEL,PROVISIONAL_GUARDED,LONG_HISTORY,30,2024-02-08,2026-07-01,874,299.36,159.20,88.04,30.20,74.51,,,12.64,-6.57,29,FRESH,93.80,HISTORICALLY_STRONG,,HISTORY_30_PLUS_DATES,true,false,false,REALIZED_CONSOLIDATED_HISTORICAL_PRICE_PERFORMANCE,30,TRUSTED_HISTORY_WITH_EBAY_SUPPLEMENT,,89.42,89.42,50.96,81.73,50.96,76.35,B,254.46,2026-07-23,300.00,24.32,749.99,17,0.21,LISTING_NEAR_TRUSTED_VALUE,CURRENT_LISTING_ABOVE_ENTRY_LIMIT,WITHIN_CLASS_HISTORICAL_PERCENTILE_MODEL,false,3
MTG:PRE_COLLECTOR_BOOSTER_BOX:MTG-CANON-TCGPLAYER-131456,Hour of Devastation - Booster Box,PRE_COLLECTOR_BOOSTER_BOX,FULL_MODEL,FORECAST_READY,LONG_HISTORY,30,2024-02-08,2026-07-01,874,289.12,153.95,87.80,30.13,54.85,,,13.41,-5.80,29,FRESH,100.00,HISTORICALLY_STRONG,,HISTORY_30_PLUS_DATES,true,true,false,REALIZED_CONSOLIDATED_HISTORICAL_PRICE_PERFORMANCE,30,TRUSTED_HISTORY_WITH_EBAY_SUPPLEMENT,,87.50,75.96,39.42,85.58,50.96,71.54,B,245.75,2026-07-22,269.00,8.00,417.99,19,-6.96,LISTING_NEAR_TRUSTED_VALUE,CURRENT_LISTING_ABOVE_ENTRY_LIMIT,WITHIN_CLASS_HISTORICAL_PERCENTILE_MODEL,false,4
MTG:PRE_COLLECTOR_BOOSTER_BOX:MTG-CANON-TCGPLAYER-166550,Core Set 2019 - Booster Box,PRE_COLLECTOR_BOOSTER_BOX,FULL_MODEL,FORECAST_READY,LONG_HISTORY,30,2024-02-08,2026-07-01,874,199.73,105.31,89.66,30.67,69.29,,,12.84,-9.86,29,FRESH,100.00,HISTORICALLY_STRONG,,HISTORY_30_PLUS_DATES,true,true,false,REALIZED_CONSOLIDATED_HISTORICAL_PRICE_PERFORMANCE,30,TRUSTED_HISTORY_WITH_EBAY_SUPPLEMENT,,91.35,87.50,49.04,56.73,50.96,71.15,B,169.77,2026-07-22,194.50,4.99,267.99,18,-2.62,LISTING_NEAR_TRUSTED_VALUE,CURRENT_LISTING_ABOVE_ENTRY_LIMIT,WITHIN_CLASS_HISTORICAL_PERCENTILE_MODEL,false,5
MTG:PRE_COLLECTOR_BOOSTER_BOX:MTG-CANON-TCGPLAYER-145235,Iconic Masters - Booster Box,PRE_COLLECTOR_BOOSTER_BOX,FULL_MODEL,FORECAST_READY,LONG_HISTORY,30,2024-02-08,2026-07-01,874,321.87,191.60,67.99,24.21,60.65,,,11.74,-8.42,29,FRESH,100.00,HISTORICALLY_STRONG,,HISTORY_30_PLUS_DATES,true,true,false,REALIZED_CONSOLIDATED_HISTORICAL_PRICE_PERFORMANCE,30,TRUSTED_HISTORY_WITH_EBAY_SUPPLEMENT,,75.96,85.58,66.35,64.42,50.96,71.15,B,273.59,2026-07-22,319.82,14.50,384.76,17,-0.64,LISTING_NEAR_TRUSTED_VALUE,CURRENT_LISTING_ABOVE_ENTRY_LIMIT,WITHIN_CLASS_HISTORICAL_PERCENTILE_MODEL,false,6
MTG:PRE_COLLECTOR_BOOSTER_BOX:MTG-CANON-TCGPLAYER-77321,Born of the Gods - Booster Box,PRE_COLLECTOR_BOOSTER_BOX,FULL_MODEL,FORECAST_READY,LONG_HISTORY,30,2024-02-08,2026-07-01,874,216.92,123.44,75.73,26.57,36.37,,,13.18,-6.74,29,FRESH,100.00,HISTORICALLY_STRONG,,HISTORY_30_PLUS_DATES,true,true,false,REALIZED_CONSOLIDATED_HISTORICAL_PRICE_PERFORMANCE,30,TRUSTED_HISTORY_WITH_EBAY_SUPPLEMENT,,81.73,58.65,47.12,79.81,50.96,66.73,B,184.38,2026-07-23,209.99,69.99,324.95,17,-3.19,LISTING_NEAR_TRUSTED_VALUE,CURRENT_LISTING_ABOVE_ENTRY_LIMIT,WITHIN_CLASS_HISTORICAL_PERCENTILE_MODEL,false,7
MTG:PRE_COLLECTOR_BOOSTER_BOX:MTG-CANON-TCGPLAYER-57584,Dark Ascension - Booster Box,PRE_COLLECTOR_BOOSTER_BOX,FULL_MODEL,FORECAST_READY,LONG_HISTORY,30,2024-02-08,2026-07-01,874,221.35,144.64,53.04,19.46,25.68,,,9.08,-3.20,29,FRESH,92.60,HISTORICALLY_STRONG,,HISTORY_30_PLUS_DATES,true,true,false,REALIZED_CONSOLIDATED_HISTORICAL_PRICE_PERFORMANCE,30,TRUSTED_HISTORY_WITH_EBAY_SUPPLEMENT,,52.88,39.42,89.42,97.12,50.96,66.15,B,188.15,2026-07-22,128.00,7.49,499.99,18,-42.17,LISTING_BELOW_TRUSTED_VALUE,CURRENT_LISTING_WITHIN_ENTRY_LIMIT,WITHIN_CLASS_HISTORICAL_PERCENTILE_MODEL,false,8
MTG:PRE_COLLECTOR_BOOSTER_BOX:MTG-CANON-TCGPLAYER-70960,Theros - Booster Box,PRE_COLLECTOR_BOOSTER_BOX,FULL_MODEL,FORECAST_READY,LONG_HISTORY,30,2024-02-08,2026-07-01,874,287.25,142.16,102.06,34.17,60.22,,,18.86,-9.78,29,FRESH,100.00,HISTORICALLY_STRONG,,HISTORY_30_PLUS_DATES,true,true,false,REALIZED_CONSOLIDATED_HISTORICAL_PRICE_PERFORMANCE,30,TRUSTED_HISTORY_WITH_EBAY_SUPPLEMENT,,97.12,83.65,16.35,58.65,50.96,65.96,B,244.16,2026-07-23,283.95,8.99,450.01,19,-1.15,LISTING_NEAR_TRUSTED_VALUE,CURRENT_LISTING_ABOVE_ENTRY_LIMIT,WITHIN_CLASS_HISTORICAL_PERCENTILE_MODEL,false,9
MTG:PRE_COLLECTOR_BOOSTER_BOX:MTG-CANON-TCGPLAYER-188210,Core Set 2020 - Booster Box,PRE_COLLECTOR_BOOSTER_BOX,FULL_MODEL,FORECAST_READY,LONG_HISTORY,30,2024-02-08,2026-07-01,874,150.72,98.99,52.26,19.21,35.39,,,10.37,-6.80,29,FRESH,94.43,HISTORICALLY_STRONG,,HISTORY_30_PLUS_DATES,true,true,false,REALIZED_CONSOLIDATED_HISTORICAL_PRICE_PERFORMANCE,30,TRUSTED_HISTORY_WITH_EBAY_SUPPLEMENT,,50.96,56.73,81.73,77.88,50.96,63.65,C,120.58,2026-07-22,163.88,10.00,1050.00,20,8.73,LISTING_NEAR_TRUSTED_VALUE,CURRENT_LISTING_ABOVE_ENTRY_LIMIT,WITHIN_CLASS_HISTORICAL_PERCENTILE_MODEL,false,10
MTG:PRE_COLLECTOR_BOOSTER_BOX:MTG-CANON-TCGPLAYER-27283,Ice Age - Booster Box,PRE_COLLECTOR_BOOSTER_BOX,FULL_MODEL,FORECAST_READY,LONG_HISTORY,30,2024-02-08,2026-07-01,874,1907.98,1049.99,81.71,28.35,98.30,,,29.16,-10.00,29,FRESH,98.17,HISTORICALLY_STRONG,,HISTORY_30_PLUS_DATES,true,true,false,REALIZED_CONSOLIDATED_HISTORICAL_PRICE_PERFORMANCE,30,TRUSTED_HISTORY_WITH_EBAY_SUPPLEMENT,,85.58,99.04,10.58,50.96,50.96,62.88,C,1526.38,2026-07-22,175.00,14.50,1900.00,17,-90.83,LISTING_BELOW_TRUSTED_VALUE,CURRENT_LISTING_WITHIN_ENTRY_LIMIT,WITHIN_CLASS_HISTORICAL_PERCENTILE_MODEL,false,11
MTG:PRE_COLLECTOR_BOOSTER_BOX:MTG-CANON-TCGPLAYER-127069,Modern Masters 2017 - Booster Box,PRE_COLLECTOR_BOOSTER_BOX,FULL_MODEL,FORECAST_READY,LONG_HISTORY,30,2024-02-08,2026-07-01,874,309.61,185.24,67.14,23.94,12.13,,,11.55,-5.18,29,FRESH,91.72,HISTORICALLY_STRONG,,HISTORY_30_PLUS_DATES,true,true,false,REALIZED_CONSOLIDATED_HISTORICAL_PRICE_PERFORMANCE,30,TRUSTED_HISTORY_WITH_EBAY_SUPPLEMENT,,74.04,16.35,68.27,89.42,50.96,62.12,C,247.69,2026-07-23,369.85,15.99,759.99,15,19.46,LISTING_MODERATELY_ABOVE_VALUE,CURRENT_LISTING_ABOVE_ENTRY_LIMIT,WITHIN_CLASS_HISTORICAL_PERCENTILE_MODEL,false,12
MTG:PRE_COLLECTOR_BOOSTER_BOX:MTG-CANON-TCGPLAYER-127174,Amonkhet - Booster Box,PRE_COLLECTOR_BOOSTER_BOX,FULL_MODEL,FORECAST_READY,LONG_HISTORY,30,2024-02-08,2026-07-01,874,342.42,210.68,62.53,22.50,28.79,,,12.39,-6.82,29,FRESH,98.15,HISTORICALLY_STRONG,,HISTORY_30_PLUS_DATES,true,true,false,REALIZED_CONSOLIDATED_HISTORICAL_PRICE_PERFORMANCE,30,TRUSTED_HISTORY_WITH_EBAY_SUPPLEMENT,,70.19,45.19,56.73,75.96,50.96,61.73,C,273.94,2026-07-23,286.00,9.75,750.00,17,-16.48,LISTING_BELOW_TRUSTED_VALUE,CURRENT_LISTING_ABOVE_ENTRY_LIMIT,WITHIN_CLASS_HISTORICAL_PERCENTILE_MODEL,false,13
MTG:PRE_COLLECTOR_BOOSTER_BOX:MTG-CANON-TCGPLAYER-95052,Modern Masters 2015 - Booster Box,PRE_COLLECTOR_BOOSTER_BOX,FULL_MODEL,FORECAST_READY,LONG_HISTORY,30,2024-02-08,2026-07-01,874,396.97,232.28,70.90,25.10,43.22,,,16.64,-8.78,29,FRESH,100.00,HISTORICALLY_STRONG,,HISTORY_30_PLUS_DATES,true,true,false,REALIZED_CONSOLIDATED_HISTORICAL_PRICE_PERFORMANCE,30,TRUSTED_HISTORY_WITH_EBAY_SUPPLEMENT,,79.81,74.04,27.88,60.58,50.96,61.54,C,317.58,2026-07-23,425.00,15.99,647.99,18,7.06,LISTING_NEAR_TRUSTED_VALUE,CURRENT_LISTING_ABOVE_ENTRY_LIMIT,WITHIN_CLASS_HISTORICAL_PERCENTILE_MODEL,false,14
MTG:PRE_COLLECTOR_BOOSTER_BOX:MTG-CANON-TCGPLAYER-35749,Scars of Mirrodin - Booster Box,PRE_COLLECTOR_BOOSTER_BOX,FULL_MODEL,FORECAST_READY,LONG_HISTORY,30,2024-02-08,2026-07-01,874,657.97,368.02,78.79,27.48,18.62,,,14.55,-3.79,29,FRESH,97.19,HISTORICALLY_STRONG,,HISTORY_30_PLUS_DATES,true,true,false,REALIZED_CONSOLIDATED_HISTORICAL_PRICE_PERFORMANCE,30,TRUSTED_HISTORY_WITH_EBAY_SUPPLEMENT,,83.65,25.96,35.58,93.27,50.96,61.15,C,526.38,2026-07-23,600.00,19.99,1999.94,19,-8.81,LISTING_NEAR_TRUSTED_VALUE,CURRENT_LISTING_ABOVE_ENTRY_LIMIT,WITHIN_CLASS_HISTORICAL_PERCENTILE_MODEL,false,15
MTG:SECRET_LAIR:SL-E761E1777C5411,Drop: Through the Wormhole - Non-Foil Edition ? Nonfoil Edition,SECRET_LAIR,FULL_MODEL,PASS,LONG_HISTORY,30,2024-02-08,2026-07-01,874,209.45,50.91,311.41,80.60,69.77,,,13.04,-0.45,29,FRESH,100.00,HISTORICALLY_STRONG,,HISTORY_30_PLUS_DATES,false,false,false,REALIZED_CONSOLIDATED_HISTORICAL_PRICE_PERFORMANCE,30,TRUSTED_HISTORY_WITH_EBAY_SUPPLEMENT,,98.30,89.20,55.11,98.30,61.93,84.20,A,188.50,2026-07-24,287.95,208.99,396.50,32,37.48,LISTING_MATERIALLY_ABOVE_VALUE,CURRENT_LISTING_ABOVE_ENTRY_LIMIT,WITHIN_CLASS_HISTORICAL_PERCENTILE_MODEL,false,1
MTG:SECRET_LAIR:SL-B689085E2D41DE,x Warhammer Age of Sigmar - Non-Foil Edition ? Nonfoil Edition,SECRET_LAIR,FULL_MODEL,PASS,LONG_HISTORY,29,2024-02-08,2026-07-01,874,131.47,53.69,144.87,45.39,63.56,,,11.87,-0.88,29,FRESH,100.00,HISTORICALLY_STRONG,,HISTORY_2_TO_29_DATES,false,false,false,REALIZED_CONSOLIDATED_HISTORICAL_PRICE_PERFORMANCE,29,TRUSTED_HISTORY_WITH_EBAY_SUPPLEMENT,,88.07,85.80,66.48,97.16,22.73,78.58,B,111.75,2026-07-24,130.00,100.00,239.99,43,-1.12,LISTING_NEAR_TRUSTED_VALUE,CURRENT_LISTING_ABOVE_ENTRY_LIMIT,WITHIN_CLASS_HISTORICAL_PERCENTILE_MODEL,false,2
MTG:SECRET_LAIR:SL-B2289CE720A189,Drop: Dan Frazier Is Back Again: The Enemy Talismans - Foil Etched Edition ? Foil Edition,SECRET_LAIR,FULL_MODEL,PASS,LONG_HISTORY,30,2024-02-08,2026-07-01,874,138.63,40.15,245.28,67.84,79.88,,,16.69,-3.68,29,FRESH,100.00,HISTORICALLY_STRONG,,HISTORY_30_PLUS_DATES,false,false,false,REALIZED_CONSOLIDATED_HISTORICAL_PRICE_PERFORMANCE,30,TRUSTED_HISTORY_WITH_EBAY_SUPPLEMENT,,94.89,92.61,33.52,91.48,61.93,78.18,B,117.84,2026-07-23,139.99,115.00,250.00,9,0.98,LISTING_NEAR_TRUSTED_VALUE,CURRENT_LISTING_ABOVE_ENTRY_LIMIT,WITHIN_CLASS_HISTORICAL_PERCENTILE_MODEL,false,3
MTG:SECRET_LAIR:SL-0E630241169A8E,"Drop: Fblthp: Completely, Utterly, Totally Lost - Traditional Foil Edition ? Foil Edition",SECRET_LAIR,FULL_MODEL,PASS,LONG_HISTORY,30,2024-02-08,2026-07-01,874,57.41,25.89,121.75,39.49,50.76,,,12.65,-2.63,29,FRESH,100.00,HISTORICALLY_STRONG,,HISTORY_30_PLUS_DATES,false,false,false,REALIZED_CONSOLIDATED_HISTORICAL_PRICE_PERFORMANCE,30,TRUSTED_HISTORY_WITH_EBAY_SUPPLEMENT,,82.39,77.84,58.52,94.89,61.93,77.16,B,48.80,2026-07-23,60.00,48.00,92.99,12,4.51,LISTING_NEAR_TRUSTED_VALUE,CURRENT_LISTING_ABOVE_ENTRY_LIMIT,WITHIN_CLASS_HISTORICAL_PERCENTILE_MODEL,false,4
MTG:SECRET_LAIR:SL-26D338135420FD,Drop: Mirrodinsanity - Traditional Foil Edition ? Foil Edition,SECRET_LAIR,FULL_MODEL,PASS,LONG_HISTORY,30,2024-02-08,2026-07-01,874,134.17,59.71,124.70,40.26,44.27,,,10.77,-6.22,29,FRESH,100.00,HISTORICALLY_STRONG,,HISTORY_30_PLUS_DATES,false,false,false,REALIZED_CONSOLIDATED_HISTORICAL_PRICE_PERFORMANCE,30,TRUSTED_HISTORY_WITH_EBAY_SUPPLEMENT,,85.80,65.34,77.84,80.11,61.93,76.59,B,114.04,2026-07-23,148.88,110.00,220.00,13,10.96,LISTING_MODERATELY_ABOVE_VALUE,CURRENT_LISTING_ABOVE_ENTRY_LIMIT,WITHIN_CLASS_HISTORICAL_PERCENTILE_MODEL,false,5
MTG:SECRET_LAIR:SL-2098A235696D4F,Drop: Dan Frazier Is Back Again: The Allied Talismans - Foil Etched Edition ? Foil Edition,SECRET_LAIR,FULL_MODEL,PASS,LONG_HISTORY,30,2024-02-08,2026-07-01,874,170.00,48.05,253.80,69.56,82.25,,,18.79,-5.04,29,FRESH,100.00,HISTORICALLY_STRONG,,HISTORY_30_PLUS_DATES,false,false,false,REALIZED_CONSOLIDATED_HISTORICAL_PRICE_PERFORMANCE,30,TRUSTED_HISTORY_WITH_EBAY_SUPPLEMENT,,96.02,94.89,23.30,88.07,61.93,76.25,B,144.50,2026-07-23,194.99,149.99,399.99,7,14.70,LISTING_MODERATELY_ABOVE_VALUE,CURRENT_LISTING_ABOVE_ENTRY_LIMIT,WITHIN_CLASS_HISTORICAL_PERCENTILE_MODEL,false,6
MTG:SECRET_LAIR:SL-F378E79C981B5B,Drop: Special Guest: Kelogsloops - Traditional Foil Edition ? Foil Edition,SECRET_LAIR,FULL_MODEL,PASS,LONG_HISTORY,30,2024-02-08,2026-07-01,874,137.69,52.40,162.77,49.74,46.74,,,13.03,-5.78,29,FRESH,100.00,HISTORICALLY_STRONG,,HISTORY_30_PLUS_DATES,false,false,false,REALIZED_CONSOLIDATED_HISTORICAL_PRICE_PERFORMANCE,30,TRUSTED_HISTORY_WITH_EBAY_SUPPLEMENT,,91.48,71.02,56.25,84.66,61.93,76.02,B,117.04,2026-07-24,169.99,138.00,275.99,39,23.46,LISTING_MODERATELY_ABOVE_VALUE,CURRENT_LISTING_ABOVE_ENTRY_LIMIT,WITHIN_CLASS_HISTORICAL_PERCENTILE_MODEL,false,7
MTG:SECRET_LAIR:SL-C5A93064AA668C,Drop: Secret Lair x Jurassic World: Dr. Ian Malcolm - Non-Foil Edition ? Nonfoil Edition,SECRET_LAIR,FULL_MODEL,PASS,LONG_HISTORY,30,2024-02-08,2026-07-01,874,95.84,43.10,122.37,39.65,32.71,,,10.15,-5.19,29,FRESH,100.00,HISTORICALLY_STRONG,,HISTORY_30_PLUS_DATES,false,false,false,REALIZED_CONSOLIDATED_HISTORICAL_PRICE_PERFORMANCE,30,TRUSTED_HISTORY_WITH_EBAY_SUPPLEMENT,,83.52,51.70,83.52,85.80,61.93,75.45,B,81.46,2026-07-23,145.00,88.50,180.99,11,51.29,LISTING_MATERIALLY_ABOVE_VALUE,CURRENT_LISTING_ABOVE_ENTRY_LIMIT,WITHIN_CLASS_HISTORICAL_PERCENTILE_MODEL,false,8
MTG:SECRET_LAIR:SL-3F1F1DB9343414,Drop: Special Guest: Jen Bartel - Non-Foil Edition ? Nonfoil Edition,SECRET_LAIR,FULL_MODEL,PASS,LONG_HISTORY,30,2024-02-08,2026-07-01,874,62.36,32.44,92.23,31.41,44.75,,,8.38,-7.00,29,FRESH,100.00,HISTORICALLY_STRONG,,HISTORY_30_PLUS_DATES,false,false,false,REALIZED_CONSOLIDATED_HISTORICAL_PRICE_PERFORMANCE,30,TRUSTED_HISTORY_WITH_EBAY_SUPPLEMENT,,73.30,66.48,91.48,75.00,61.93,74.77,B,53.01,2026-07-24,62.00,55.99,99.99,31,-0.58,LISTING_NEAR_TRUSTED_VALUE,CURRENT_LISTING_ABOVE_ENTRY_LIMIT,WITHIN_CLASS_HISTORICAL_PERCENTILE_MODEL,false,9
MTG:SECRET_LAIR:SL-BFAF5430109A2E,Drop: Dan Frazier is Back: The Allied Signets - Foil Etched Edition ? Foil Edition,SECRET_LAIR,FULL_MODEL,PASS,LONG_HISTORY,30,2024-02-08,2026-07-01,874,161.25,74.89,115.32,37.78,65.90,,,14.59,-5.82,29,FRESH,100.00,HISTORICALLY_STRONG,,HISTORY_30_PLUS_DATES,false,false,false,REALIZED_CONSOLIDATED_HISTORICAL_PRICE_PERFORMANCE,30,TRUSTED_HISTORY_WITH_EBAY_SUPPLEMENT,,80.11,86.93,42.61,83.52,61.93,72.84,B,137.06,2026-07-23,199.44,89.99,299.99,12,23.68,LISTING_MODERATELY_ABOVE_VALUE,CURRENT_LISTING_ABOVE_ENTRY_LIMIT,WITHIN_CLASS_HISTORICAL_PERCENTILE_MODEL,false,10
MTG:SECRET_LAIR:SL-6913FBEDFDB80B,Drop: Dogs Are Better Than Cats - Non-Foil Edition ? Nonfoil Edition,SECRET_LAIR,FULL_MODEL,PASS,MEDIUM_HISTORY,16,2025-04-01,2026-07-01,456,80.85,41.41,95.24,70.90,46.89,,,14.79,0.00,29,FRESH,97.52,HISTORICALLY_STRONG,,HISTORY_2_TO_29_DATES,false,false,false,REALIZED_CONSOLIDATED_HISTORICAL_PRICE_PERFORMANCE,16,TRUSTED_HISTORY_WITH_EBAY_SUPPLEMENT,,97.16,72.16,41.48,99.43,5.11,72.27,B,68.72,2026-07-23,229.99,88.54,669.69,11,184.47,LISTING_MATERIALLY_ABOVE_VALUE,CURRENT_LISTING_ABOVE_ENTRY_LIMIT,WITHIN_CLASS_HISTORICAL_PERCENTILE_MODEL,false,11
MTG:SECRET_LAIR:SL-690BF3733992EE,Drop: Special Guest: Jen Bartel - Traditional Foil Edition ? Foil Edition,SECRET_LAIR,FULL_MODEL,PASS,LONG_HISTORY,30,2024-02-08,2026-07-01,874,66.58,38.78,71.69,25.34,22.82,,,7.90,-3.39,29,FRESH,98.58,HISTORICALLY_STRONG,,HISTORY_30_PLUS_DATES,false,false,false,REALIZED_CONSOLIDATED_HISTORICAL_PRICE_PERFORMANCE,30,TRUSTED_HISTORY_WITH_EBAY_SUPPLEMENT,,63.07,39.77,93.75,92.61,61.93,70.34,B,56.59,2026-07-24,64.99,56.50,99.99,39,-2.39,LISTING_NEAR_TRUSTED_VALUE,CURRENT_LISTING_ABOVE_ENTRY_LIMIT,WITHIN_CLASS_HISTORICAL_PERCENTILE_MODEL,false,12
MTG:SECRET_LAIR:SL-1716D8997667E1,Drop: The Space Beyond the Stars - Traditional Foil Edition ? Foil Edition,SECRET_LAIR,FULL_MODEL,PASS,LONG_HISTORY,30,2024-02-08,2026-07-01,874,58.54,32.20,81.80,28.38,50.68,,,12.38,-6.27,29,FRESH,100.00,HISTORICALLY_STRONG,,HISTORY_30_PLUS_DATES,false,false,false,REALIZED_CONSOLIDATED_HISTORICAL_PRICE_PERFORMANCE,30,TRUSTED_HISTORY_WITH_EBAY_SUPPLEMENT,,67.61,76.70,59.66,78.98,61.93,69.55,B,49.76,2026-07-24,65.00,53.95,99.97,35,11.04,LISTING_MODERATELY_ABOVE_VALUE,CURRENT_LISTING_ABOVE_ENTRY_LIMIT,WITHIN_CLASS_HISTORICAL_PERCENTILE_MODEL,false,13
MTG:SECRET_LAIR:SL-137214427FCCAA,Drop: Showcase: Streets of New Capenna - Gilded Foil Edition ? Foil Edition,SECRET_LAIR,FULL_MODEL,PASS,LONG_HISTORY,30,2024-02-08,2026-07-01,874,61.87,33.61,84.08,29.05,45.82,,,10.97,-8.74,29,FRESH,100.00,HISTORICALLY_STRONG,,HISTORY_30_PLUS_DATES,false,false,false,REALIZED_CONSOLIDATED_HISTORICAL_PRICE_PERFORMANCE,30,TRUSTED_HISTORY_WITH_EBAY_SUPPLEMENT,,69.89,68.75,75.57,64.20,61.93,68.86,B,52.59,2026-07-23,74.99,52.99,93.17,27,21.21,LISTING_MODERATELY_ABOVE_VALUE,CURRENT_LISTING_ABOVE_ENTRY_LIMIT,WITHIN_CLASS_HISTORICAL_PERCENTILE_MODEL,false,14
MTG:SECRET_LAIR:SL-E976A82043B976,Drop: Secret Lair X MSCHF - Foil Edition ? Foil Edition,SECRET_LAIR,FULL_MODEL,PASS,LONG_HISTORY,30,2024-02-08,2026-07-01,874,107.03,60.46,77.03,26.96,35.43,,,12.08,-4.87,29,FRESH,100.00,HISTORICALLY_STRONG,,HISTORY_30_PLUS_DATES,false,false,false,REALIZED_CONSOLIDATED_HISTORICAL_PRICE_PERFORMANCE,30,TRUSTED_HISTORY_WITH_EBAY_SUPPLEMENT,,65.34,56.25,65.34,89.20,61.93,67.95,B,90.98,2026-07-23,129.99,8.99,225.00,9,21.45,LISTING_MODERATELY_ABOVE_VALUE,CURRENT_LISTING_ABOVE_ENTRY_LIMIT,WITHIN_CLASS_HISTORICAL_PERCENTILE_MODEL,false,15
MTG:SECRET_LAIR:SL-204D6B03D36FE2,Drop: Kamigawa Ink - Traditional Foil Edition ? Foil Edition,SECRET_LAIR,FULL_MODEL,PASS,LONG_HISTORY,30,2024-02-08,2026-07-01,874,70.92,35.22,101.36,33.98,39.25,,,12.91,-7.04,29,FRESH,100.00,HISTORICALLY_STRONG,,HISTORY_30_PLUS_DATES,false,false,false,REALIZED_CONSOLIDATED_HISTORICAL_PRICE_PERFORMANCE,30,TRUSTED_HISTORY_WITH_EBAY_SUPPLEMENT,,76.70,60.80,57.39,73.30,61.93,67.50,B,60.28,2026-07-23,79.00,48.99,84.99,15,11.39,LISTING_MODERATELY_ABOVE_VALUE,CURRENT_LISTING_ABOVE_ENTRY_LIMIT,WITHIN_CLASS_HISTORICAL_PERCENTILE_MODEL,false,16
MTG:SECRET_LAIR:SL-B0E43DFE167A56,Drop: Artist Series: Livia Prima - Non-Foil Edition ? Nonfoil Edition,SECRET_LAIR,FULL_MODEL,PASS,LONG_HISTORY,30,2024-02-08,2026-07-01,874,43.87,23.27,88.53,30.34,81.66,,,20.14,-6.10,29,FRESH,98.85,HISTORICALLY_STRONG,,HISTORY_30_PLUS_DATES,false,false,false,REALIZED_CONSOLIDATED_HISTORICAL_PRICE_PERFORMANCE,30,TRUSTED_HISTORY_WITH_EBAY_SUPPLEMENT,,71.02,93.75,17.61,81.25,61.93,66.02,B,37.29,2026-07-23,49.99,39.99,89.80,9,13.95,LISTING_MODERATELY_ABOVE_VALUE,CURRENT_LISTING_ABOVE_ENTRY_LIMIT,WITHIN_CLASS_HISTORICAL_PERCENTILE_MODEL,false,17
MTG:SECRET_LAIR:SL-0A174DAC0F9024,"Drop: Transformers: One Shall Stand, One Shall Fall - Traditional Foil Edition ? Foil Edition",SECRET_LAIR,FULL_MODEL,PASS,LONG_HISTORY,30,2024-02-08,2026-07-01,874,83.08,48.48,71.37,25.25,39.02,,,11.18,-7.47,29,FRESH,100.00,HISTORICALLY_STRONG,,HISTORY_30_PLUS_DATES,false,false,false,REALIZED_CONSOLIDATED_HISTORICAL_PRICE_PERFORMANCE,30,TRUSTED_HISTORY_WITH_EBAY_SUPPLEMENT,,59.66,59.66,74.43,71.02,61.93,65.11,B,70.62,2026-07-24,99.99,80.99,150.00,26,20.35,LISTING_MODERATELY_ABOVE_VALUE,CURRENT_LISTING_ABOVE_ENTRY_LIMIT,WITHIN_CLASS_HISTORICAL_PERCENTILE_MODEL,false,18
MTG:SECRET_LAIR:SL-E23BF5EAA4F5AA,Drop: Artist Series: Livia Prima - Traditional Foil Edition ? Foil Edition,SECRET_LAIR,FULL_MODEL,PASS,LONG_HISTORY,30,2024-02-08,2026-07-01,874,45.36,26.92,68.50,24.36,73.39,,,12.12,-9.88,29,FRESH,100.00,HISTORICALLY_STRONG,,HISTORY_30_PLUS_DATES,false,false,false,REALIZED_CONSOLIDATED_HISTORICAL_PRICE_PERFORMANCE,30,TRUSTED_HISTORY_WITH_EBAY_SUPPLEMENT,,56.25,90.34,64.20,55.11,61.93,65.00,B,38.56,2026-07-23,49.99,39.99,89.80,10,10.21,LISTING_MODERATELY_ABOVE_VALUE,CURRENT_LISTING_ABOVE_ENTRY_LIMIT,WITHIN_CLASS_HISTORICAL_PERCENTILE_MODEL,false,19
MTG:SECRET_LAIR:SL-26D60205AA523A,Drop: Secret Lair x Fortnite - Traditional Foil Edition ? Foil Edition,SECRET_LAIR,FULL_MODEL,PASS,LONG_HISTORY,30,2024-02-08,2026-07-01,874,125.07,67.96,84.03,29.03,28.45,,,11.50,-7.64,29,FRESH,100.00,HISTORICALLY_STRONG,,HISTORY_30_PLUS_DATES,false,false,false,REALIZED_CONSOLIDATED_HISTORICAL_PRICE_PERFORMANCE,30,TRUSTED_HISTORY_WITH_EBAY_SUPPLEMENT,,68.75,47.16,72.16,69.89,61.93,64.66,C,100.06,2026-07-23,134.99,54.48,159.99,13,7.93,LISTING_NEAR_TRUSTED_VALUE,CURRENT_LISTING_ABOVE_ENTRY_LIMIT,WITHIN_CLASS_HISTORICAL_PERCENTILE_MODEL,false,20
