canonical_product_id,canonical_product_name,product_class,product_group,finish_group,release_date,registry_status,admission_tier,quality_disposition,quality_flags,evidence_tier,universal_analysis_status,history_class,trusted_dates,total_history_dates,ebay_dates,source_state,history_span_days,latest_observation_date,price_age_days,current_market_value_usd,historical_lifetime_cagr_pct,historical_return_365d_pct,annualized_monthly_volatility_pct,maximum_historical_drawdown_pct,historical_purchase_state,history_coverage_score,historical_performance_score,historical_risk_score,quality_score,valuation_evidence_score,existing_calibrated_score,uncertainty_penalty,comparable_product_score,universal_analytical_score,within_class_analytical_percentile,purchase_readiness_state,limitation_reasons,analysis_is_forecast,analysis_scope,projection_model_version,projection_as_of_date,forecast_confidence_score,forecast_confidence_label,projection_state,projection_review_reasons,projection_is_certified_forecast,projection_is_scenario_analysis,projection_method,historical_cagr_percentile,forward_cagr_conservative_pct,forward_cagr_base_pct,forward_cagr_high_pct,scenario_width_pct,projected_value_1y_conservative_usd,projected_value_1y_base_usd,projected_value_1y_high_usd,projected_value_3y_conservative_usd,projected_value_3y_base_usd,projected_value_3y_high_usd,projected_value_5y_conservative_usd,projected_value_5y_base_usd,projected_value_5y_high_usd,projection_limitations,forward_scenario_class_rank
MTG:SECRET_LAIR:SL-E761E1777C5411,Drop: Through the Wormhole - Non-Foil Edition — Nonfoil Edition,SECRET_LAIR,STANDARD_DROP,NONFOIL,,GOVERNED,FULL_MODEL,PASS,,TIER_1,FULL_HISTORICAL_ANALYSIS,LONG_HISTORY,30,31,1,TRUSTED_HISTORY_WITH_EBAY_SUPPLEMENT,874,2026-07-01,29,210.00,80.60,69.77,13.04,-0.45,HISTORICALLY_STRONG,100.00,95.23,82.97,100.00,100.00,84.20,5.00,91.55,92.99,99.90,PURCHASE_ANALYSIS_ELIGIBLE,,false,UNIVERSAL_TIERED_HISTORICAL_AND_CURRENT_EVIDENCE_ANALYSIS,TIER_1_FORWARD_SCENARIO_V2_RECALIBRATED,2026-07-30,99.50,HIGH,SCENARIO_MODEL_READY,,false,true,MODERATED_HISTORICAL_CLASS_ANCHORED_SCENARIO_MODEL,98.96,0.00,11.87,15.67,15.67,210.00,234.93,242.92,210.00,294.01,325.04,210.00,367.95,434.93,SCENARIO_NOT_GUARANTEE|CURRENT_VALUE_REQUIRES_VERIFICATION|HISTORICAL_RETURNS_MEAN_REVERTED|FEES_TAXES_SHIPPING_AND_LIQUIDITY_NOT_APPLIED,1
MTG:SECRET_LAIR:SL-B689085E2D41DE,x Warhammer Age of Sigmar - Non-Foil Edition — Nonfoil Edition,SECRET_LAIR,STANDARD_DROP,NONFOIL,,GOVERNED,FULL_MODEL,PASS,,TIER_1,FULL_HISTORICAL_ANALYSIS,LONG_HISTORY,29,30,1,TRUSTED_HISTORY_WITH_EBAY_SUPPLEMENT,874,2026-07-01,29,109.98,45.39,63.56,11.87,-0.88,HISTORICALLY_STRONG,98.00,90.01,84.90,100.00,100.00,78.58,5.00,88.48,91.36,99.90,PURCHASE_ANALYSIS_ELIGIBLE,,false,UNIVERSAL_TIERED_HISTORICAL_AND_CURRENT_EVIDENCE_ANALYSIS,TIER_1_FORWARD_SCENARIO_V2_RECALIBRATED,2026-07-30,98.40,HIGH,SCENARIO_MODEL_READY,,false,true,MODERATED_HISTORICAL_CLASS_ANCHORED_SCENARIO_MODEL,91.47,0.00,10.85,14.62,14.62,109.98,121.92,126.06,109.98,149.81,165.62,109.98,184.09,217.59,SCENARIO_NOT_GUARANTEE|CURRENT_VALUE_REQUIRES_VERIFICATION|HISTORICAL_RETURNS_MEAN_REVERTED|FEES_TAXES_SHIPPING_AND_LIQUIDITY_NOT_APPLIED,2
MTG:SECRET_LAIR:SL-B2289CE720A189,Drop: Dan Frazier Is Back Again: The Enemy Talismans - Foil Etched Edition — Foil Edition,SECRET_LAIR,STANDARD_DROP,ETCHED_FOIL,,GOVERNED,FULL_MODEL,PASS,,TIER_1,FULL_HISTORICAL_ANALYSIS,LONG_HISTORY,30,31,1,TRUSTED_HISTORY_WITH_EBAY_SUPPLEMENT,874,2026-07-01,29,147.49,67.84,79.88,16.69,-3.68,HISTORICALLY_STRONG,100.00,94.61,72.63,100.00,100.00,78.18,5.00,88.02,90.56,99.79,PURCHASE_ANALYSIS_ELIGIBLE,,false,UNIVERSAL_TIERED_HISTORICAL_AND_CURRENT_EVIDENCE_ANALYSIS,TIER_1_FORWARD_SCENARIO_V2_RECALIBRATED,2026-07-30,99.50,HIGH,SCENARIO_MODEL_READY,,false,true,MODERATED_HISTORICAL_CLASS_ANCHORED_SCENARIO_MODEL,96.57,0.00,11.24,15.34,15.34,147.49,164.07,170.12,147.49,203.03,226.31,147.49,251.25,301.07,SCENARIO_NOT_GUARANTEE|CURRENT_VALUE_REQUIRES_VERIFICATION|HISTORICAL_RETURNS_MEAN_REVERTED|FEES_TAXES_SHIPPING_AND_LIQUIDITY_NOT_APPLIED,3
MTG:SECRET_LAIR:SL-2098A235696D4F,Drop: Dan Frazier Is Back Again: The Allied Talismans - Foil Etched Edition — Foil Edition,SECRET_LAIR,STANDARD_DROP,ETCHED_FOIL,,GOVERNED,FULL_MODEL,PASS,,TIER_1,FULL_HISTORICAL_ANALYSIS,LONG_HISTORY,30,31,1,TRUSTED_HISTORY_WITH_EBAY_SUPPLEMENT,874,2026-07-01,29,224.99,69.56,82.25,18.79,-5.04,HISTORICALLY_STRONG,100.00,95.37,68.16,100.00,100.00,76.25,5.00,87.21,89.85,99.59,PURCHASE_ANALYSIS_ELIGIBLE,,false,UNIVERSAL_TIERED_HISTORICAL_AND_CURRENT_EVIDENCE_ANALYSIS,TIER_1_FORWARD_SCENARIO_V2_RECALIBRATED,2026-07-30,99.50,HIGH,SCENARIO_MODEL_READY,,false,true,MODERATED_HISTORICAL_CLASS_ANCHORED_SCENARIO_MODEL,97.21,0.00,11.11,15.36,15.36,224.99,249.99,259.54,224.99,308.62,345.39,224.99,381.01,459.62,SCENARIO_NOT_GUARANTEE|CURRENT_VALUE_REQUIRES_VERIFICATION|HISTORICAL_RETURNS_MEAN_REVERTED|FEES_TAXES_SHIPPING_AND_LIQUIDITY_NOT_APPLIED,4
MTG:SECRET_LAIR:SL-0E630241169A8E,"Drop: Fblthp: Completely, Utterly, Totally Lost - Traditional Foil Edition — Foil Edition",SECRET_LAIR,STANDARD_DROP,FOIL,,GOVERNED,FULL_MODEL,PASS,,TIER_1,FULL_HISTORICAL_ANALYSIS,LONG_HISTORY,30,31,1,TRUSTED_HISTORY_WITH_EBAY_SUPPLEMENT,874,2026-07-01,29,69.50,39.49,50.76,12.65,-2.63,HISTORICALLY_STRONG,100.00,85.34,81.50,100.00,100.00,77.16,5.00,84.19,89.36,99.49,PURCHASE_ANALYSIS_ELIGIBLE,,false,UNIVERSAL_TIERED_HISTORICAL_AND_CURRENT_EVIDENCE_ANALYSIS,TIER_1_FORWARD_SCENARIO_V2_RECALIBRATED,2026-07-30,99.50,HIGH,SCENARIO_MODEL_READY,,false,true,MODERATED_HISTORICAL_CLASS_ANCHORED_SCENARIO_MODEL,87.96,0.00,10.35,14.22,14.22,69.50,76.69,79.38,69.50,93.38,103.57,69.50,113.71,135.12,SCENARIO_NOT_GUARANTEE|CURRENT_VALUE_REQUIRES_VERIFICATION|HISTORICAL_RETURNS_MEAN_REVERTED|FEES_TAXES_SHIPPING_AND_LIQUIDITY_NOT_APPLIED,5
MTG:SECRET_LAIR:SL-F378E79C981B5B,Drop: Special Guest: Kelogsloops - Traditional Foil Edition — Foil Edition,SECRET_LAIR,ARTIST,FOIL,,GOVERNED,FULL_MODEL,PASS,,TIER_1,FULL_HISTORICAL_ANALYSIS,LONG_HISTORY,30,31,1,TRUSTED_HISTORY_WITH_EBAY_SUPPLEMENT,874,2026-07-01,29,153.00,49.74,46.74,13.03,-5.78,HISTORICALLY_STRONG,100.00,87.12,77.16,100.00,100.00,76.02,5.00,84.13,89.02,99.38,PURCHASE_ANALYSIS_ELIGIBLE,,false,UNIVERSAL_TIERED_HISTORICAL_AND_CURRENT_EVIDENCE_ANALYSIS,TIER_1_FORWARD_SCENARIO_V2_RECALIBRATED,2026-07-30,99.50,HIGH,SCENARIO_MODEL_READY,,false,true,MODERATED_HISTORICAL_CLASS_ANCHORED_SCENARIO_MODEL,93.06,0.00,10.42,14.43,14.43,153.00,168.94,175.08,153.00,205.97,229.28,153.00,251.11,300.24,SCENARIO_NOT_GUARANTEE|CURRENT_VALUE_REQUIRES_VERIFICATION|HISTORICAL_RETURNS_MEAN_REVERTED|FEES_TAXES_SHIPPING_AND_LIQUIDITY_NOT_APPLIED,7
MTG:SECRET_LAIR:SL-26D338135420FD,Drop: Mirrodinsanity - Traditional Foil Edition — Foil Edition,SECRET_LAIR,STANDARD_DROP,FOIL,,GOVERNED,FULL_MODEL,PASS,,TIER_1,FULL_HISTORICAL_ANALYSIS,LONG_HISTORY,30,31,1,TRUSTED_HISTORY_WITH_EBAY_SUPPLEMENT,874,2026-07-01,29,145.00,40.26,44.27,10.77,-6.22,HISTORICALLY_STRONG,100.00,84.04,80.40,100.00,100.00,76.59,5.00,82.95,88.69,99.38,PURCHASE_ANALYSIS_ELIGIBLE,,false,UNIVERSAL_TIERED_HISTORICAL_AND_CURRENT_EVIDENCE_ANALYSIS,TIER_1_FORWARD_SCENARIO_V2_RECALIBRATED,2026-07-30,99.50,HIGH,SCENARIO_MODEL_READY,,false,true,MODERATED_HISTORICAL_CLASS_ANCHORED_SCENARIO_MODEL,88.92,0.00,10.17,14.11,14.11,145.00,159.75,165.45,145.00,193.90,215.42,145.00,235.35,280.48,SCENARIO_NOT_GUARANTEE|CURRENT_VALUE_REQUIRES_VERIFICATION|HISTORICAL_RETURNS_MEAN_REVERTED|FEES_TAXES_SHIPPING_AND_LIQUIDITY_NOT_APPLIED,6
MTG:SECRET_LAIR:SL-BFAF5430109A2E,Drop: Dan Frazier is Back: The Allied Signets - Foil Etched Edition — Foil Edition,SECRET_LAIR,STANDARD_DROP,ETCHED_FOIL,,GOVERNED,FULL_MODEL,PASS,,TIER_1,FULL_HISTORICAL_ANALYSIS,LONG_HISTORY,30,31,1,TRUSTED_HISTORY_WITH_EBAY_SUPPLEMENT,874,2026-07-01,29,184.82,37.78,65.90,14.59,-5.82,HISTORICALLY_STRONG,100.00,87.52,73.07,100.00,100.00,72.84,5.00,83.18,88.28,99.28,PURCHASE_ANALYSIS_ELIGIBLE,,false,UNIVERSAL_TIERED_HISTORICAL_AND_CURRENT_EVIDENCE_ANALYSIS,TIER_1_FORWARD_SCENARIO_V2_RECALIBRATED,2026-07-30,99.50,HIGH,SCENARIO_MODEL_READY,,false,true,MODERATED_HISTORICAL_CLASS_ANCHORED_SCENARIO_MODEL,86.68,0.00,10.14,14.23,14.23,184.82,203.56,211.12,184.82,246.94,275.48,184.82,299.56,359.46,SCENARIO_NOT_GUARANTEE|CURRENT_VALUE_REQUIRES_VERIFICATION|HISTORICAL_RETURNS_MEAN_REVERTED|FEES_TAXES_SHIPPING_AND_LIQUIDITY_NOT_APPLIED,8
MTG:SECRET_LAIR:SL-C5A93064AA668C,Drop: Secret Lair x Jurassic World: Dr. Ian Malcolm - Non-Foil Edition — Nonfoil Edition,SECRET_LAIR,CROSSOVER,NONFOIL,,GOVERNED,FULL_MODEL,PASS,,TIER_1,FULL_HISTORICAL_ANALYSIS,LONG_HISTORY,30,31,1,TRUSTED_HISTORY_WITH_EBAY_SUPPLEMENT,874,2026-07-01,29,122.50,39.65,32.71,10.15,-5.19,HISTORICALLY_STRONG,100.00,79.91,83.93,100.00,100.00,75.45,5.00,81.12,88.06,99.08,PURCHASE_ANALYSIS_ELIGIBLE,,false,UNIVERSAL_TIERED_HISTORICAL_AND_CURRENT_EVIDENCE_ANALYSIS,TIER_1_FORWARD_SCENARIO_V2_RECALIBRATED,2026-07-30,99.50,HIGH,SCENARIO_MODEL_READY,,false,true,MODERATED_HISTORICAL_CLASS_ANCHORED_SCENARIO_MODEL,88.44,0.00,10.08,13.94,13.94,122.50,134.85,139.58,122.50,163.40,181.22,122.50,198.00,235.28,SCENARIO_NOT_GUARANTEE|CURRENT_VALUE_REQUIRES_VERIFICATION|HISTORICAL_RETURNS_MEAN_REVERTED|FEES_TAXES_SHIPPING_AND_LIQUIDITY_NOT_APPLIED,9
MTG:SECRET_LAIR:SL-3F1F1DB9343414,Drop: Special Guest: Jen Bartel - Non-Foil Edition — Nonfoil Edition,SECRET_LAIR,ARTIST,NONFOIL,,GOVERNED,FULL_MODEL,PASS,,TIER_1,FULL_HISTORICAL_ANALYSIS,LONG_HISTORY,30,31,1,TRUSTED_HISTORY_WITH_EBAY_SUPPLEMENT,874,2026-07-01,29,59.99,31.41,44.75,8.38,-7.00,HISTORICALLY_STRONG,100.00,78.86,84.00,100.00,100.00,74.77,5.00,80.40,87.73,99.08,PURCHASE_ANALYSIS_ELIGIBLE,,false,UNIVERSAL_TIERED_HISTORICAL_AND_CURRENT_EVIDENCE_ANALYSIS,TIER_1_FORWARD_SCENARIO_V2_RECALIBRATED,2026-07-30,99.50,HIGH,SCENARIO_MODEL_READY,,false,true,MODERATED_HISTORICAL_CLASS_ANCHORED_SCENARIO_MODEL,79.82,0.00,9.91,13.77,13.77,59.99,65.93,68.25,59.99,79.65,88.33,59.99,96.22,114.33,SCENARIO_NOT_GUARANTEE|CURRENT_VALUE_REQUIRES_VERIFICATION|HISTORICAL_RETURNS_MEAN_REVERTED|FEES_TAXES_SHIPPING_AND_LIQUIDITY_NOT_APPLIED,10
MTG:SECRET_LAIR:SL-1716D8997667E1,Drop: The Space Beyond the Stars - Traditional Foil Edition — Foil Edition,SECRET_LAIR,STANDARD_DROP,FOIL,,GOVERNED,FULL_MODEL,PASS,,TIER_1,FULL_HISTORICAL_ANALYSIS,LONG_HISTORY,30,31,1,TRUSTED_HISTORY_WITH_EBAY_SUPPLEMENT,874,2026-07-01,29,62.50,28.38,50.68,12.38,-6.27,HISTORICALLY_STRONG,100.00,78.71,77.36,100.00,100.00,69.55,5.00,78.30,86.25,98.87,PURCHASE_ANALYSIS_ELIGIBLE,,false,UNIVERSAL_TIERED_HISTORICAL_AND_CURRENT_EVIDENCE_ANALYSIS,TIER_1_FORWARD_SCENARIO_V2_RECALIBRATED,2026-07-30,99.50,HIGH,SCENARIO_MODEL_READY,,false,true,MODERATED_HISTORICAL_CLASS_ANCHORED_SCENARIO_MODEL,76.95,0.00,9.65,13.66,13.66,62.50,68.53,71.04,62.50,82.40,91.77,62.50,99.07,118.55,SCENARIO_NOT_GUARANTEE|CURRENT_VALUE_REQUIRES_VERIFICATION|HISTORICAL_RETURNS_MEAN_REVERTED|FEES_TAXES_SHIPPING_AND_LIQUIDITY_NOT_APPLIED,11
MTG:SECRET_LAIR:SL-204D6B03D36FE2,Drop: Kamigawa Ink - Traditional Foil Edition — Foil Edition,SECRET_LAIR,STANDARD_DROP,FOIL,,GOVERNED,FULL_MODEL,PASS,,TIER_1,FULL_HISTORICAL_ANALYSIS,LONG_HISTORY,30,31,1,TRUSTED_HISTORY_WITH_EBAY_SUPPLEMENT,874,2026-07-01,29,75.00,33.98,39.25,12.91,-7.04,HISTORICALLY_STRONG,100.00,79.58,75.60,100.00,100.00,67.50,5.00,78.39,86.16,98.77,PURCHASE_ANALYSIS_ELIGIBLE,,false,UNIVERSAL_TIERED_HISTORICAL_AND_CURRENT_EVIDENCE_ANALYSIS,TIER_1_FORWARD_SCENARIO_V2_RECALIBRATED,2026-07-30,99.50,HIGH,SCENARIO_MODEL_READY,,false,true,MODERATED_HISTORICAL_CLASS_ANCHORED_SCENARIO_MODEL,83.57,0.00,9.65,13.72,13.72,75.00,82.24,85.29,75.00,98.89,110.29,75.00,118.90,142.62,SCENARIO_NOT_GUARANTEE|CURRENT_VALUE_REQUIRES_VERIFICATION|HISTORICAL_RETURNS_MEAN_REVERTED|FEES_TAXES_SHIPPING_AND_LIQUIDITY_NOT_APPLIED,12
MTG:SECRET_LAIR:SL-137214427FCCAA,Drop: Showcase: Streets of New Capenna - Gilded Foil Edition — Foil Edition,SECRET_LAIR,STANDARD_DROP,FOIL,,GOVERNED,FULL_MODEL,PASS,,TIER_1,FULL_HISTORICAL_ANALYSIS,LONG_HISTORY,30,31,1,TRUSTED_HISTORY_WITH_EBAY_SUPPLEMENT,874,2026-07-01,29,68.99,29.05,45.82,10.97,-8.74,HISTORICALLY_STRONG,100.00,77.91,76.80,100.00,100.00,68.86,5.00,77.58,85.86,98.66,PURCHASE_ANALYSIS_ELIGIBLE,,false,UNIVERSAL_TIERED_HISTORICAL_AND_CURRENT_EVIDENCE_ANALYSIS,TIER_1_FORWARD_SCENARIO_V2_RECALIBRATED,2026-07-30,99.50,HIGH,SCENARIO_MODEL_READY,,false,true,MODERATED_HISTORICAL_CLASS_ANCHORED_SCENARIO_MODEL,77.91,0.00,9.54,13.58,13.58,68.99,75.57,78.36,68.99,90.68,101.10,68.99,108.81,130.43,SCENARIO_NOT_GUARANTEE|CURRENT_VALUE_REQUIRES_VERIFICATION|HISTORICAL_RETURNS_MEAN_REVERTED|FEES_TAXES_SHIPPING_AND_LIQUIDITY_NOT_APPLIED,14
MTG:SECRET_LAIR:SL-E23BF5EAA4F5AA,Drop: Artist Series: Livia Prima - Traditional Foil Edition — Foil Edition,SECRET_LAIR,ARTIST,FOIL,,GOVERNED,FULL_MODEL,PASS,,TIER_1,FULL_HISTORICAL_ANALYSIS,LONG_HISTORY,30,31,1,TRUSTED_HISTORY_WITH_EBAY_SUPPLEMENT,874,2026-07-01,29,44.99,24.36,73.39,12.12,-9.88,HISTORICALLY_STRONG,100.00,79.49,73.53,100.00,100.00,65.00,5.00,77.70,85.69,98.66,PURCHASE_ANALYSIS_ELIGIBLE,,false,UNIVERSAL_TIERED_HISTORICAL_AND_CURRENT_EVIDENCE_ANALYSIS,TIER_1_FORWARD_SCENARIO_V2_RECALIBRATED,2026-07-30,99.50,HIGH,SCENARIO_MODEL_READY,,false,true,MODERATED_HISTORICAL_CLASS_ANCHORED_SCENARIO_MODEL,71.21,0.00,9.53,13.67,13.67,44.99,49.28,51.14,44.99,59.11,66.07,44.99,70.91,85.36,SCENARIO_NOT_GUARANTEE|CURRENT_VALUE_REQUIRES_VERIFICATION|HISTORICAL_RETURNS_MEAN_REVERTED|FEES_TAXES_SHIPPING_AND_LIQUIDITY_NOT_APPLIED,13
MTG:SECRET_LAIR:SL-B0E43DFE167A56,Drop: Artist Series: Livia Prima - Non-Foil Edition — Nonfoil Edition,SECRET_LAIR,ARTIST,NONFOIL,,GOVERNED,FULL_MODEL,PASS,,TIER_1,FULL_HISTORICAL_ANALYSIS,LONG_HISTORY,30,31,1,TRUSTED_HISTORY_WITH_EBAY_SUPPLEMENT,874,2026-07-01,29,43.97,30.34,81.66,20.14,-6.10,HISTORICALLY_STRONG,100.00,84.48,64.93,100.00,100.00,66.02,5.00,78.61,85.51,98.46,PURCHASE_ANALYSIS_ELIGIBLE,,false,UNIVERSAL_TIERED_HISTORICAL_AND_CURRENT_EVIDENCE_ANALYSIS,TIER_1_FORWARD_SCENARIO_V2_RECALIBRATED,2026-07-30,99.50,HIGH,SCENARIO_MODEL_READY,,false,true,MODERATED_HISTORICAL_CLASS_ANCHORED_SCENARIO_MODEL,78.87,0.00,9.67,14.02,14.02,43.97,48.22,50.13,43.97,58.00,65.17,43.97,69.75,84.73,SCENARIO_NOT_GUARANTEE|CURRENT_VALUE_REQUIRES_VERIFICATION|HISTORICAL_RETURNS_MEAN_REVERTED|FEES_TAXES_SHIPPING_AND_LIQUIDITY_NOT_APPLIED,15
MTG:SECRET_LAIR:SL-E976A82043B976,Drop: Secret Lair X MSCHF - Foil Edition — Foil Edition,SECRET_LAIR,CROSSOVER,FOIL,,GOVERNED,FULL_MODEL,PASS,,TIER_1,FULL_HISTORICAL_ANALYSIS,LONG_HISTORY,30,31,1,TRUSTED_HISTORY_WITH_EBAY_SUPPLEMENT,874,2026-07-01,29,125.46,26.96,35.43,12.08,-4.87,HISTORICALLY_STRONG,100.00,73.74,80.78,100.00,100.00,67.95,5.00,75.85,85.32,98.36,PURCHASE_ANALYSIS_ELIGIBLE,,false,UNIVERSAL_TIERED_HISTORICAL_AND_CURRENT_EVIDENCE_ANALYSIS,TIER_1_FORWARD_SCENARIO_V2_RECALIBRATED,2026-07-30,99.50,HIGH,SCENARIO_MODEL_READY,,false,true,MODERATED_HISTORICAL_CLASS_ANCHORED_SCENARIO_MODEL,75.68,0.00,9.47,13.41,13.41,125.46,137.34,142.29,125.46,164.60,183.01,125.46,197.26,235.39,SCENARIO_NOT_GUARANTEE|CURRENT_VALUE_REQUIRES_VERIFICATION|HISTORICAL_RETURNS_MEAN_REVERTED|FEES_TAXES_SHIPPING_AND_LIQUIDITY_NOT_APPLIED,16
MTG:SECRET_LAIR:SL-13A381A40449C9,Drop: Secret Lair x Fallout: Points of Interest - Rainbow Foil Edition — Foil Edition,SECRET_LAIR,CROSSOVER,RAINBOW_FOIL,,GOVERNED,FULL_MODEL,PASS,,TIER_1,FULL_HISTORICAL_ANALYSIS,LONG_HISTORY,27,28,1,TRUSTED_HISTORY_WITH_EBAY_SUPPLEMENT,791,2026-07-01,29,179.99,46.67,67.44,18.23,-13.64,HISTORICALLY_STRONG,94.00,90.76,58.09,100.00,100.00,59.89,5.00,80.96,85.24,98.25,PURCHASE_ANALYSIS_ELIGIBLE,,false,UNIVERSAL_TIERED_HISTORICAL_AND_CURRENT_EVIDENCE_ANALYSIS,TIER_1_FORWARD_SCENARIO_V2_RECALIBRATED,2026-07-30,96.20,HIGH,SCENARIO_MODEL_READY,,false,true,MODERATED_HISTORICAL_CLASS_ANCHORED_SCENARIO_MODEL,92.11,0.00,9.65,14.22,14.22,179.99,197.36,205.58,179.99,237.30,268.20,179.99,285.32,349.89,SCENARIO_NOT_GUARANTEE|CURRENT_VALUE_REQUIRES_VERIFICATION|HISTORICAL_RETURNS_MEAN_REVERTED|FEES_TAXES_SHIPPING_AND_LIQUIDITY_NOT_APPLIED,18
MTG:SECRET_LAIR:SL-0A174DAC0F9024,"Drop: Transformers: One Shall Stand, One Shall Fall - Traditional Foil Edition — Foil Edition",SECRET_LAIR,STANDARD_DROP,FOIL,,GOVERNED,FULL_MODEL,PASS,,TIER_1,FULL_HISTORICAL_ANALYSIS,LONG_HISTORY,30,31,1,TRUSTED_HISTORY_WITH_EBAY_SUPPLEMENT,874,2026-07-01,29,111.47,25.25,39.02,11.18,-7.47,HISTORICALLY_STRONG,100.00,73.35,78.31,100.00,100.00,65.11,5.00,74.84,84.66,98.25,PURCHASE_ANALYSIS_ELIGIBLE,,false,UNIVERSAL_TIERED_HISTORICAL_AND_CURRENT_EVIDENCE_ANALYSIS,TIER_1_FORWARD_SCENARIO_V2_RECALIBRATED,2026-07-30,99.50,HIGH,SCENARIO_MODEL_READY,,false,true,MODERATED_HISTORICAL_CLASS_ANCHORED_SCENARIO_MODEL,73.13,0.00,9.32,13.32,13.32,111.47,121.86,126.32,111.47,145.63,162.22,111.47,174.05,208.32,SCENARIO_NOT_GUARANTEE|CURRENT_VALUE_REQUIRES_VERIFICATION|HISTORICAL_RETURNS_MEAN_REVERTED|FEES_TAXES_SHIPPING_AND_LIQUIDITY_NOT_APPLIED,17
MTG:SECRET_LAIR:SL-690BF3733992EE,Drop: Special Guest: Jen Bartel - Traditional Foil Edition — Foil Edition,SECRET_LAIR,ARTIST,FOIL,,GOVERNED,FULL_MODEL,PASS,,TIER_1,FULL_HISTORICAL_ANALYSIS,LONG_HISTORY,30,31,1,TRUSTED_HISTORY_WITH_EBAY_SUPPLEMENT,874,2026-07-01,29,65.00,25.34,22.82,7.90,-3.39,HISTORICALLY_STRONG,100.00,66.42,89.03,100.00,100.00,70.34,5.00,73.20,84.64,98.05,PURCHASE_ANALYSIS_ELIGIBLE,,false,UNIVERSAL_TIERED_HISTORICAL_AND_CURRENT_EVIDENCE_ANALYSIS,TIER_1_FORWARD_SCENARIO_V2_RECALIBRATED,2026-07-30,99.50,HIGH,SCENARIO_MODEL_READY,,false,true,MODERATED_HISTORICAL_CLASS_ANCHORED_SCENARIO_MODEL,73.60,0.00,9.49,13.18,13.18,65.00,71.17,73.57,65.00,85.32,94.24,65.00,102.28,120.73,SCENARIO_NOT_GUARANTEE|CURRENT_VALUE_REQUIRES_VERIFICATION|HISTORICAL_RETURNS_MEAN_REVERTED|FEES_TAXES_SHIPPING_AND_LIQUIDITY_NOT_APPLIED,19
MTG:SECRET_LAIR:SL-70307120926003,Drop: Artist Series: Wayne Reynolds - Traditional Foil Edition — Foil Edition,SECRET_LAIR,ARTIST,FOIL,,GOVERNED,FULL_MODEL,PASS,,TIER_1,FULL_HISTORICAL_ANALYSIS,LONG_HISTORY,30,31,1,TRUSTED_HISTORY_WITH_EBAY_SUPPLEMENT,874,2026-07-01,29,52.50,34.09,40.75,13.85,-12.44,HISTORICALLY_STRONG,100.00,80.44,66.58,100.00,100.00,60.45,5.00,76.28,84.51,97.94,PURCHASE_ANALYSIS_ELIGIBLE,,false,UNIVERSAL_TIERED_HISTORICAL_AND_CURRENT_EVIDENCE_ANALYSIS,TIER_1_FORWARD_SCENARIO_V2_RECALIBRATED,2026-07-30,99.50,HIGH,SCENARIO_MODEL_READY,,false,true,MODERATED_HISTORICAL_CLASS_ANCHORED_SCENARIO_MODEL,83.81,0.00,9.26,13.58,13.58,52.50,57.36,59.63,52.50,68.48,76.93,52.50,81.75,99.25,SCENARIO_NOT_GUARANTEE|CURRENT_VALUE_REQUIRES_VERIFICATION|HISTORICAL_RETURNS_MEAN_REVERTED|FEES_TAXES_SHIPPING_AND_LIQUIDITY_NOT_APPLIED,20
MTG:SECRET_LAIR:SL-6913FBEDFDB80B,Drop: Dogs Are Better Than Cats - Non-Foil Edition — Nonfoil Edition,SECRET_LAIR,STANDARD_DROP,NONFOIL,,GOVERNED,FULL_MODEL,PASS,,TIER_1,FULL_HISTORICAL_ANALYSIS,MEDIUM_HISTORY,16,17,1,TRUSTED_HISTORY_WITH_EBAY_SUPPLEMENT,456,2026-07-01,29,135.00,70.90,46.89,14.79,0.00,HISTORICALLY_STRONG,56.99,89.80,81.14,100.00,100.00,72.27,5.00,87.20,84.33,97.94,PURCHASE_ANALYSIS_ELIGIBLE,,false,UNIVERSAL_TIERED_HISTORICAL_AND_CURRENT_EVIDENCE_ANALYSIS,TIER_1_FORWARD_SCENARIO_V2_RECALIBRATED,2026-07-30,79.60,MODERATE_HIGH,SCENARIO_MODEL_READY,,false,true,MODERATED_HISTORICAL_CLASS_ANCHORED_SCENARIO_MODEL,97.53,0.00,10.47,14.33,14.33,135.00,149.13,154.35,135.00,181.99,201.77,135.00,222.09,263.76,SCENARIO_NOT_GUARANTEE|CURRENT_VALUE_REQUIRES_VERIFICATION|HISTORICAL_RETURNS_MEAN_REVERTED|FEES_TAXES_SHIPPING_AND_LIQUIDITY_NOT_APPLIED,21
MTG:SECRET_LAIR:SL-26D60205AA523A,Drop: Secret Lair x Fortnite - Traditional Foil Edition — Foil Edition,SECRET_LAIR,CROSSOVER,FOIL,,GOVERNED,FULL_MODEL,PASS,,TIER_1,FULL_HISTORICAL_ANALYSIS,LONG_HISTORY,30,31,1,TRUSTED_HISTORY_WITH_EBAY_SUPPLEMENT,874,2026-07-01,29,130.98,29.03,28.45,11.50,-7.64,HISTORICALLY_STRONG,100.00,71.48,77.62,100.00,100.00,64.66,5.00,73.32,83.88,97.74,PURCHASE_ANALYSIS_ELIGIBLE,,false,UNIVERSAL_TIERED_HISTORICAL_AND_CURRENT_EVIDENCE_ANALYSIS,TIER_1_FORWARD_SCENARIO_V2_RECALIBRATED,2026-07-30,99.50,HIGH,SCENARIO_MODEL_READY,,false,true,MODERATED_HISTORICAL_CLASS_ANCHORED_SCENARIO_MODEL,77.75,0.00,9.28,13.31,13.31,130.98,143.14,148.41,130.98,170.96,190.54,130.98,204.18,244.63,SCENARIO_NOT_GUARANTEE|CURRENT_VALUE_REQUIRES_VERIFICATION|HISTORICAL_RETURNS_MEAN_REVERTED|FEES_TAXES_SHIPPING_AND_LIQUIDITY_NOT_APPLIED,22
MTG:SECRET_LAIR:SL-EA3F127E1B6608,Drop: Secret Lair x Fallout: Vault Boy - Rainbow Foil Edition — Foil Edition,SECRET_LAIR,CROSSOVER,RAINBOW_FOIL,,GOVERNED,FULL_MODEL,PASS,,TIER_1,FULL_HISTORICAL_ANALYSIS,LONG_HISTORY,27,28,1,TRUSTED_HISTORY_WITH_EBAY_SUPPLEMENT,791,2026-07-01,29,144.97,44.95,45.31,19.14,-10.92,HISTORICALLY_STRONG,94.00,85.53,59.86,100.00,100.00,55.80,5.00,77.83,83.87,97.64,PURCHASE_ANALYSIS_ELIGIBLE,,false,UNIVERSAL_TIERED_HISTORICAL_AND_CURRENT_EVIDENCE_ANALYSIS,TIER_1_FORWARD_SCENARIO_V2_RECALIBRATED,2026-07-30,96.20,HIGH,SCENARIO_MODEL_READY,,false,true,MODERATED_HISTORICAL_CLASS_ANCHORED_SCENARIO_MODEL,91.15,0.00,9.41,13.91,13.91,144.97,158.61,165.13,144.97,189.85,214.25,144.97,227.26,277.97,SCENARIO_NOT_GUARANTEE|CURRENT_VALUE_REQUIRES_VERIFICATION|HISTORICAL_RETURNS_MEAN_REVERTED|FEES_TAXES_SHIPPING_AND_LIQUIDITY_NOT_APPLIED,24
MTG:SECRET_LAIR:SL-B9EC0C6C5561F1,Drop: Artist Series: Alayna Danner - Non-Foil Edition — Nonfoil Edition,SECRET_LAIR,ARTIST,NONFOIL,,GOVERNED,FULL_MODEL,PASS,,TIER_1,FULL_HISTORICAL_ANALYSIS,LONG_HISTORY,30,31,1,TRUSTED_HISTORY_WITH_EBAY_SUPPLEMENT,874,2026-07-01,29,85.98,24.48,34.58,13.39,-5.14,HISTORICALLY_STRONG,100.00,70.91,77.40,100.00,100.00,61.93,5.00,72.86,83.65,97.64,PURCHASE_ANALYSIS_ELIGIBLE,,false,UNIVERSAL_TIERED_HISTORICAL_AND_CURRENT_EVIDENCE_ANALYSIS,TIER_1_FORWARD_SCENARIO_V2_RECALIBRATED,2026-07-30,99.50,HIGH,SCENARIO_MODEL_READY,,false,true,MODERATED_HISTORICAL_CLASS_ANCHORED_SCENARIO_MODEL,71.53,0.00,9.21,13.22,13.22,85.98,93.90,97.35,85.98,111.99,124.78,85.98,133.57,159.95,SCENARIO_NOT_GUARANTEE|CURRENT_VALUE_REQUIRES_VERIFICATION|HISTORICAL_RETURNS_MEAN_REVERTED|FEES_TAXES_SHIPPING_AND_LIQUIDITY_NOT_APPLIED,23
MTG:SECRET_LAIR:SL-255A0A2F4FEB20,Drop: The Tokyo Lands - Non-Foil Edition — Nonfoil Edition,SECRET_LAIR,STANDARD_DROP,NONFOIL,,GOVERNED,FULL_MODEL,PASS,,TIER_1,FULL_HISTORICAL_ANALYSIS,LONG_HISTORY,30,31,1,TRUSTED_HISTORY_WITH_EBAY_SUPPLEMENT,874,2026-07-01,29,75.00,22.72,40.62,11.74,-8.16,HISTORICALLY_STRONG,100.00,71.09,76.62,100.00,100.00,60.91,5.00,72.75,83.54,97.53,PURCHASE_ANALYSIS_ELIGIBLE,,false,UNIVERSAL_TIERED_HISTORICAL_AND_CURRENT_EVIDENCE_ANALYSIS,TIER_1_FORWARD_SCENARIO_V2_RECALIBRATED,2026-07-30,99.50,HIGH,SCENARIO_MODEL_READY,,false,true,MODERATED_HISTORICAL_CLASS_ANCHORED_SCENARIO_MODEL,68.18,0.00,9.12,13.17,13.17,75.00,81.84,84.88,75.00,97.44,108.72,75.00,116.02,139.24,SCENARIO_NOT_GUARANTEE|CURRENT_VALUE_REQUIRES_VERIFICATION|HISTORICAL_RETURNS_MEAN_REVERTED|FEES_TAXES_SHIPPING_AND_LIQUIDITY_NOT_APPLIED,25
MTG:SECRET_LAIR:SL-213339E791C59A,"x Warhammer 40,000: Orks - Non-Foil Edition — Nonfoil Edition",SECRET_LAIR,STANDARD_DROP,NONFOIL,,GOVERNED,FULL_MODEL,PASS,,TIER_1,FULL_HISTORICAL_ANALYSIS,LONG_HISTORY,28,29,1,TRUSTED_HISTORY_WITH_EBAY_SUPPLEMENT,874,2026-07-01,29,187.79,40.16,61.33,17.27,-21.03,HISTORICALLY_STRONG,96.00,87.91,52.40,100.00,100.00,53.98,5.00,77.26,83.37,97.43,PURCHASE_ANALYSIS_ELIGIBLE,,false,UNIVERSAL_TIERED_HISTORICAL_AND_CURRENT_EVIDENCE_ANALYSIS,TIER_1_FORWARD_SCENARIO_V2_RECALIBRATED,2026-07-30,97.30,HIGH,SCENARIO_MODEL_READY,,false,true,MODERATED_HISTORICAL_CLASS_ANCHORED_SCENARIO_MODEL,88.76,0.00,8.99,13.81,13.81,187.79,204.68,213.73,187.79,243.15,276.84,187.79,288.85,358.60,SCENARIO_NOT_GUARANTEE|CURRENT_VALUE_REQUIRES_VERIFICATION|HISTORICAL_RETURNS_MEAN_REVERTED|FEES_TAXES_SHIPPING_AND_LIQUIDITY_NOT_APPLIED,26
MTG:SECRET_LAIR:SL-95C045CE385254,Drop: Artist Series: Mark Poole - Non-Foil Edition — Nonfoil Edition,SECRET_LAIR,ARTIST,NONFOIL,,GOVERNED,FULL_MODEL,PASS,,TIER_1,FULL_HISTORICAL_ANALYSIS,LONG_HISTORY,30,31,1,TRUSTED_HISTORY_WITH_EBAY_SUPPLEMENT,874,2026-07-01,29,47.00,22.60,56.26,13.84,-9.65,HISTORICALLY_STRONG,100.00,74.60,69.98,100.00,100.00,58.07,5.00,73.21,83.29,97.33,PURCHASE_ANALYSIS_ELIGIBLE,,false,UNIVERSAL_TIERED_HISTORICAL_AND_CURRENT_EVIDENCE_ANALYSIS,TIER_1_FORWARD_SCENARIO_V2_RECALIBRATED,2026-07-30,99.50,HIGH,SCENARIO_MODEL_READY,,false,true,MODERATED_HISTORICAL_CLASS_ANCHORED_SCENARIO_MODEL,67.78,0.00,9.09,13.30,13.30,47.00,51.27,53.25,47.00,61.02,68.36,47.00,72.62,87.76,SCENARIO_NOT_GUARANTEE|CURRENT_VALUE_REQUIRES_VERIFICATION|HISTORICAL_RETURNS_MEAN_REVERTED|FEES_TAXES_SHIPPING_AND_LIQUIDITY_NOT_APPLIED,27
MTG:SECRET_LAIR:SL-B9248149A4056B,Drop: Draw Your Hand - Traditional Foil Edition — Foil Edition,SECRET_LAIR,STANDARD_DROP,FOIL,,GOVERNED,FULL_MODEL,PASS,,TIER_1,FULL_HISTORICAL_ANALYSIS,LONG_HISTORY,30,31,1,TRUSTED_HISTORY_WITH_EBAY_SUPPLEMENT,874,2026-07-01,29,69.99,30.90,24.54,11.85,-8.37,HISTORICALLY_STRONG,100.00,70.24,76.12,100.00,100.00,63.18,5.00,72.00,83.15,97.23,PURCHASE_ANALYSIS_ELIGIBLE,,false,UNIVERSAL_TIERED_HISTORICAL_AND_CURRENT_EVIDENCE_ANALYSIS,TIER_1_FORWARD_SCENARIO_V2_RECALIBRATED,2026-07-30,99.50,HIGH,SCENARIO_MODEL_READY,,false,true,MODERATED_HISTORICAL_CLASS_ANCHORED_SCENARIO_MODEL,79.19,0.00,9.21,13.28,13.28,69.99,76.44,79.29,69.99,91.18,101.75,69.99,108.75,130.57,SCENARIO_NOT_GUARANTEE|CURRENT_VALUE_REQUIRES_VERIFICATION|HISTORICAL_RETURNS_MEAN_REVERTED|FEES_TAXES_SHIPPING_AND_LIQUIDITY_NOT_APPLIED,28
MTG:SECRET_LAIR:SL-74035B29B5EAA4,Drop: Artist Series: Thomas Baxa - Non-Foil Edition — Nonfoil Edition,SECRET_LAIR,ARTIST,NONFOIL,,GOVERNED,FULL_MODEL,PASS,,TIER_1,FULL_HISTORICAL_ANALYSIS,LONG_HISTORY,30,31,1,TRUSTED_HISTORY_WITH_EBAY_SUPPLEMENT,874,2026-07-01,29,37.49,27.72,48.00,15.64,-13.11,HISTORICALLY_STRONG,100.00,77.62,62.05,100.00,100.00,57.50,5.00,72.95,82.59,97.02,PURCHASE_ANALYSIS_ELIGIBLE,,false,UNIVERSAL_TIERED_HISTORICAL_AND_CURRENT_EVIDENCE_ANALYSIS,TIER_1_FORWARD_SCENARIO_V2_RECALIBRATED,2026-07-30,99.50,HIGH,SCENARIO_MODEL_READY,,false,true,MODERATED_HISTORICAL_CLASS_ANCHORED_SCENARIO_MODEL,76.32,0.00,8.91,13.34,13.34,37.49,40.83,42.49,37.49,48.43,54.58,37.49,57.44,70.11,SCENARIO_NOT_GUARANTEE|CURRENT_VALUE_REQUIRES_VERIFICATION|HISTORICAL_RETURNS_MEAN_REVERTED|FEES_TAXES_SHIPPING_AND_LIQUIDITY_NOT_APPLIED,29
MTG:SECRET_LAIR:SL-B5F3C839262F36,Drop: The '90s Binder Experience - Traditional Foil Edition — Foil Edition,SECRET_LAIR,STANDARD_DROP,FOIL,,GOVERNED,FULL_MODEL,PASS,,TIER_1,FULL_HISTORICAL_ANALYSIS,LONG_HISTORY,30,31,1,TRUSTED_HISTORY_WITH_EBAY_SUPPLEMENT,874,2026-07-01,29,127.50,25.38,19.67,10.94,-7.00,HISTORICALLY_STRONG,100.00,65.23,79.35,100.00,100.00,62.95,5.00,69.47,82.16,96.92,PURCHASE_ANALYSIS_ELIGIBLE,,false,UNIVERSAL_TIERED_HISTORICAL_AND_CURRENT_EVIDENCE_ANALYSIS,TIER_1_FORWARD_SCENARIO_V2_RECALIBRATED,2026-07-30,99.50,HIGH,SCENARIO_MODEL_READY,,false,true,MODERATED_HISTORICAL_CLASS_ANCHORED_SCENARIO_MODEL,73.76,0.00,9.00,12.97,12.97,127.50,138.97,144.04,127.50,165.11,183.82,127.50,196.15,234.60,SCENARIO_NOT_GUARANTEE|CURRENT_VALUE_REQUIRES_VERIFICATION|HISTORICAL_RETURNS_MEAN_REVERTED|FEES_TAXES_SHIPPING_AND_LIQUIDITY_NOT_APPLIED,30
MTG:SECRET_LAIR:SL-01DC7B8F9D05F8,Drop: Totally Spaced Out - Galaxy Foil Edition — Foil Edition,SECRET_LAIR,STANDARD_DROP,GALAXY_FOIL,,GOVERNED,FULL_MODEL,PASS,,TIER_1,FULL_HISTORICAL_ANALYSIS,LONG_HISTORY,30,31,1,TRUSTED_HISTORY_WITH_EBAY_SUPPLEMENT,874,2026-07-01,29,180.00,25.30,33.20,14.40,-8.79,HISTORICALLY_STRONG,100.00,71.21,69.64,100.00,100.00,56.59,5.00,70.74,82.08,96.92,PURCHASE_ANALYSIS_ELIGIBLE,,false,UNIVERSAL_TIERED_HISTORICAL_AND_CURRENT_EVIDENCE_ANALYSIS,TIER_1_FORWARD_SCENARIO_V2_RECALIBRATED,2026-07-30,99.50,HIGH,SCENARIO_MODEL_READY,,false,true,MODERATED_HISTORICAL_CLASS_ANCHORED_SCENARIO_MODEL,73.29,0.00,8.91,13.11,13.11,180.00,196.04,203.59,180.00,232.52,260.47,180.00,275.79,333.23,SCENARIO_NOT_GUARANTEE|CURRENT_VALUE_REQUIRES_VERIFICATION|HISTORICAL_RETURNS_MEAN_REVERTED|FEES_TAXES_SHIPPING_AND_LIQUIDITY_NOT_APPLIED,31
MTG:SECRET_LAIR:SL-37F8EC322DC4FF,Drop: Secret Lair x Tomb Raider - Traditional Foil Edition — Foil Edition,SECRET_LAIR,CROSSOVER,FOIL,,GOVERNED,FULL_MODEL,PASS,,TIER_1,FULL_HISTORICAL_ANALYSIS,LONG_HISTORY,30,31,1,TRUSTED_HISTORY_WITH_EBAY_SUPPLEMENT,874,2026-07-01,29,222.49,58.76,16.82,18.78,-9.42,HISTORICALLY_STRONG,100.00,75.69,62.14,100.00,100.00,56.59,5.00,71.62,81.97,96.81,PURCHASE_ANALYSIS_ELIGIBLE,,false,UNIVERSAL_TIERED_HISTORICAL_AND_CURRENT_EVIDENCE_ANALYSIS,TIER_1_FORWARD_SCENARIO_V2_RECALIBRATED,2026-07-30,99.50,HIGH,SCENARIO_MODEL_READY,,false,true,MODERATED_HISTORICAL_CLASS_ANCHORED_SCENARIO_MODEL,94.50,0.00,9.51,13.93,13.93,222.49,243.64,253.48,222.49,292.15,329.00,222.49,350.33,427.01,SCENARIO_NOT_GUARANTEE|CURRENT_VALUE_REQUIRES_VERIFICATION|HISTORICAL_RETURNS_MEAN_REVERTED|FEES_TAXES_SHIPPING_AND_LIQUIDITY_NOT_APPLIED,32
MTG:SECRET_LAIR:SL-01E98F93055799,Drop: Artist Series: Sam Burley - Traditional Foil Edition — Foil Edition,SECRET_LAIR,ARTIST,FOIL,,GOVERNED,FULL_MODEL,PASS,,TIER_1,FULL_HISTORICAL_ANALYSIS,LONG_HISTORY,30,31,1,TRUSTED_HISTORY_WITH_EBAY_SUPPLEMENT,874,2026-07-01,29,58.00,24.58,46.42,14.58,-15.03,HISTORICALLY_STRONG,100.00,74.51,61.99,100.00,100.00,52.73,5.00,70.75,81.54,96.71,PURCHASE_ANALYSIS_ELIGIBLE,,false,UNIVERSAL_TIERED_HISTORICAL_AND_CURRENT_EVIDENCE_ANALYSIS,TIER_1_FORWARD_SCENARIO_V2_RECALIBRATED,2026-07-30,99.50,HIGH,SCENARIO_MODEL_READY,,false,true,MODERATED_HISTORICAL_CLASS_ANCHORED_SCENARIO_MODEL,71.69,0.00,8.67,13.13,13.13,58.00,63.03,65.62,58.00,74.44,83.98,58.00,87.91,107.48,SCENARIO_NOT_GUARANTEE|CURRENT_VALUE_REQUIRES_VERIFICATION|HISTORICAL_RETURNS_MEAN_REVERTED|FEES_TAXES_SHIPPING_AND_LIQUIDITY_NOT_APPLIED,33
MTG:SECRET_LAIR:SL-142966DB35DC8F,Drop: Artist Series: Sam Burley - Non-Foil Edition — Nonfoil Edition,SECRET_LAIR,ARTIST,NONFOIL,,GOVERNED,FULL_MODEL,PASS,,TIER_1,FULL_HISTORICAL_ANALYSIS,LONG_HISTORY,30,31,1,TRUSTED_HISTORY_WITH_EBAY_SUPPLEMENT,874,2026-07-01,29,69.98,35.55,53.16,21.74,-20.82,HISTORICALLY_STRONG,100.00,83.90,46.75,100.00,100.00,51.82,5.00,72.75,81.41,96.61,PURCHASE_ANALYSIS_ELIGIBLE,,false,UNIVERSAL_TIERED_HISTORICAL_AND_CURRENT_EVIDENCE_ANALYSIS,TIER_1_FORWARD_SCENARIO_V2_RECALIBRATED,2026-07-30,99.50,HIGH,SCENARIO_MODEL_READY,,false,true,MODERATED_HISTORICAL_CLASS_ANCHORED_SCENARIO_MODEL,84.85,0.00,8.53,13.55,13.55,69.98,75.95,79.46,69.98,89.47,102.44,69.98,105.39,132.08,SCENARIO_NOT_GUARANTEE|CURRENT_VALUE_REQUIRES_VERIFICATION|HISTORICAL_RETURNS_MEAN_REVERTED|FEES_TAXES_SHIPPING_AND_LIQUIDITY_NOT_APPLIED,34
MTG:PRE_COLLECTOR_BOOSTER_BOX:MTG-CANON-TCGPLAYER-157857,Masters 25 - Booster Box,PRE_COLLECTOR_BOOSTER_BOX,,,2018-03-16,GOVERNED,FULL_MODEL,FORECAST_READY,,TIER_1,FULL_HISTORICAL_ANALYSIS,LONG_HISTORY,30,31,1,TRUSTED_HISTORY_WITH_EBAY_SUPPLEMENT,874,2026-07-01,29,323.98,24.84,59.81,10.18,-3.40,HISTORICALLY_STRONG,100.00,85.35,89.94,70.00,60.00,80.96,5.00,86.73,81.18,100.00,PURCHASE_ANALYSIS_ELIGIBLE,,false,UNIVERSAL_TIERED_HISTORICAL_AND_CURRENT_EVIDENCE_ANALYSIS,TIER_1_FORWARD_SCENARIO_V2_RECALIBRATED,2026-07-30,84.00,HIGH,SCENARIO_MODEL_READY,,false,true,MODERATED_HISTORICAL_CLASS_ANCHORED_SCENARIO_MODEL,85.53,1.00,10.11,13.91,12.91,327.22,356.75,369.04,333.80,432.56,478.84,340.51,524.49,621.29,SCENARIO_NOT_GUARANTEE|CURRENT_VALUE_REQUIRES_VERIFICATION|HISTORICAL_RETURNS_MEAN_REVERTED|FEES_TAXES_SHIPPING_AND_LIQUIDITY_NOT_APPLIED,1
MTG:SECRET_LAIR:SL-832BF55C6E27A1,Drop: Showcase: Read The Fine Print - Non-Foil Edition — Nonfoil Edition,SECRET_LAIR,STANDARD_DROP,NONFOIL,,GOVERNED,FULL_MODEL,PASS,,TIER_1,FULL_HISTORICAL_ANALYSIS,LONG_HISTORY,30,31,1,TRUSTED_HISTORY_WITH_EBAY_SUPPLEMENT,874,2026-07-01,29,56.78,17.64,38.04,12.17,-10.29,HISTORICALLY_STRONG,100.00,65.87,72.92,100.00,100.00,53.98,5.00,67.98,80.99,96.40,PURCHASE_ANALYSIS_ELIGIBLE,,false,UNIVERSAL_TIERED_HISTORICAL_AND_CURRENT_EVIDENCE_ANALYSIS,TIER_1_FORWARD_SCENARIO_V2_RECALIBRATED,2026-07-30,99.50,HIGH,SCENARIO_MODEL_READY,,false,true,MODERATED_HISTORICAL_CLASS_ANCHORED_SCENARIO_MODEL,61.00,0.00,8.61,12.77,12.77,56.78,61.67,64.03,56.78,72.75,81.43,56.78,85.82,103.56,SCENARIO_NOT_GUARANTEE|CURRENT_VALUE_REQUIRES_VERIFICATION|HISTORICAL_RETURNS_MEAN_REVERTED|FEES_TAXES_SHIPPING_AND_LIQUIDITY_NOT_APPLIED,35
MTG:SECRET_LAIR:SL-F3F1C2A23E48D0,Drop: Secret Lair x Dungeons & Dragons: An Exhibition of Adventure - Rainbow Foil Edition — Foil Edition,SECRET_LAIR,CROSSOVER,RAINBOW_FOIL,,GOVERNED,FULL_MODEL,PASS,,TIER_1,FULL_HISTORICAL_ANALYSIS,MEDIUM_HISTORY,23,24,1,TRUSTED_HISTORY_WITH_EBAY_SUPPLEMENT,668,2026-07-01,29,99.47,31.72,56.53,16.84,-14.21,HISTORICALLY_STRONG,82.60,82.06,59.46,100.00,100.00,54.72,5.00,75.28,80.91,96.30,PURCHASE_ANALYSIS_ELIGIBLE,,false,UNIVERSAL_TIERED_HISTORICAL_AND_CURRENT_EVIDENCE_ANALYSIS,TIER_1_FORWARD_SCENARIO_V2_RECALIBRATED,2026-07-30,90.78,HIGH,SCENARIO_MODEL_READY,,false,true,MODERATED_HISTORICAL_CLASS_ANCHORED_SCENARIO_MODEL,80.14,0.00,8.75,13.28,13.28,99.47,108.18,112.68,99.47,127.94,144.59,99.47,151.32,185.54,SCENARIO_NOT_GUARANTEE|CURRENT_VALUE_REQUIRES_VERIFICATION|HISTORICAL_RETURNS_MEAN_REVERTED|FEES_TAXES_SHIPPING_AND_LIQUIDITY_NOT_APPLIED,36
MTG:COLLECTOR_BOOSTER_BOX:TCGCSV-3157-282224,The Brothers' War Collector Booster Display,COLLECTOR_BOOSTER_BOX,,,,GOVERNED,FULL_MODEL,EVALUATED,,TIER_1,FULL_HISTORICAL_ANALYSIS,LONG_HISTORY,32,32,1,TRUSTED_HISTORY_WITH_EBAY_SUPPLEMENT,884,2026-07-11,19,899.44,76.69,147.92,26.35,-3.15,HISTORICALLY_STRONG,100.00,84.19,67.13,95.00,60.00,74.38,5.00,79.07,80.89,100.00,PURCHASE_ANALYSIS_ELIGIBLE,,false,UNIVERSAL_TIERED_HISTORICAL_AND_CURRENT_EVIDENCE_ANALYSIS,TIER_1_FORWARD_SCENARIO_V2_RECALIBRATED,2026-07-30,90.25,HIGH,SCENARIO_MODEL_READY,,false,true,MODERATED_HISTORICAL_CLASS_ANCHORED_SCENARIO_MODEL,77.38,1.00,12.11,16.63,15.63,908.43,1008.41,1048.99,926.69,1267.54,1426.81,945.32,1593.27,1940.71,SCENARIO_NOT_GUARANTEE|CURRENT_VALUE_REQUIRES_VERIFICATION|HISTORICAL_RETURNS_MEAN_REVERTED|FEES_TAXES_SHIPPING_AND_LIQUIDITY_NOT_APPLIED,1
MTG:SECRET_LAIR:SL-10F7835581923D,Drop: Phyrexian Praetors: Compleat Edition - Non-Foil Edition — Nonfoil Edition,SECRET_LAIR,STANDARD_DROP,NONFOIL,,GOVERNED,FULL_MODEL,PASS,,TIER_1,FULL_HISTORICAL_ANALYSIS,LONG_HISTORY,30,31,1,TRUSTED_HISTORY_WITH_EBAY_SUPPLEMENT,874,2026-07-01,29,54.99,23.37,42.54,13.38,-18.39,HISTORICALLY_STRONG,100.00,72.21,61.73,100.00,100.00,50.23,5.00,69.07,80.71,96.20,PURCHASE_ANALYSIS_ELIGIBLE,,false,UNIVERSAL_TIERED_HISTORICAL_AND_CURRENT_EVIDENCE_ANALYSIS,TIER_1_FORWARD_SCENARIO_V2_RECALIBRATED,2026-07-30,99.50,HIGH,SCENARIO_MODEL_READY,,false,true,MODERATED_HISTORICAL_CLASS_ANCHORED_SCENARIO_MODEL,69.30,0.00,8.43,12.96,12.96,54.99,59.62,62.12,54.99,70.10,79.27,54.99,82.41,101.16,SCENARIO_NOT_GUARANTEE|CURRENT_VALUE_REQUIRES_VERIFICATION|HISTORICAL_RETURNS_MEAN_REVERTED|FEES_TAXES_SHIPPING_AND_LIQUIDITY_NOT_APPLIED,38
MTG:SECRET_LAIR:SL-A4528679EBCD24,Drop: Imaginary Friends - Non-Foil Edition — Nonfoil Edition,SECRET_LAIR,STANDARD_DROP,NONFOIL,,GOVERNED,FULL_MODEL,PASS,,TIER_1,FULL_HISTORICAL_ANALYSIS,LONG_HISTORY,30,31,1,TRUSTED_HISTORY_WITH_EBAY_SUPPLEMENT,874,2026-07-01,29,49.99,15.81,12.15,5.98,-3.22,HISTORICALLY_STRONG,100.00,52.77,91.29,100.00,100.00,61.25,5.00,64.33,80.56,96.20,PURCHASE_ANALYSIS_ELIGIBLE,,false,UNIVERSAL_TIERED_HISTORICAL_AND_CURRENT_EVIDENCE_ANALYSIS,TIER_1_FORWARD_SCENARIO_V2_RECALIBRATED,2026-07-30,99.50,HIGH,SCENARIO_MODEL_READY,,false,true,MODERATED_HISTORICAL_CLASS_ANCHORED_SCENARIO_MODEL,58.61,0.00,8.78,12.37,12.37,49.99,54.38,56.18,49.99,64.34,70.94,49.99,76.13,89.58,SCENARIO_NOT_GUARANTEE|CURRENT_VALUE_REQUIRES_VERIFICATION|HISTORICAL_RETURNS_MEAN_REVERTED|FEES_TAXES_SHIPPING_AND_LIQUIDITY_NOT_APPLIED,37
MTG:SECRET_LAIR:SL-0F86D31256941D,Drop: Secret Lair x Marvel's Wolverine - Rainbow Foil Edition — Foil Edition,SECRET_LAIR,CROSSOVER,RAINBOW_FOIL,,GOVERNED,FULL_MODEL,PASS,,TIER_1,FULL_HISTORICAL_ANALYSIS,MEDIUM_HISTORY,20,21,1,TRUSTED_HISTORY_WITH_EBAY_SUPPLEMENT,577,2026-07-01,29,135.00,33.78,47.61,17.42,-7.78,HISTORICALLY_STRONG,71.62,81.44,66.14,100.00,100.00,58.07,5.00,76.85,80.50,96.09,PURCHASE_ANALYSIS_ELIGIBLE,,false,UNIVERSAL_TIERED_HISTORICAL_AND_CURRENT_EVIDENCE_ANALYSIS,TIER_1_FORWARD_SCENARIO_V2_RECALIBRATED,2026-07-30,85.99,HIGH,SCENARIO_MODEL_READY,,false,true,MODERATED_HISTORICAL_CLASS_ANCHORED_SCENARIO_MODEL,83.17,0.00,8.89,13.19,13.19,135.00,147.01,152.81,135.00,174.32,195.77,135.00,206.71,250.83,SCENARIO_NOT_GUARANTEE|CURRENT_VALUE_REQUIRES_VERIFICATION|HISTORICAL_RETURNS_MEAN_REVERTED|FEES_TAXES_SHIPPING_AND_LIQUIDITY_NOT_APPLIED,39
MTG:SECRET_LAIR:SL-C44AE37BDB68A9,Drop: City Styles 2: Dressed to Kill - Rainbow Foil Edition — Foil Edition,SECRET_LAIR,STANDARD_DROP,RAINBOW_FOIL,,GOVERNED,FULL_MODEL,PASS,,TIER_1,FULL_HISTORICAL_ANALYSIS,MEDIUM_HISTORY,17,18,1,TRUSTED_HISTORY_WITH_EBAY_SUPPLEMENT,487,2026-07-01,29,133.99,46.75,79.47,21.88,-10.47,HISTORICALLY_STRONG,60.68,92.02,57.22,100.00,100.00,58.69,5.00,81.58,80.48,95.89,PURCHASE_ANALYSIS_ELIGIBLE,,false,UNIVERSAL_TIERED_HISTORICAL_AND_CURRENT_EVIDENCE_ANALYSIS,TIER_1_FORWARD_SCENARIO_V2_RECALIBRATED,2026-07-30,81.20,HIGH,SCENARIO_MODEL_READY,,false,true,MODERATED_HISTORICAL_CLASS_ANCHORED_SCENARIO_MODEL,92.26,0.00,9.17,13.77,13.77,133.99,146.28,152.45,133.99,174.34,197.33,133.99,207.78,255.44,SCENARIO_NOT_GUARANTEE|CURRENT_VALUE_REQUIRES_VERIFICATION|HISTORICAL_RETURNS_MEAN_REVERTED|FEES_TAXES_SHIPPING_AND_LIQUIDITY_NOT_APPLIED,40
MTG:COLLECTOR_BOOSTER_BOX:TCGCSV-2773-233232,Strixhaven: School of Mages Collector Booster Display,COLLECTOR_BOOSTER_BOX,,,,GOVERNED,FULL_MODEL,EVALUATED,,TIER_1,FULL_HISTORICAL_ANALYSIS,LONG_HISTORY,32,32,1,TRUSTED_HISTORY_WITH_EBAY_SUPPLEMENT,884,2026-07-11,19,649.99,59.86,85.10,15.78,-1.66,HISTORICALLY_STRONG,100.00,66.36,90.45,95.00,60.00,75.38,5.00,73.59,79.93,97.96,PURCHASE_ANALYSIS_ELIGIBLE,,false,UNIVERSAL_TIERED_HISTORICAL_AND_CURRENT_EVIDENCE_ANALYSIS,TIER_1_FORWARD_SCENARIO_V2_RECALIBRATED,2026-07-30,90.25,HIGH,SCENARIO_MODEL_READY,,false,true,MODERATED_HISTORICAL_CLASS_ANCHORED_SCENARIO_MODEL,63.10,1.00,12.20,16.18,15.18,656.49,729.29,755.13,669.69,918.08,1019.20,683.15,1155.76,1375.61,SCENARIO_NOT_GUARANTEE|CURRENT_VALUE_REQUIRES_VERIFICATION|HISTORICAL_RETURNS_MEAN_REVERTED|FEES_TAXES_SHIPPING_AND_LIQUIDITY_NOT_APPLIED,2
MTG:SECRET_LAIR:SL-207EFFFEEB79A0,Drop: Monster Movie Marathon - Traditional Foil Edition — Foil Edition,SECRET_LAIR,STANDARD_DROP,FOIL,,GOVERNED,FULL_MODEL,PASS,,TIER_1,FULL_HISTORICAL_ANALYSIS,LONG_HISTORY,30,31,1,TRUSTED_HISTORY_WITH_EBAY_SUPPLEMENT,874,2026-07-01,29,72.75,21.13,4.90,8.66,-4.11,HISTORICALLY_STRONG,100.00,52.96,87.41,100.00,100.00,58.18,5.00,63.29,79.78,95.79,PURCHASE_ANALYSIS_ELIGIBLE,,false,UNIVERSAL_TIERED_HISTORICAL_AND_CURRENT_EVIDENCE_ANALYSIS,TIER_1_FORWARD_SCENARIO_V2_RECALIBRATED,2026-07-30,99.50,HIGH,SCENARIO_MODEL_READY,,false,true,MODERATED_HISTORICAL_CLASS_ANCHORED_SCENARIO_MODEL,65.15,0.00,8.63,12.38,12.38,72.75,79.02,81.76,72.75,93.24,103.25,72.75,110.02,130.40,SCENARIO_NOT_GUARANTEE|CURRENT_VALUE_REQUIRES_VERIFICATION|HISTORICAL_RETURNS_MEAN_REVERTED|FEES_TAXES_SHIPPING_AND_LIQUIDITY_NOT_APPLIED,42
MTG:SECRET_LAIR:SL-DB82DC16CD1A6A,Drop: Monster Movie Marathon - Non-Foil Edition — Nonfoil Edition,SECRET_LAIR,STANDARD_DROP,NONFOIL,,GOVERNED,FULL_MODEL,PASS,,TIER_1,FULL_HISTORICAL_ANALYSIS,LONG_HISTORY,30,31,1,TRUSTED_HISTORY_WITH_EBAY_SUPPLEMENT,874,2026-07-01,29,67.50,13.41,8.58,4.49,-1.13,HISTORICALLY_STRONG,100.00,48.43,93.70,100.00,100.00,57.50,5.00,62.01,79.62,95.79,PURCHASE_ANALYSIS_ELIGIBLE,,false,UNIVERSAL_TIERED_HISTORICAL_AND_CURRENT_EVIDENCE_ANALYSIS,TIER_1_FORWARD_SCENARIO_V2_RECALIBRATED,2026-07-30,99.50,HIGH,SCENARIO_MODEL_READY,,false,true,MODERATED_HISTORICAL_CLASS_ANCHORED_SCENARIO_MODEL,54.63,0.00,8.68,12.13,12.13,67.50,73.36,75.69,67.50,86.66,95.17,67.50,102.36,119.66,SCENARIO_NOT_GUARANTEE|CURRENT_VALUE_REQUIRES_VERIFICATION|HISTORICAL_RETURNS_MEAN_REVERTED|FEES_TAXES_SHIPPING_AND_LIQUIDITY_NOT_APPLIED,41
MTG:SECRET_LAIR:SL-96BE56C157011C,Drop: Showcase: Zendikar Revisited - Traditional Foil Edition — Foil Edition,SECRET_LAIR,STANDARD_DROP,FOIL,,GOVERNED,FULL_MODEL,PASS,,TIER_1,FULL_HISTORICAL_ANALYSIS,LONG_HISTORY,30,31,1,TRUSTED_HISTORY_WITH_EBAY_SUPPLEMENT,874,2026-07-01,29,99.00,15.58,13.19,9.29,-6.42,HISTORICALLY_STRONG,100.00,52.81,83.47,100.00,100.00,55.68,5.00,62.01,78.89,95.68,PURCHASE_ANALYSIS_ELIGIBLE,,false,UNIVERSAL_TIERED_HISTORICAL_AND_CURRENT_EVIDENCE_ANALYSIS,TIER_1_FORWARD_SCENARIO_V2_RECALIBRATED,2026-07-30,99.50,HIGH,SCENARIO_MODEL_READY,,false,true,MODERATED_HISTORICAL_CLASS_ANCHORED_SCENARIO_MODEL,58.05,0.00,8.41,12.28,12.28,99.00,107.32,111.16,99.00,126.12,140.14,99.00,148.22,176.67,SCENARIO_NOT_GUARANTEE|CURRENT_VALUE_REQUIRES_VERIFICATION|HISTORICAL_RETURNS_MEAN_REVERTED|FEES_TAXES_SHIPPING_AND_LIQUIDITY_NOT_APPLIED,43
MTG:COLLECTOR_BOOSTER_BOX:TCGCSV-22875-475584,March of the Machine Collector Booster Display,COLLECTOR_BOOSTER_BOX,,,,GOVERNED,FULL_MODEL,EVALUATED,,TIER_1,FULL_HISTORICAL_ANALYSIS,LONG_HISTORY,32,33,2,TRUSTED_HISTORY_WITH_EBAY_SUPPLEMENT,884,2026-07-11,19,912.50,74.06,154.21,24.80,-7.42,HISTORICALLY_STRONG,100.00,83.58,58.03,95.00,60.00,70.62,5.00,75.91,78.73,95.92,PURCHASE_ANALYSIS_ELIGIBLE,,false,UNIVERSAL_TIERED_HISTORICAL_AND_CURRENT_EVIDENCE_ANALYSIS,TIER_1_FORWARD_SCENARIO_V2_RECALIBRATED,2026-07-30,90.25,HIGH,SCENARIO_MODEL_READY,,false,true,MODERATED_HISTORICAL_CLASS_ANCHORED_SCENARIO_MODEL,75.00,1.00,11.71,16.32,15.32,921.62,1019.37,1061.46,940.15,1272.13,1436.31,959.05,1587.56,1943.54,SCENARIO_NOT_GUARANTEE|CURRENT_VALUE_REQUIRES_VERIFICATION|HISTORICAL_RETURNS_MEAN_REVERTED|FEES_TAXES_SHIPPING_AND_LIQUIDITY_NOT_APPLIED,3
MTG:PRE_COLLECTOR_BOOSTER_BOX:MTG-CANON-TCGPLAYER-131456,Hour of Devastation - Booster Box,PRE_COLLECTOR_BOOSTER_BOX,,,2017-07-14,GOVERNED,FULL_MODEL,FORECAST_READY,,TIER_1,FULL_HISTORICAL_ANALYSIS,LONG_HISTORY,30,31,1,TRUSTED_HISTORY_WITH_EBAY_SUPPLEMENT,874,2026-07-01,29,327.49,30.13,54.85,13.41,-5.80,HISTORICALLY_STRONG,100.00,87.83,73.30,70.00,60.00,71.54,5.00,83.47,78.43,98.32,PURCHASE_ANALYSIS_ELIGIBLE,,false,UNIVERSAL_TIERED_HISTORICAL_AND_CURRENT_EVIDENCE_ANALYSIS,TIER_1_FORWARD_SCENARIO_V2_RECALIBRATED,2026-07-30,84.00,HIGH,SCENARIO_MODEL_READY,,false,true,MODERATED_HISTORICAL_CLASS_ANCHORED_SCENARIO_MODEL,90.79,1.00,9.80,13.84,12.84,330.76,359.59,372.81,337.41,433.54,483.12,344.20,522.70,626.08,SCENARIO_NOT_GUARANTEE|CURRENT_VALUE_REQUIRES_VERIFICATION|HISTORICAL_RETURNS_MEAN_REVERTED|FEES_TAXES_SHIPPING_AND_LIQUIDITY_NOT_APPLIED,2
MTG:PRE_COLLECTOR_BOOSTER_BOX:MTG-CANON-TCGPLAYER-145235,Iconic Masters - Booster Box,PRE_COLLECTOR_BOOSTER_BOX,,,2017-11-17,GOVERNED,FULL_MODEL,FORECAST_READY,,TIER_1,FULL_HISTORICAL_ANALYSIS,LONG_HISTORY,30,31,1,TRUSTED_HISTORY_WITH_EBAY_SUPPLEMENT,874,2026-07-01,29,334.88,24.21,60.65,11.74,-8.42,HISTORICALLY_STRONG,100.00,85.70,76.41,70.00,60.00,71.15,5.00,82.91,78.39,98.32,PURCHASE_ANALYSIS_ELIGIBLE,,false,UNIVERSAL_TIERED_HISTORICAL_AND_CURRENT_EVIDENCE_ANALYSIS,TIER_1_FORWARD_SCENARIO_V2_RECALIBRATED,2026-07-30,84.00,HIGH,SCENARIO_MODEL_READY,,false,true,MODERATED_HISTORICAL_CLASS_ANCHORED_SCENARIO_MODEL,84.65,1.00,9.59,13.65,12.65,338.23,366.99,380.61,345.03,440.75,491.64,351.96,529.33,635.06,SCENARIO_NOT_GUARANTEE|CURRENT_VALUE_REQUIRES_VERIFICATION|HISTORICAL_RETURNS_MEAN_REVERTED|FEES_TAXES_SHIPPING_AND_LIQUIDITY_NOT_APPLIED,3
MTG:PRE_COLLECTOR_BOOSTER_BOX:MTG-CANON-TCGPLAYER-166550,Core Set 2019 - Booster Box,PRE_COLLECTOR_BOOSTER_BOX,,,2018-07-13,GOVERNED,FULL_MODEL,FORECAST_READY,,TIER_1,FULL_HISTORICAL_ANALYSIS,LONG_HISTORY,30,31,1,TRUSTED_HISTORY_WITH_EBAY_SUPPLEMENT,874,2026-07-01,29,220.00,30.67,69.29,12.84,-9.86,HISTORICALLY_STRONG,100.00,91.39,66.79,70.00,60.00,71.15,5.00,84.01,78.23,97.48,PURCHASE_ANALYSIS_ELIGIBLE,,false,UNIVERSAL_TIERED_HISTORICAL_AND_CURRENT_EVIDENCE_ANALYSIS,TIER_1_FORWARD_SCENARIO_V2_RECALIBRATED,2026-07-30,84.00,HIGH,SCENARIO_MODEL_READY,,false,true,MODERATED_HISTORICAL_CLASS_ANCHORED_SCENARIO_MODEL,92.54,1.00,9.75,13.92,12.92,222.20,241.45,250.63,226.67,290.82,325.26,231.22,350.29,422.13,SCENARIO_NOT_GUARANTEE|CURRENT_VALUE_REQUIRES_VERIFICATION|HISTORICAL_RETURNS_MEAN_REVERTED|FEES_TAXES_SHIPPING_AND_LIQUIDITY_NOT_APPLIED,4
MTG:SECRET_LAIR:SL-74104655C7BE3C,Drop: Dan Frazier is Back: The Enemy Signets - Non-Foil Edition — Nonfoil Edition,SECRET_LAIR,STANDARD_DROP,NONFOIL,,GOVERNED,FULL_MODEL,PASS,,TIER_1,FULL_HISTORICAL_ANALYSIS,LONG_HISTORY,30,31,1,TRUSTED_HISTORY_WITH_EBAY_SUPPLEMENT,874,2026-07-01,29,79.95,10.26,20.55,6.52,-8.91,HISTORICALLY_STRONG,100.00,50.63,83.20,100.00,100.00,50.80,5.00,60.40,78.10,95.58,PURCHASE_ANALYSIS_ELIGIBLE,,false,UNIVERSAL_TIERED_HISTORICAL_AND_CURRENT_EVIDENCE_ANALYSIS,TIER_1_FORWARD_SCENARIO_V2_RECALIBRATED,2026-07-30,99.50,HIGH,SCENARIO_MODEL_READY,,false,true,MODERATED_HISTORICAL_CLASS_ANCHORED_SCENARIO_MODEL,48.56,0.00,8.19,12.04,12.04,79.95,86.50,89.58,79.95,101.25,112.45,79.95,118.52,141.16,SCENARIO_NOT_GUARANTEE|CURRENT_VALUE_REQUIRES_VERIFICATION|HISTORICAL_RETURNS_MEAN_REVERTED|FEES_TAXES_SHIPPING_AND_LIQUIDITY_NOT_APPLIED,44
MTG:SECRET_LAIR:SL-C0418534DE36CF,"Drop: Far Out, Man - Traditional Foil Edition — Foil Edition",SECRET_LAIR,STANDARD_DROP,FOIL,,GOVERNED,FULL_MODEL,PASS,,TIER_1,FULL_HISTORICAL_ANALYSIS,LONG_HISTORY,30,31,1,TRUSTED_HISTORY_WITH_EBAY_SUPPLEMENT,874,2026-07-01,29,69.69,8.21,22.82,8.93,-6.44,HISTORICALLY_STRONG,100.00,49.59,84.25,100.00,100.00,51.59,5.00,59.99,77.98,95.48,PURCHASE_ANALYSIS_ELIGIBLE,,false,UNIVERSAL_TIERED_HISTORICAL_AND_CURRENT_EVIDENCE_ANALYSIS,TIER_1_FORWARD_SCENARIO_V2_RECALIBRATED,2026-07-30,99.50,HIGH,SCENARIO_MODEL_READY,,false,true,MODERATED_HISTORICAL_CLASS_ANCHORED_SCENARIO_MODEL,45.37,0.00,8.12,11.98,11.98,69.69,75.35,78.04,69.69,88.09,97.86,69.69,102.98,122.71,SCENARIO_NOT_GUARANTEE|CURRENT_VALUE_REQUIRES_VERIFICATION|HISTORICAL_RETURNS_MEAN_REVERTED|FEES_TAXES_SHIPPING_AND_LIQUIDITY_NOT_APPLIED,45
MTG:COLLECTOR_BOOSTER_BOX:TCGCSV-24233-619672,Edge of Eternities Collector Booster Display,COLLECTOR_BOOSTER_BOX,,,,GOVERNED,FULL_MODEL,EVALUATED,,TIER_1,FULL_HISTORICAL_ANALYSIS,MEDIUM_HISTORY,19,20,2,TRUSTED_HISTORY_WITH_EBAY_SUPPLEMENT,497,2026-07-11,19,849.48,88.83,88.49,19.78,-4.81,HISTORICALLY_STRONG,65.23,84.75,76.96,95.00,60.00,72.25,5.00,82.41,77.97,91.84,PURCHASE_ANALYSIS_ELIGIBLE,,false,UNIVERSAL_TIERED_HISTORICAL_AND_CURRENT_EVIDENCE_ANALYSIS,TIER_1_FORWARD_SCENARIO_V2_RECALIBRATED,2026-07-30,74.32,MODERATE_HIGH,SCENARIO_MODEL_READY,,false,true,MODERATED_HISTORICAL_CLASS_ANCHORED_SCENARIO_MODEL,89.29,1.00,11.94,16.22,15.22,857.97,950.89,987.27,875.22,1191.46,1333.51,892.81,1492.90,1801.18,SCENARIO_NOT_GUARANTEE|CURRENT_VALUE_REQUIRES_VERIFICATION|HISTORICAL_RETURNS_MEAN_REVERTED|FEES_TAXES_SHIPPING_AND_LIQUIDITY_NOT_APPLIED,5
MTG:SECRET_LAIR:SL-2E6BF27043E9BB,Drop: Animar & Friends - Rainbow Foil Edition — Foil Edition,SECRET_LAIR,STANDARD_DROP,RAINBOW_FOIL,,GOVERNED,FULL_MODEL,PASS,,TIER_1,FULL_HISTORICAL_ANALYSIS,MEDIUM_HISTORY,17,18,1,TRUSTED_HISTORY_WITH_EBAY_SUPPLEMENT,487,2026-07-01,29,80.00,106.87,183.55,77.40,-14.90,HISTORICALLY_STRONG,60.68,99.16,32.88,100.00,100.00,57.78,5.00,79.28,77.64,95.38,PURCHASE_ANALYSIS_ELIGIBLE,,false,UNIVERSAL_TIERED_HISTORICAL_AND_CURRENT_EVIDENCE_ANALYSIS,TIER_1_FORWARD_SCENARIO_V2_RECALIBRATED,2026-07-30,81.20,HIGH,SCENARIO_MODEL_READY,,false,true,MODERATED_HISTORICAL_CLASS_ANCHORED_SCENARIO_MODEL,99.44,0.00,8.20,15.48,15.48,80.00,86.56,92.38,80.00,101.33,123.18,80.00,118.62,164.26,SCENARIO_NOT_GUARANTEE|CURRENT_VALUE_REQUIRES_VERIFICATION|HISTORICAL_RETURNS_MEAN_REVERTED|FEES_TAXES_SHIPPING_AND_LIQUIDITY_NOT_APPLIED,46
MTG:SECRET_LAIR:SL-A6FBE97D53BCE6,Drop: Tales of the Time Stoppers - Rainbow Foil Edition — Foil Edition,SECRET_LAIR,STANDARD_DROP,RAINBOW_FOIL,,GOVERNED,FULL_MODEL,PASS,,TIER_1,FULL_HISTORICAL_ANALYSIS,LONG_HISTORY,30,31,1,TRUSTED_HISTORY_WITH_EBAY_SUPPLEMENT,874,2026-07-01,29,79.95,11.28,18.42,10.19,-7.38,HISTORICALLY_STRONG,100.00,50.04,81.08,100.00,100.00,50.23,5.00,59.35,77.45,95.27,PURCHASE_ANALYSIS_ELIGIBLE,,false,UNIVERSAL_TIERED_HISTORICAL_AND_CURRENT_EVIDENCE_ANALYSIS,TIER_1_FORWARD_SCENARIO_V2_RECALIBRATED,2026-07-30,99.50,HIGH,SCENARIO_MODEL_READY,,false,true,MODERATED_HISTORICAL_CLASS_ANCHORED_SCENARIO_MODEL,49.84,0.00,8.12,12.07,12.07,79.95,86.44,89.60,79.95,101.05,112.55,79.95,118.13,141.37,SCENARIO_NOT_GUARANTEE|CURRENT_VALUE_REQUIRES_VERIFICATION|HISTORICAL_RETURNS_MEAN_REVERTED|FEES_TAXES_SHIPPING_AND_LIQUIDITY_NOT_APPLIED,47
MTG:COLLECTOR_BOOSTER_BOX:TCGCSV-3047-267023,Commander Legends: Battle for Baldur's Gate Collector Booster Display,COLLECTOR_BOOSTER_BOX,,,,GOVERNED,PROVISIONAL_MODEL,EVALUATED,,TIER_1,FULL_HISTORICAL_ANALYSIS,LONG_HISTORY,32,33,2,TRUSTED_HISTORY_WITH_EBAY_SUPPLEMENT,884,2026-07-11,19,693.89,73.60,104.92,19.56,-2.65,HISTORICALLY_STRONG,100.00,76.31,85.17,80.00,60.00,78.38,10.00,78.97,77.38,91.84,PURCHASE_ANALYSIS_ELIGIBLE,,false,UNIVERSAL_TIERED_HISTORICAL_AND_CURRENT_EVIDENCE_ANALYSIS,TIER_1_FORWARD_SCENARIO_V2_RECALIBRATED,2026-07-30,86.00,HIGH,SCENARIO_MODEL_READY,,false,true,MODERATED_HISTORICAL_CLASS_ANCHORED_SCENARIO_MODEL,72.62,1.00,12.14,16.52,15.52,700.83,778.12,808.55,714.92,978.48,1097.85,729.29,1230.44,1490.66,SCENARIO_NOT_GUARANTEE|CURRENT_VALUE_REQUIRES_VERIFICATION|HISTORICAL_RETURNS_MEAN_REVERTED|FEES_TAXES_SHIPPING_AND_LIQUIDITY_NOT_APPLIED,4
MTG:SECRET_LAIR:SL-6B03C6C7C5B91D,Drop: Secret Lair x Dungeons & Dragons: Astarion's Thirst - Rainbow Foil Edition — Foil Edition,SECRET_LAIR,CROSSOVER,RAINBOW_FOIL,,GOVERNED,FULL_MODEL,PASS,,TIER_1,FULL_HISTORICAL_ANALYSIS,MEDIUM_HISTORY,23,24,1,TRUSTED_HISTORY_WITH_EBAY_SUPPLEMENT,668,2026-07-01,29,215.00,38.59,87.23,34.67,-36.84,HISTORICALLY_STRONG,82.60,89.80,30.78,100.00,100.00,46.53,5.00,72.09,77.34,95.07,PURCHASE_ANALYSIS_ELIGIBLE,,false,UNIVERSAL_TIERED_HISTORICAL_AND_CURRENT_EVIDENCE_ANALYSIS,TIER_1_FORWARD_SCENARIO_V2_RECALIBRATED,2026-07-30,90.78,HIGH,SCENARIO_MODEL_READY,,false,true,MODERATED_HISTORICAL_CLASS_ANCHORED_SCENARIO_MODEL,87.16,0.00,7.32,13.55,13.55,215.00,230.73,244.14,215.00,265.74,314.79,215.00,306.06,405.89,SCENARIO_NOT_GUARANTEE|CURRENT_VALUE_REQUIRES_VERIFICATION|HISTORICAL_RETURNS_MEAN_REVERTED|FEES_TAXES_SHIPPING_AND_LIQUIDITY_NOT_APPLIED,48
MTG:PRE_COLLECTOR_BOOSTER_BOX:MTG-CANON-TCGPLAYER-77321,Born of the Gods - Booster Box,PRE_COLLECTOR_BOOSTER_BOX,,,2014-02-07,GOVERNED,FULL_MODEL,FORECAST_READY,,TIER_1,FULL_HISTORICAL_ANALYSIS,LONG_HISTORY,30,32,2,TRUSTED_HISTORY_WITH_EBAY_SUPPLEMENT,874,2026-07-01,29,227.00,26.57,36.37,13.18,-6.74,HISTORICALLY_STRONG,100.00,82.17,73.31,70.00,60.00,66.73,5.00,79.51,76.54,96.64,PURCHASE_ANALYSIS_ELIGIBLE,,false,UNIVERSAL_TIERED_HISTORICAL_AND_CURRENT_EVIDENCE_ANALYSIS,TIER_1_FORWARD_SCENARIO_V2_RECALIBRATED,2026-07-30,84.00,HIGH,SCENARIO_MODEL_READY,,false,true,MODERATED_HISTORICAL_CLASS_ANCHORED_SCENARIO_MODEL,88.16,1.00,9.32,13.38,12.38,229.27,248.15,257.37,233.88,296.55,330.86,238.58,354.39,425.33,SCENARIO_NOT_GUARANTEE|CURRENT_VALUE_REQUIRES_VERIFICATION|HISTORICAL_RETURNS_MEAN_REVERTED|FEES_TAXES_SHIPPING_AND_LIQUIDITY_NOT_APPLIED,5
MTG:PRE_COLLECTOR_BOOSTER_BOX:MTG-CANON-TCGPLAYER-70960,Theros - Booster Box,PRE_COLLECTOR_BOOSTER_BOX,,,2013-09-27,GOVERNED,FULL_MODEL,FORECAST_READY,,TIER_1,FULL_HISTORICAL_ANALYSIS,LONG_HISTORY,30,31,1,TRUSTED_HISTORY_WITH_EBAY_SUPPLEMENT,874,2026-07-01,29,314.88,34.17,60.22,18.86,-9.78,HISTORICALLY_STRONG,100.00,92.43,56.70,70.00,60.00,65.96,5.00,81.71,76.40,94.96,PURCHASE_ANALYSIS_ELIGIBLE,,false,UNIVERSAL_TIERED_HISTORICAL_AND_CURRENT_EVIDENCE_ANALYSIS,TIER_1_FORWARD_SCENARIO_V2_RECALIBRATED,2026-07-30,84.00,HIGH,SCENARIO_MODEL_READY,,false,true,MODERATED_HISTORICAL_CLASS_ANCHORED_SCENARIO_MODEL,96.05,1.00,9.40,13.84,12.84,318.03,344.47,358.45,324.42,412.27,464.53,330.94,493.40,601.99,SCENARIO_NOT_GUARANTEE|CURRENT_VALUE_REQUIRES_VERIFICATION|HISTORICAL_RETURNS_MEAN_REVERTED|FEES_TAXES_SHIPPING_AND_LIQUIDITY_NOT_APPLIED,6
MTG:SECRET_LAIR:SL-75EB6270819FE3,Drop: Finally! Left-Handed Magic Cards - Non-Foil Edition — Nonfoil Edition,SECRET_LAIR,STANDARD_DROP,NONFOIL,,GOVERNED,FULL_MODEL,PASS,,TIER_1,FULL_HISTORICAL_ANALYSIS,LONG_HISTORY,30,31,1,TRUSTED_HISTORY_WITH_EBAY_SUPPLEMENT,874,2026-07-01,29,43.70,23.84,10.17,14.97,-13.14,HISTORICALLY_STRONG,100.00,58.48,63.02,100.00,100.00,42.16,5.00,59.84,76.39,94.76,PURCHASE_ANALYSIS_ELIGIBLE,,false,UNIVERSAL_TIERED_HISTORICAL_AND_CURRENT_EVIDENCE_ANALYSIS,TIER_1_FORWARD_SCENARIO_V2_RECALIBRATED,2026-07-30,99.50,HIGH,SCENARIO_MODEL_READY,,false,true,MODERATED_HISTORICAL_CLASS_ANCHORED_SCENARIO_MODEL,70.10,0.00,7.97,12.37,12.37,43.70,47.18,49.10,43.70,55.00,62.00,43.70,64.12,78.29,SCENARIO_NOT_GUARANTEE|CURRENT_VALUE_REQUIRES_VERIFICATION|HISTORICAL_RETURNS_MEAN_REVERTED|FEES_TAXES_SHIPPING_AND_LIQUIDITY_NOT_APPLIED,51
MTG:COLLECTOR_BOOSTER_BOX:TCGCSV-17670-449559,Dominaria Remastered Collector Booster Display,COLLECTOR_BOOSTER_BOX,,,,GOVERNED,FULL_MODEL,EVALUATED,,TIER_1,FULL_HISTORICAL_ANALYSIS,LONG_HISTORY,32,33,2,TRUSTED_HISTORY_WITH_EBAY_SUPPLEMENT,884,2026-07-11,19,607.80,56.39,86.94,18.93,-4.78,HISTORICALLY_STRONG,100.00,61.42,80.11,95.00,60.00,68.38,5.00,67.03,76.05,89.80,PURCHASE_ANALYSIS_ELIGIBLE,,false,UNIVERSAL_TIERED_HISTORICAL_AND_CURRENT_EVIDENCE_ANALYSIS,TIER_1_FORWARD_SCENARIO_V2_RECALIBRATED,2026-07-30,90.25,HIGH,SCENARIO_MODEL_READY,,false,true,MODERATED_HISTORICAL_CLASS_ANCHORED_SCENARIO_MODEL,53.57,1.00,11.55,15.79,14.79,613.88,677.99,703.78,626.22,843.64,943.61,638.80,1049.75,1265.17,SCENARIO_NOT_GUARANTEE|CURRENT_VALUE_REQUIRES_VERIFICATION|HISTORICAL_RETURNS_MEAN_REVERTED|FEES_TAXES_SHIPPING_AND_LIQUIDITY_NOT_APPLIED,6
MTG:SECRET_LAIR:SL-22454153307BC0,Drop: Paradise Frost - Rainbow Foil Edition — Foil Edition,SECRET_LAIR,STANDARD_DROP,RAINBOW_FOIL,,GOVERNED,FULL_MODEL,PASS,,TIER_1,FULL_HISTORICAL_ANALYSIS,LONG_HISTORY,30,31,1,TRUSTED_HISTORY_WITH_EBAY_SUPPLEMENT,874,2026-07-01,29,140.00,59.53,-10.42,21.47,-15.93,HISTORICALLY_STABLE,100.00,64.24,51.89,100.00,100.00,43.07,5.00,60.53,75.93,94.76,PURCHASE_ANALYSIS_ELIGIBLE,,false,UNIVERSAL_TIERED_HISTORICAL_AND_CURRENT_EVIDENCE_ANALYSIS,TIER_1_FORWARD_SCENARIO_V2_RECALIBRATED,2026-07-30,99.50,HIGH,SCENARIO_MODEL_READY,,false,true,MODERATED_HISTORICAL_CLASS_ANCHORED_SCENARIO_MODEL,94.98,0.00,7.50,12.30,12.30,140.00,150.50,157.22,140.00,173.91,198.28,140.00,200.97,250.06,SCENARIO_NOT_GUARANTEE|CURRENT_VALUE_REQUIRES_VERIFICATION|HISTORICAL_RETURNS_MEAN_REVERTED|FEES_TAXES_SHIPPING_AND_LIQUIDITY_NOT_APPLIED,52
MTG:SECRET_LAIR:SL-A59C9ADCD75BE0,Drop: Secret Lair x Stranger Things - Traditional Foil Edition — Foil Edition,SECRET_LAIR,CROSSOVER,FOIL,,GOVERNED,FULL_MODEL,PASS,,TIER_1,FULL_HISTORICAL_ANALYSIS,LONG_HISTORY,30,31,1,TRUSTED_HISTORY_WITH_EBAY_SUPPLEMENT,874,2026-07-01,29,167.50,24.25,93.47,47.17,-39.03,HISTORICALLY_STRONG,100.00,80.70,25.15,100.00,100.00,43.07,5.00,64.03,75.69,94.55,PURCHASE_ANALYSIS_ELIGIBLE,,false,UNIVERSAL_TIERED_HISTORICAL_AND_CURRENT_EVIDENCE_ANALYSIS,TIER_1_FORWARD_SCENARIO_V2_RECALIBRATED,2026-07-30,99.50,HIGH,SCENARIO_MODEL_READY,,false,true,MODERATED_HISTORICAL_CLASS_ANCHORED_SCENARIO_MODEL,70.89,-0.46,6.43,13.31,13.77,166.73,178.26,189.79,165.21,201.90,243.67,163.69,228.68,312.85,SCENARIO_NOT_GUARANTEE|CURRENT_VALUE_REQUIRES_VERIFICATION|HISTORICAL_RETURNS_MEAN_REVERTED|FEES_TAXES_SHIPPING_AND_LIQUIDITY_NOT_APPLIED,53
MTG:SECRET_LAIR:SL-A709252A4DA96B,Drop: Welcome to Castle Dracula - Non-Foil Edition — Nonfoil Edition,SECRET_LAIR,STANDARD_DROP,NONFOIL,,GOVERNED,FULL_MODEL,PASS,,TIER_1,FULL_HISTORICAL_ANALYSIS,LONG_HISTORY,30,31,1,TRUSTED_HISTORY_WITH_EBAY_SUPPLEMENT,874,2026-07-01,29,85.00,10.47,5.53,8.03,-8.93,HISTORICALLY_STRONG,100.00,43.95,81.45,100.00,100.00,44.55,5.00,55.20,75.48,94.35,PURCHASE_ANALYSIS_ELIGIBLE,,false,UNIVERSAL_TIERED_HISTORICAL_AND_CURRENT_EVIDENCE_ANALYSIS,TIER_1_FORWARD_SCENARIO_V2_RECALIBRATED,2026-07-30,99.50,HIGH,SCENARIO_MODEL_READY,,false,true,MODERATED_HISTORICAL_CLASS_ANCHORED_SCENARIO_MODEL,49.04,0.00,7.68,11.60,11.60,85.00,91.53,94.86,85.00,106.12,118.13,85.00,123.04,147.12,SCENARIO_NOT_GUARANTEE|CURRENT_VALUE_REQUIRES_VERIFICATION|HISTORICAL_RETURNS_MEAN_REVERTED|FEES_TAXES_SHIPPING_AND_LIQUIDITY_NOT_APPLIED,55
MTG:SECRET_LAIR:SL-3D43E1264ED817,Drop: Rule the Room - Traditional Foil Edition — Foil Edition,SECRET_LAIR,STANDARD_DROP,FOIL,,GOVERNED,FULL_MODEL,PASS,,TIER_1,FULL_HISTORICAL_ANALYSIS,LONG_HISTORY,30,31,1,TRUSTED_HISTORY_WITH_EBAY_SUPPLEMENT,874,2026-07-01,29,60.00,6.78,27.13,10.34,-14.95,HISTORICALLY_STABLE,100.00,49.91,71.55,100.00,100.00,41.25,5.00,56.40,75.35,94.24,PURCHASE_ANALYSIS_ELIGIBLE,,false,UNIVERSAL_TIERED_HISTORICAL_AND_CURRENT_EVIDENCE_ANALYSIS,TIER_1_FORWARD_SCENARIO_V2_RECALIBRATED,2026-07-30,99.50,HIGH,SCENARIO_MODEL_READY,,false,true,MODERATED_HISTORICAL_CLASS_ANCHORED_SCENARIO_MODEL,42.50,0.00,7.44,11.71,11.71,60.00,64.47,67.02,60.00,74.42,83.63,60.00,85.91,104.36,SCENARIO_NOT_GUARANTEE|CURRENT_VALUE_REQUIRES_VERIFICATION|HISTORICAL_RETURNS_MEAN_REVERTED|FEES_TAXES_SHIPPING_AND_LIQUIDITY_NOT_APPLIED,56
MTG:PRE_COLLECTOR_BOOSTER_BOX:MTG-CANON-TCGPLAYER-69243,Magic 2014 (M14) - Booster Box,PRE_COLLECTOR_BOOSTER_BOX,,,2013-07-19,GOVERNED,PROVISIONAL_MODEL,PROVISIONAL_GUARDED,,TIER_1,FULL_HISTORICAL_ANALYSIS,LONG_HISTORY,30,31,1,TRUSTED_HISTORY_WITH_EBAY_SUPPLEMENT,874,2026-07-01,29,299.99,36.56,78.69,16.73,-3.89,HISTORICALLY_STRONG,100.00,95.13,69.33,55.00,60.00,76.54,10.00,87.39,75.27,94.12,PURCHASE_ANALYSIS_ELIGIBLE,,false,UNIVERSAL_TIERED_HISTORICAL_AND_CURRENT_EVIDENCE_ANALYSIS,TIER_1_FORWARD_SCENARIO_V2_RECALIBRATED,2026-07-30,79.75,MODERATE_HIGH,SCENARIO_MODEL_READY,,false,true,MODERATED_HISTORICAL_CLASS_ANCHORED_SCENARIO_MODEL,96.93,1.00,9.93,14.24,13.24,302.99,329.77,342.69,309.08,398.49,447.21,315.29,481.54,583.59,SCENARIO_NOT_GUARANTEE|CURRENT_VALUE_REQUIRES_VERIFICATION|HISTORICAL_RETURNS_MEAN_REVERTED|FEES_TAXES_SHIPPING_AND_LIQUIDITY_NOT_APPLIED,7
MTG:PRE_COLLECTOR_BOOSTER_BOX:MTG-CANON-TCGPLAYER-57584,Dark Ascension - Booster Box,PRE_COLLECTOR_BOOSTER_BOX,,,2012-02-03,GOVERNED,FULL_MODEL,FORECAST_READY,,TIER_1,FULL_HISTORICAL_ANALYSIS,LONG_HISTORY,30,31,1,TRUSTED_HISTORY_WITH_EBAY_SUPPLEMENT,874,2026-07-01,29,264.99,19.46,25.68,9.08,-3.20,HISTORICALLY_STRONG,100.00,66.26,91.69,70.00,60.00,66.15,5.00,73.89,75.16,93.28,PURCHASE_ANALYSIS_ELIGIBLE,,false,UNIVERSAL_TIERED_HISTORICAL_AND_CURRENT_EVIDENCE_ANALYSIS,TIER_1_FORWARD_SCENARIO_V2_RECALIBRATED,2026-07-30,84.00,HIGH,SCENARIO_MODEL_READY,,false,true,MODERATED_HISTORICAL_CLASS_ANCHORED_SCENARIO_MODEL,71.49,1.00,9.23,12.97,11.97,267.64,289.46,299.36,273.02,345.37,382.04,278.51,412.09,487.57,SCENARIO_NOT_GUARANTEE|CURRENT_VALUE_REQUIRES_VERIFICATION|HISTORICAL_RETURNS_MEAN_REVERTED|FEES_TAXES_SHIPPING_AND_LIQUIDITY_NOT_APPLIED,8
MTG:PRE_COLLECTOR_BOOSTER_BOX:MTG-CANON-TCGPLAYER-59120,Magic 2013 (M13) - Booster Box,PRE_COLLECTOR_BOOSTER_BOX,,,2012-07-13,GOVERNED,PROVISIONAL_MODEL,PROVISIONAL_GUARDED,,TIER_1,FULL_HISTORICAL_ANALYSIS,LONG_HISTORY,30,31,1,TRUSTED_HISTORY_WITH_EBAY_SUPPLEMENT,874,2026-07-01,29,374.84,30.20,74.51,12.64,-6.57,HISTORICALLY_STRONG,100.00,91.13,74.62,55.00,60.00,76.35,10.00,86.18,75.07,92.44,PURCHASE_ANALYSIS_ELIGIBLE,,false,UNIVERSAL_TIERED_HISTORICAL_AND_CURRENT_EVIDENCE_ANALYSIS,TIER_1_FORWARD_SCENARIO_V2_RECALIBRATED,2026-07-30,79.75,MODERATE_HIGH,SCENARIO_MODEL_READY,,false,true,MODERATED_HISTORICAL_CLASS_ANCHORED_SCENARIO_MODEL,91.67,1.00,9.70,13.93,12.93,378.59,411.19,427.06,386.20,494.82,554.32,393.96,595.45,719.51,SCENARIO_NOT_GUARANTEE|CURRENT_VALUE_REQUIRES_VERIFICATION|HISTORICAL_RETURNS_MEAN_REVERTED|FEES_TAXES_SHIPPING_AND_LIQUIDITY_NOT_APPLIED,9
MTG:SECRET_LAIR:SL-6DFA783F3B9A37,Drop: Diabolical Dioramas - Rainbow Foil Edition — Foil Edition,SECRET_LAIR,STANDARD_DROP,RAINBOW_FOIL,,GOVERNED,FULL_MODEL,PASS,,TIER_1,FULL_HISTORICAL_ANALYSIS,LONG_HISTORY,27,28,1,TRUSTED_HISTORY_WITH_EBAY_SUPPLEMENT,791,2026-07-01,29,69.99,14.53,28.90,13.85,-19.11,HISTORICALLY_STRONG,94.00,59.33,59.67,100.00,100.00,35.68,5.00,59.43,75.05,94.14,PURCHASE_ANALYSIS_ELIGIBLE,,false,UNIVERSAL_TIERED_HISTORICAL_AND_CURRENT_EVIDENCE_ANALYSIS,TIER_1_FORWARD_SCENARIO_V2_RECALIBRATED,2026-07-30,96.20,HIGH,SCENARIO_MODEL_READY,,false,true,MODERATED_HISTORICAL_CLASS_ANCHORED_SCENARIO_MODEL,56.70,0.00,7.48,12.06,12.06,69.99,75.22,78.43,69.99,86.89,98.50,69.99,100.37,123.69,SCENARIO_NOT_GUARANTEE|CURRENT_VALUE_REQUIRES_VERIFICATION|HISTORICAL_RETURNS_MEAN_REVERTED|FEES_TAXES_SHIPPING_AND_LIQUIDITY_NOT_APPLIED,57
MTG:SECRET_LAIR:SL-90725EB2DB66FA,Drop: Welcome to Castle Dracula - Traditional Foil Edition — Foil Edition,SECRET_LAIR,STANDARD_DROP,FOIL,,GOVERNED,FULL_MODEL,PASS,,TIER_1,FULL_HISTORICAL_ANALYSIS,LONG_HISTORY,30,31,1,TRUSTED_HISTORY_WITH_EBAY_SUPPLEMENT,874,2026-07-01,29,94.99,14.27,9.91,10.66,-14.92,HISTORICALLY_STRONG,100.00,49.66,70.41,100.00,100.00,42.05,5.00,55.88,75.02,94.04,PURCHASE_ANALYSIS_ELIGIBLE,,false,UNIVERSAL_TIERED_HISTORICAL_AND_CURRENT_EVIDENCE_ANALYSIS,TIER_1_FORWARD_SCENARIO_V2_RECALIBRATED,2026-07-30,99.50,HIGH,SCENARIO_MODEL_READY,,false,true,MODERATED_HISTORICAL_CLASS_ANCHORED_SCENARIO_MODEL,55.74,0.00,7.58,11.85,11.85,94.99,102.19,106.25,94.99,118.26,132.93,94.99,136.86,166.31,SCENARIO_NOT_GUARANTEE|CURRENT_VALUE_REQUIRES_VERIFICATION|HISTORICAL_RETURNS_MEAN_REVERTED|FEES_TAXES_SHIPPING_AND_LIQUIDITY_NOT_APPLIED,58
MTG:PRE_COLLECTOR_BOOSTER_BOX:MTG-CANON-TCGPLAYER-188210,Core Set 2020 - Booster Box,PRE_COLLECTOR_BOOSTER_BOX,,,2019-07-12,GOVERNED,FULL_MODEL,FORECAST_READY,,TIER_1,FULL_HISTORICAL_ANALYSIS,LONG_HISTORY,30,31,1,TRUSTED_HISTORY_WITH_EBAY_SUPPLEMENT,874,2026-07-01,29,178.50,19.21,35.39,10.37,-6.80,HISTORICALLY_STRONG,100.00,70.26,83.84,70.00,60.00,63.65,5.00,74.33,74.81,91.60,PURCHASE_ANALYSIS_ELIGIBLE,,false,UNIVERSAL_TIERED_HISTORICAL_AND_CURRENT_EVIDENCE_ANALYSIS,TIER_1_FORWARD_SCENARIO_V2_RECALIBRATED,2026-07-30,84.00,HIGH,SCENARIO_MODEL_READY,,false,true,MODERATED_HISTORICAL_CLASS_ANCHORED_SCENARIO_MODEL,70.61,1.00,9.05,12.98,11.98,180.28,194.65,201.68,183.91,231.45,257.45,187.61,275.22,328.65,SCENARIO_NOT_GUARANTEE|CURRENT_VALUE_REQUIRES_VERIFICATION|HISTORICAL_RETURNS_MEAN_REVERTED|FEES_TAXES_SHIPPING_AND_LIQUIDITY_NOT_APPLIED,11
MTG:COLLECTOR_BOOSTER_BOX:TCGCSV-23019-484912,Universes Beyond: The Lord of the Rings: Tales of Middle-earth Collector Booster Display,COLLECTOR_BOOSTER_BOX,,,,GOVERNED,PROVISIONAL_MODEL,EVALUATED,,TIER_1,FULL_HISTORICAL_ANALYSIS,LONG_HISTORY,32,32,1,TRUSTED_HISTORY_WITH_EBAY_SUPPLEMENT,884,2026-07-11,19,2375.00,91.11,118.75,27.80,-10.10,HISTORICALLY_STRONG,100.00,92.64,47.70,80.00,60.00,70.38,10.00,79.16,74.79,87.76,PURCHASE_ANALYSIS_ELIGIBLE,,false,UNIVERSAL_TIERED_HISTORICAL_AND_CURRENT_EVIDENCE_ANALYSIS,TIER_1_FORWARD_SCENARIO_V2_RECALIBRATED,2026-07-30,86.00,HIGH,SCENARIO_MODEL_READY,,false,true,MODERATED_HISTORICAL_CLASS_ANCHORED_SCENARIO_MODEL,94.05,1.00,11.46,16.52,15.52,2398.75,2647.21,2767.27,2446.96,3288.81,3756.87,2496.15,4085.91,5100.37,SCENARIO_NOT_GUARANTEE|CURRENT_VALUE_REQUIRES_VERIFICATION|HISTORICAL_RETURNS_MEAN_REVERTED|FEES_TAXES_SHIPPING_AND_LIQUIDITY_NOT_APPLIED,7
MTG:SECRET_LAIR:SL-C59DE249DE7287,Drop: Crocodile Jackson's Monstrous Menagerie - Foil Etched Edition — Foil Edition,SECRET_LAIR,STANDARD_DROP,ETCHED_FOIL,,GOVERNED,FULL_MODEL,PASS,,TIER_1,FULL_HISTORICAL_ANALYSIS,LONG_HISTORY,30,31,1,TRUSTED_HISTORY_WITH_EBAY_SUPPLEMENT,874,2026-07-01,29,50.99,7.39,8.06,7.13,-10.02,HISTORICALLY_STABLE,100.00,41.61,81.41,100.00,100.00,41.82,5.00,53.55,74.69,93.83,PURCHASE_ANALYSIS_ELIGIBLE,,false,UNIVERSAL_TIERED_HISTORICAL_AND_CURRENT_EVIDENCE_ANALYSIS,TIER_1_FORWARD_SCENARIO_V2_RECALIBRATED,2026-07-30,99.50,HIGH,SCENARIO_MODEL_READY,,false,true,MODERATED_HISTORICAL_CLASS_ANCHORED_SCENARIO_MODEL,43.62,0.00,7.50,11.42,11.42,50.99,54.81,56.81,50.99,63.35,70.53,50.99,73.21,87.57,SCENARIO_NOT_GUARANTEE|CURRENT_VALUE_REQUIRES_VERIFICATION|HISTORICAL_RETURNS_MEAN_REVERTED|FEES_TAXES_SHIPPING_AND_LIQUIDITY_NOT_APPLIED,59
MTG:PRE_COLLECTOR_BOOSTER_BOX:MTG-CANON-TCGPLAYER-127174,Amonkhet - Booster Box,PRE_COLLECTOR_BOOSTER_BOX,,,2017-04-28,GOVERNED,FULL_MODEL,FORECAST_READY,,TIER_1,FULL_HISTORICAL_ANALYSIS,LONG_HISTORY,30,32,2,TRUSTED_HISTORY_WITH_EBAY_SUPPLEMENT,874,2026-07-01,29,399.99,22.50,28.79,12.39,-6.82,HISTORICALLY_STRONG,100.00,74.61,76.39,70.00,60.00,61.73,5.00,75.14,74.67,91.60,PURCHASE_ANALYSIS_ELIGIBLE,,false,UNIVERSAL_TIERED_HISTORICAL_AND_CURRENT_EVIDENCE_ANALYSIS,TIER_1_FORWARD_SCENARIO_V2_RECALIBRATED,2026-07-30,84.00,HIGH,SCENARIO_MODEL_READY,,false,true,MODERATED_HISTORICAL_CLASS_ANCHORED_SCENARIO_MODEL,81.14,1.00,8.97,13.00,12.00,403.99,435.89,452.01,412.11,517.63,577.21,420.39,614.70,737.10,SCENARIO_NOT_GUARANTEE|CURRENT_VALUE_REQUIRES_VERIFICATION|HISTORICAL_RETURNS_MEAN_REVERTED|FEES_TAXES_SHIPPING_AND_LIQUIDITY_NOT_APPLIED,10
MTG:SECRET_LAIR:SL-B0DEB8AFB8B821,Drop: Artist Series: Wayne Reynolds - Non-Foil Edition — Nonfoil Edition,SECRET_LAIR,ARTIST,NONFOIL,,GOVERNED,FULL_MODEL,PASS,,TIER_1,FULL_HISTORICAL_ANALYSIS,LONG_HISTORY,30,31,1,TRUSTED_HISTORY_WITH_EBAY_SUPPLEMENT,874,2026-07-01,29,40.00,8.45,32.16,12.25,-21.73,HISTORICALLY_STRONG,100.00,54.37,60.91,100.00,100.00,36.14,5.00,56.33,74.56,93.73,PURCHASE_ANALYSIS_ELIGIBLE,,false,UNIVERSAL_TIERED_HISTORICAL_AND_CURRENT_EVIDENCE_ANALYSIS,TIER_1_FORWARD_SCENARIO_V2_RECALIBRATED,2026-07-30,99.50,HIGH,SCENARIO_MODEL_READY,,false,true,MODERATED_HISTORICAL_CLASS_ANCHORED_SCENARIO_MODEL,45.53,0.00,7.14,11.76,11.76,40.00,42.86,44.71,40.00,49.20,55.84,40.00,56.48,69.75,SCENARIO_NOT_GUARANTEE|CURRENT_VALUE_REQUIRES_VERIFICATION|HISTORICAL_RETURNS_MEAN_REVERTED|FEES_TAXES_SHIPPING_AND_LIQUIDITY_NOT_APPLIED,61
MTG:PRE_COLLECTOR_BOOSTER_BOX:MTG-CANON-TCGPLAYER-95052,Modern Masters 2015 - Booster Box,PRE_COLLECTOR_BOOSTER_BOX,,,2015-05-22,GOVERNED,FULL_MODEL,FORECAST_READY,,TIER_1,FULL_HISTORICAL_ANALYSIS,LONG_HISTORY,30,31,1,TRUSTED_HISTORY_WITH_EBAY_SUPPLEMENT,874,2026-07-01,29,424.99,25.10,43.22,16.64,-8.78,HISTORICALLY_STRONG,100.00,83.78,61.51,70.00,60.00,61.54,5.00,77.10,74.54,89.92,PURCHASE_ANALYSIS_ELIGIBLE,,false,UNIVERSAL_TIERED_HISTORICAL_AND_CURRENT_EVIDENCE_ANALYSIS,TIER_1_FORWARD_SCENARIO_V2_RECALIBRATED,2026-07-30,84.00,HIGH,SCENARIO_MODEL_READY,,false,true,MODERATED_HISTORICAL_CLASS_ANCHORED_SCENARIO_MODEL,86.40,1.00,8.88,13.18,12.18,429.24,462.75,481.02,437.87,548.62,616.22,446.67,650.44,789.42,SCENARIO_NOT_GUARANTEE|CURRENT_VALUE_REQUIRES_VERIFICATION|HISTORICAL_RETURNS_MEAN_REVERTED|FEES_TAXES_SHIPPING_AND_LIQUIDITY_NOT_APPLIED,13
MTG:PRE_COLLECTOR_BOOSTER_BOX:MTG-CANON-TCGPLAYER-27283,Ice Age - Booster Box,PRE_COLLECTOR_BOOSTER_BOX,,,1995-06-03,GOVERNED,FULL_MODEL,FORECAST_READY,,TIER_1,FULL_HISTORICAL_ANALYSIS,LONG_HISTORY,30,31,1,TRUSTED_HISTORY_WITH_EBAY_SUPPLEMENT,874,2026-07-01,29,1589.50,28.35,98.30,29.16,-10.00,HISTORICALLY_STRONG,100.00,91.83,48.82,70.00,60.00,62.88,5.00,78.93,74.51,89.92,PURCHASE_ANALYSIS_ELIGIBLE,,false,UNIVERSAL_TIERED_HISTORICAL_AND_CURRENT_EVIDENCE_ANALYSIS,TIER_1_FORWARD_SCENARIO_V2_RECALIBRATED,2026-07-30,84.00,HIGH,SCENARIO_MODEL_READY,,false,true,MODERATED_HISTORICAL_CLASS_ANCHORED_SCENARIO_MODEL,89.91,1.00,9.02,13.93,12.93,1605.39,1732.92,1811.00,1637.66,2059.74,2350.89,1670.58,2448.20,3051.73,SCENARIO_NOT_GUARANTEE|CURRENT_VALUE_REQUIRES_VERIFICATION|HISTORICAL_RETURNS_MEAN_REVERTED|FEES_TAXES_SHIPPING_AND_LIQUIDITY_NOT_APPLIED,12
MTG:SECRET_LAIR:SL-6D6C79C2652BFD,Drop: Artist Series: Johannes Voss - Non-Foil Edition — Nonfoil Edition,SECRET_LAIR,ARTIST,NONFOIL,,GOVERNED,FULL_MODEL,PASS,,TIER_1,FULL_HISTORICAL_ANALYSIS,LONG_HISTORY,30,31,1,TRUSTED_HISTORY_WITH_EBAY_SUPPLEMENT,874,2026-07-01,29,54.00,5.87,6.28,7.10,-9.74,HISTORICALLY_STABLE,100.00,39.57,81.84,100.00,100.00,41.02,5.00,52.25,74.10,93.32,PURCHASE_ANALYSIS_ELIGIBLE,,false,UNIVERSAL_TIERED_HISTORICAL_AND_CURRENT_EVIDENCE_ANALYSIS,TIER_1_FORWARD_SCENARIO_V2_RECALIBRATED,2026-07-30,99.50,HIGH,SCENARIO_MODEL_READY,,false,true,MODERATED_HISTORICAL_CLASS_ANCHORED_SCENARIO_MODEL,40.91,0.00,7.31,11.22,11.22,54.00,57.95,60.06,54.00,66.73,74.29,54.00,76.83,91.89,SCENARIO_NOT_GUARANTEE|CURRENT_VALUE_REQUIRES_VERIFICATION|HISTORICAL_RETURNS_MEAN_REVERTED|FEES_TAXES_SHIPPING_AND_LIQUIDITY_NOT_APPLIED,66
MTG:SECRET_LAIR:SL-B28206C8B43B74,Drop: Artist Series: Chris Rahn - Traditional Foil Edition — Foil Edition,SECRET_LAIR,ARTIST,FOIL,,GOVERNED,FULL_MODEL,PASS,,TIER_1,FULL_HISTORICAL_ANALYSIS,LONG_HISTORY,30,31,1,TRUSTED_HISTORY_WITH_EBAY_SUPPLEMENT,874,2026-07-01,29,54.99,14.60,-6.05,11.26,-8.84,HISTORICALLY_STRONG,100.00,43.13,76.23,100.00,100.00,44.32,5.00,53.06,74.09,93.32,PURCHASE_ANALYSIS_ELIGIBLE,,false,UNIVERSAL_TIERED_HISTORICAL_AND_CURRENT_EVIDENCE_ANALYSIS,TIER_1_FORWARD_SCENARIO_V2_RECALIBRATED,2026-07-30,99.50,HIGH,SCENARIO_MODEL_READY,,false,true,MODERATED_HISTORICAL_CLASS_ANCHORED_SCENARIO_MODEL,56.94,0.00,6.81,11.00,11.00,54.99,58.74,61.04,54.99,67.01,75.21,54.99,76.46,92.66,SCENARIO_NOT_GUARANTEE|CURRENT_VALUE_REQUIRES_VERIFICATION|HISTORICAL_RETURNS_MEAN_REVERTED|FEES_TAXES_SHIPPING_AND_LIQUIDITY_NOT_APPLIED,65
MTG:PRE_COLLECTOR_BOOSTER_BOX:MTG-CANON-TCGPLAYER-127069,Modern Masters 2017 - Booster Box,PRE_COLLECTOR_BOOSTER_BOX,,,2017-03-17,GOVERNED,FULL_MODEL,FORECAST_READY,,TIER_1,FULL_HISTORICAL_ANALYSIS,LONG_HISTORY,30,31,1,TRUSTED_HISTORY_WITH_EBAY_SUPPLEMENT,874,2026-07-01,29,354.00,23.94,12.13,11.55,-5.18,HISTORICALLY_STRONG,100.00,68.09,82.94,70.00,60.00,62.12,5.00,72.54,73.89,88.24,PURCHASE_ANALYSIS_ELIGIBLE,,false,UNIVERSAL_TIERED_HISTORICAL_AND_CURRENT_EVIDENCE_ANALYSIS,TIER_1_FORWARD_SCENARIO_V2_RECALIBRATED,2026-07-30,84.00,HIGH,SCENARIO_MODEL_READY,,false,true,MODERATED_HISTORICAL_CLASS_ANCHORED_SCENARIO_MODEL,83.77,1.00,8.84,12.77,11.77,357.54,385.29,399.19,364.73,456.42,507.63,372.06,540.67,645.51,SCENARIO_NOT_GUARANTEE|CURRENT_VALUE_REQUIRES_VERIFICATION|HISTORICAL_RETURNS_MEAN_REVERTED|FEES_TAXES_SHIPPING_AND_LIQUIDITY_NOT_APPLIED,14
MTG:PRE_COLLECTOR_BOOSTER_BOX:MTG-CANON-TCGPLAYER-35749,Scars of Mirrodin - Booster Box,PRE_COLLECTOR_BOOSTER_BOX,,,2010-10-01,GOVERNED,FULL_MODEL,FORECAST_READY,,TIER_1,FULL_HISTORICAL_ANALYSIS,LONG_HISTORY,30,31,1,TRUSTED_HISTORY_WITH_EBAY_SUPPLEMENT,874,2026-07-01,29,825.00,27.48,18.62,14.55,-3.79,HISTORICALLY_STRONG,100.00,73.91,73.72,70.00,60.00,61.15,5.00,73.85,73.86,88.24,PURCHASE_ANALYSIS_ELIGIBLE,,false,UNIVERSAL_TIERED_HISTORICAL_AND_CURRENT_EVIDENCE_ANALYSIS,TIER_1_FORWARD_SCENARIO_V2_RECALIBRATED,2026-07-30,84.00,HIGH,SCENARIO_MODEL_READY,,false,true,MODERATED_HISTORICAL_CLASS_ANCHORED_SCENARIO_MODEL,89.04,1.00,9.01,13.01,12.01,833.25,899.31,932.36,850.00,1068.61,1190.81,867.08,1269.77,1520.91,SCENARIO_NOT_GUARANTEE|CURRENT_VALUE_REQUIRES_VERIFICATION|HISTORICAL_RETURNS_MEAN_REVERTED|FEES_TAXES_SHIPPING_AND_LIQUIDITY_NOT_APPLIED,15
MTG:SECRET_LAIR:SL-9A70751B3B58BD,Drop: Special Guest: Fiona Staples - Traditional Foil Edition — Foil Edition,SECRET_LAIR,ARTIST,FOIL,,GOVERNED,FULL_MODEL,PASS,,TIER_1,FULL_HISTORICAL_ANALYSIS,LONG_HISTORY,30,31,1,TRUSTED_HISTORY_WITH_EBAY_SUPPLEMENT,874,2026-07-01,29,55.00,6.48,-0.16,8.95,-5.85,HISTORICALLY_STABLE,100.00,36.69,85.03,100.00,100.00,44.09,5.00,51.19,73.82,93.01,PURCHASE_ANALYSIS_ELIGIBLE,,false,UNIVERSAL_TIERED_HISTORICAL_AND_CURRENT_EVIDENCE_ANALYSIS,TIER_1_FORWARD_SCENARIO_V2_RECALIBRATED,2026-07-30,99.50,HIGH,SCENARIO_MODEL_READY,,false,true,MODERATED_HISTORICAL_CLASS_ANCHORED_SCENARIO_MODEL,42.03,0.00,6.94,11.00,11.00,55.00,58.82,61.05,55.00,67.26,75.22,55.00,76.92,92.68,SCENARIO_NOT_GUARANTEE|CURRENT_VALUE_REQUIRES_VERIFICATION|HISTORICAL_RETURNS_MEAN_REVERTED|FEES_TAXES_SHIPPING_AND_LIQUIDITY_NOT_APPLIED,68
MTG:PRE_COLLECTOR_BOOSTER_BOX:MTG-CANON-TCGPLAYER-149402,Unstable - Booster Box,PRE_COLLECTOR_BOOSTER_BOX,,,2017-12-08,GOVERNED,FULL_MODEL,FORECAST_READY,,TIER_1,FULL_HISTORICAL_ANALYSIS,LONG_HISTORY,30,31,1,TRUSTED_HISTORY_WITH_EBAY_SUPPLEMENT,874,2026-07-01,29,229.99,31.85,37.96,14.58,-13.87,HISTORICALLY_STRONG,100.00,86.17,54.14,70.00,60.00,57.50,5.00,76.56,73.76,87.39,PURCHASE_ANALYSIS_ELIGIBLE,,false,UNIVERSAL_TIERED_HISTORICAL_AND_CURRENT_EVIDENCE_ANALYSIS,TIER_1_FORWARD_SCENARIO_V2_RECALIBRATED,2026-07-30,84.00,HIGH,SCENARIO_MODEL_READY,,false,true,MODERATED_HISTORICAL_CLASS_ANCHORED_SCENARIO_MODEL,93.42,1.00,8.81,13.22,12.22,232.29,250.26,260.40,236.96,296.32,333.83,241.72,350.85,427.96,SCENARIO_NOT_GUARANTEE|CURRENT_VALUE_REQUIRES_VERIFICATION|HISTORICAL_RETURNS_MEAN_REVERTED|FEES_TAXES_SHIPPING_AND_LIQUIDITY_NOT_APPLIED,16
MTG:PRE_COLLECTOR_BOOSTER_BOX:MTG-CANON-TCGPLAYER-185894,Modern Horizons - Booster Box,PRE_COLLECTOR_BOOSTER_BOX,,,2019-06-13,GOVERNED,FULL_MODEL,FORECAST_READY,,TIER_1,FULL_HISTORICAL_ANALYSIS,LONG_HISTORY,30,31,1,TRUSTED_HISTORY_WITH_EBAY_SUPPLEMENT,874,2026-07-01,29,309.98,17.15,40.72,11.88,-6.84,HISTORICALLY_STRONG,100.00,71.02,77.71,70.00,60.00,60.38,5.00,73.03,73.75,86.55,PURCHASE_ANALYSIS_ELIGIBLE,,false,UNIVERSAL_TIERED_HISTORICAL_AND_CURRENT_EVIDENCE_ANALYSIS,TIER_1_FORWARD_SCENARIO_V2_RECALIBRATED,2026-07-30,84.00,HIGH,SCENARIO_MODEL_READY,,false,true,MODERATED_HISTORICAL_CLASS_ANCHORED_SCENARIO_MODEL,67.54,1.00,8.80,12.81,11.81,313.08,337.27,349.69,319.37,399.27,445.04,325.79,472.66,566.38,SCENARIO_NOT_GUARANTEE|CURRENT_VALUE_REQUIRES_VERIFICATION|HISTORICAL_RETURNS_MEAN_REVERTED|FEES_TAXES_SHIPPING_AND_LIQUIDITY_NOT_APPLIED,17
MTG:PRE_COLLECTOR_BOOSTER_BOX:MTG-CANON-TCGPLAYER-179444,Ultimate Masters - Booster Box,PRE_COLLECTOR_BOOSTER_BOX,,,2018-12-07,GOVERNED,FULL_MODEL,FORECAST_READY,,TIER_1,FULL_HISTORICAL_ANALYSIS,LONG_HISTORY,30,31,1,TRUSTED_HISTORY_WITH_EBAY_SUPPLEMENT,874,2026-07-01,29,508.50,20.95,24.11,10.30,-8.50,HISTORICALLY_STRONG,100.00,68.74,81.24,70.00,60.00,59.81,5.00,72.49,73.74,84.87,PURCHASE_ANALYSIS_ELIGIBLE,,false,UNIVERSAL_TIERED_HISTORICAL_AND_CURRENT_EVIDENCE_ANALYSIS,TIER_1_FORWARD_SCENARIO_V2_RECALIBRATED,2026-07-30,84.00,HIGH,SCENARIO_MODEL_READY,,false,true,MODERATED_HISTORICAL_CLASS_ANCHORED_SCENARIO_MODEL,76.75,1.00,8.77,12.77,11.77,513.59,553.10,573.46,523.91,654.38,729.33,534.44,774.20,927.57,SCENARIO_NOT_GUARANTEE|CURRENT_VALUE_REQUIRES_VERIFICATION|HISTORICAL_RETURNS_MEAN_REVERTED|FEES_TAXES_SHIPPING_AND_LIQUIDITY_NOT_APPLIED,18
MTG:SECRET_LAIR:SL-2ADC84D7922A98,x Post Malone: Backstage Pass - Traditional Foil Edition — Foil Edition,SECRET_LAIR,STANDARD_DROP,FOIL,,GOVERNED,FULL_MODEL,PASS,,TIER_1,FULL_HISTORICAL_ANALYSIS,LONG_HISTORY,30,31,1,TRUSTED_HISTORY_WITH_EBAY_SUPPLEMENT,874,2026-07-01,29,182.49,11.23,15.39,13.83,-13.67,HISTORICALLY_STRONG,100.00,48.58,65.47,100.00,100.00,36.02,5.00,53.65,73.60,92.81,PURCHASE_ANALYSIS_ELIGIBLE,,false,UNIVERSAL_TIERED_HISTORICAL_AND_CURRENT_EVIDENCE_ANALYSIS,TIER_1_FORWARD_SCENARIO_V2_RECALIBRATED,2026-07-30,99.50,HIGH,SCENARIO_MODEL_READY,,false,true,MODERATED_HISTORICAL_CLASS_ANCHORED_SCENARIO_MODEL,49.68,0.00,7.37,11.74,11.74,182.49,195.94,203.91,182.49,225.88,254.59,182.49,260.40,317.87,SCENARIO_NOT_GUARANTEE|CURRENT_VALUE_REQUIRES_VERIFICATION|HISTORICAL_RETURNS_MEAN_REVERTED|FEES_TAXES_SHIPPING_AND_LIQUIDITY_NOT_APPLIED,70
MTG:SECRET_LAIR:SL-2D3CABC651E40A,Drop: City Styles 2: Dressed to Kill - Non-Foil Edition — Nonfoil Edition,SECRET_LAIR,STANDARD_DROP,NONFOIL,,GOVERNED,FULL_MODEL,PASS,,TIER_1,FULL_HISTORICAL_ANALYSIS,MEDIUM_HISTORY,17,18,1,TRUSTED_HISTORY_WITH_EBAY_SUPPLEMENT,487,2026-07-01,29,99.99,24.15,53.77,20.26,-19.40,HISTORICALLY_STRONG,60.68,75.67,49.66,100.00,100.00,40.51,5.00,67.87,73.38,92.50,PURCHASE_ANALYSIS_ELIGIBLE,,false,UNIVERSAL_TIERED_HISTORICAL_AND_CURRENT_EVIDENCE_ANALYSIS,TIER_1_FORWARD_SCENARIO_V2_RECALIBRATED,2026-07-30,81.20,HIGH,SCENARIO_MODEL_READY,,false,true,MODERATED_HISTORICAL_CLASS_ANCHORED_SCENARIO_MODEL,70.57,0.00,7.41,12.30,12.30,99.99,107.40,112.29,99.99,123.91,141.61,99.99,142.96,178.59,SCENARIO_NOT_GUARANTEE|CURRENT_VALUE_REQUIRES_VERIFICATION|HISTORICAL_RETURNS_MEAN_REVERTED|FEES_TAXES_SHIPPING_AND_LIQUIDITY_NOT_APPLIED,74
MTG:COLLECTOR_BOOSTER_BOX:TCGCSV-23312-516614,The Lost Caverns of Ixalan Collector Booster Display,COLLECTOR_BOOSTER_BOX,,,,GOVERNED,PROVISIONAL_MODEL,EVALUATED,,TIER_1,FULL_HISTORICAL_ANALYSIS,LONG_HISTORY,32,32,1,TRUSTED_HISTORY_WITH_EBAY_SUPPLEMENT,884,2026-07-11,19,1389.97,71.68,123.56,21.65,-9.60,HISTORICALLY_STRONG,100.00,79.03,60.42,80.00,60.00,69.62,10.00,73.45,72.97,85.71,PURCHASE_ANALYSIS_ELIGIBLE,,false,UNIVERSAL_TIERED_HISTORICAL_AND_CURRENT_EVIDENCE_ANALYSIS,TIER_1_FORWARD_SCENARIO_V2_RECALIBRATED,2026-07-30,86.00,HIGH,SCENARIO_MODEL_READY,,false,true,MODERATED_HISTORICAL_CLASS_ANCHORED_SCENARIO_MODEL,70.24,1.00,11.24,16.00,15.00,1403.87,1546.25,1612.39,1432.09,1913.51,2169.70,1460.87,2367.99,2919.64,SCENARIO_NOT_GUARANTEE|CURRENT_VALUE_REQUIRES_VERIFICATION|HISTORICAL_RETURNS_MEAN_REVERTED|FEES_TAXES_SHIPPING_AND_LIQUIDITY_NOT_APPLIED,8
MTG:PRE_COLLECTOR_BOOSTER_BOX:MTG-CANON-TCGPLAYER-110418,Oath of the Gatewatch - Booster Box,PRE_COLLECTOR_BOOSTER_BOX,,,2016-01-22,GOVERNED,FULL_MODEL,FORECAST_READY,,TIER_1,FULL_HISTORICAL_ANALYSIS,LONG_HISTORY,30,31,1,TRUSTED_HISTORY_WITH_EBAY_SUPPLEMENT,874,2026-07-01,29,198.77,16.56,24.59,9.42,-5.29,HISTORICALLY_STRONG,100.00,61.70,88.21,70.00,60.00,59.62,5.00,69.65,72.88,84.03,PURCHASE_ANALYSIS_ELIGIBLE,,false,UNIVERSAL_TIERED_HISTORICAL_AND_CURRENT_EVIDENCE_ANALYSIS,TIER_1_FORWARD_SCENARIO_V2_RECALIBRATED,2026-07-30,84.00,HIGH,SCENARIO_MODEL_READY,,false,true,MODERATED_HISTORICAL_CLASS_ANCHORED_SCENARIO_MODEL,65.35,1.00,8.76,12.59,11.59,200.76,216.17,223.80,204.79,255.69,283.71,208.91,302.43,359.65,SCENARIO_NOT_GUARANTEE|CURRENT_VALUE_REQUIRES_VERIFICATION|HISTORICAL_RETURNS_MEAN_REVERTED|FEES_TAXES_SHIPPING_AND_LIQUIDITY_NOT_APPLIED,20
MTG:SECRET_LAIR:SL-FB1FECB0690176,Drop: Pixel Perfect: Extra Life 2024 - Rainbow Foil Edition — Foil Edition,SECRET_LAIR,STANDARD_DROP,RAINBOW_FOIL,,GOVERNED,FULL_MODEL,PASS,,TIER_1,FULL_HISTORICAL_ANALYSIS,MEDIUM_HISTORY,21,22,1,TRUSTED_HISTORY_WITH_EBAY_SUPPLEMENT,607,2026-07-01,29,85.09,15.91,30.84,19.05,-12.07,HISTORICALLY_STRONG,75.26,61.68,58.75,100.00,100.00,37.27,5.00,60.80,72.83,91.98,PURCHASE_ANALYSIS_ELIGIBLE,,false,UNIVERSAL_TIERED_HISTORICAL_AND_CURRENT_EVIDENCE_ANALYSIS,TIER_1_FORWARD_SCENARIO_V2_RECALIBRATED,2026-07-30,87.58,HIGH,SCENARIO_MODEL_READY,,false,true,MODERATED_HISTORICAL_CLASS_ANCHORED_SCENARIO_MODEL,58.77,0.00,7.36,11.90,11.90,85.09,91.35,95.21,85.09,105.28,119.21,85.09,121.34,149.26,SCENARIO_NOT_GUARANTEE|CURRENT_VALUE_REQUIRES_VERIFICATION|HISTORICAL_RETURNS_MEAN_REVERTED|FEES_TAXES_SHIPPING_AND_LIQUIDITY_NOT_APPLIED,79
MTG:SECRET_LAIR:SL-5B6759715093DA,Drop: Valentine's Day 2021 - Traditional Foil Edition — Foil Edition,SECRET_LAIR,STANDARD_DROP,FOIL,,GOVERNED,FULL_MODEL,PASS,,TIER_1,FULL_HISTORICAL_ANALYSIS,LONG_HISTORY,30,31,1,TRUSTED_HISTORY_WITH_EBAY_SUPPLEMENT,874,2026-07-01,29,77.50,13.91,57.09,37.70,-30.60,HISTORICALLY_STRONG,100.00,67.24,32.66,100.00,100.00,34.43,5.00,56.87,72.80,91.98,PURCHASE_ANALYSIS_ELIGIBLE,,false,UNIVERSAL_TIERED_HISTORICAL_AND_CURRENT_EVIDENCE_ANALYSIS,TIER_1_FORWARD_SCENARIO_V2_RECALIBRATED,2026-07-30,99.50,HIGH,SCENARIO_MODEL_READY,,false,true,MODERATED_HISTORICAL_CLASS_ANCHORED_SCENARIO_MODEL,55.02,0.00,6.19,12.31,12.31,77.50,82.30,87.04,77.50,92.80,109.79,77.50,104.65,138.49,SCENARIO_NOT_GUARANTEE|CURRENT_VALUE_REQUIRES_VERIFICATION|HISTORICAL_RETURNS_MEAN_REVERTED|FEES_TAXES_SHIPPING_AND_LIQUIDITY_NOT_APPLIED,78
MTG:PRE_COLLECTOR_BOOSTER_BOX:MTG-CANON-TCGPLAYER-67751,Dragon's Maze - Booster Box,PRE_COLLECTOR_BOOSTER_BOX,,,2013-05-03,GOVERNED,FULL_MODEL,FORECAST_READY,,TIER_1,FULL_HISTORICAL_ANALYSIS,LONG_HISTORY,30,31,1,TRUSTED_HISTORY_WITH_EBAY_SUPPLEMENT,874,2026-07-01,29,144.97,16.34,16.47,5.97,-3.14,HISTORICALLY_STRONG,100.00,56.57,95.19,70.00,60.00,59.81,5.00,68.16,72.67,84.03,PURCHASE_ANALYSIS_ELIGIBLE,,false,UNIVERSAL_TIERED_HISTORICAL_AND_CURRENT_EVIDENCE_ANALYSIS,TIER_1_FORWARD_SCENARIO_V2_RECALIBRATED,2026-07-30,84.00,HIGH,SCENARIO_MODEL_READY,,false,true,MODERATED_HISTORICAL_CLASS_ANCHORED_SCENARIO_MODEL,64.47,1.00,8.88,12.47,11.47,146.42,157.84,163.05,149.36,187.12,206.27,152.36,221.83,260.95,SCENARIO_NOT_GUARANTEE|CURRENT_VALUE_REQUIRES_VERIFICATION|HISTORICAL_RETURNS_MEAN_REVERTED|FEES_TAXES_SHIPPING_AND_LIQUIDITY_NOT_APPLIED,19
MTG:COLLECTOR_BOOSTER_BOX:TCGCSV-2750-228249,Kaldheim Collector Booster Display,COLLECTOR_BOOSTER_BOX,,,,GOVERNED,FULL_MODEL,EVALUATED,,TIER_1,FULL_HISTORICAL_ANALYSIS,LONG_HISTORY,32,33,2,TRUSTED_HISTORY_WITH_EBAY_SUPPLEMENT,884,2026-07-11,19,375.00,40.44,56.66,13.79,-3.39,HISTORICALLY_STRONG,100.00,43.36,90.62,95.00,60.00,62.12,5.00,57.54,72.26,83.67,PURCHASE_ANALYSIS_ELIGIBLE,,false,UNIVERSAL_TIERED_HISTORICAL_AND_CURRENT_EVIDENCE_ANALYSIS,TIER_1_FORWARD_SCENARIO_V2_RECALIBRATED,2026-07-30,90.25,HIGH,SCENARIO_MODEL_READY,,false,true,MODERATED_HISTORICAL_CLASS_ANCHORED_SCENARIO_MODEL,41.67,1.00,10.96,14.92,13.92,378.75,416.10,430.94,386.36,512.32,569.09,394.13,630.78,751.53,SCENARIO_NOT_GUARANTEE|CURRENT_VALUE_REQUIRES_VERIFICATION|HISTORICAL_RETURNS_MEAN_REVERTED|FEES_TAXES_SHIPPING_AND_LIQUIDITY_NOT_APPLIED,9
MTG:SECRET_LAIR:SL-89D18240A7624C,Drop: Secret Lair x Arcane: Lands - Non-Foil Edition — Nonfoil Edition,SECRET_LAIR,CROSSOVER,NONFOIL,,GOVERNED,FULL_MODEL,PASS,,TIER_1,FULL_HISTORICAL_ANALYSIS,LONG_HISTORY,30,31,1,TRUSTED_HISTORY_WITH_EBAY_SUPPLEMENT,874,2026-07-01,29,45.00,18.24,-1.71,15.64,-15.19,HISTORICALLY_STRONG,100.00,47.79,59.98,100.00,100.00,34.20,5.00,51.45,72.16,91.47,PURCHASE_ANALYSIS_ELIGIBLE,,false,UNIVERSAL_TIERED_HISTORICAL_AND_CURRENT_EVIDENCE_ANALYSIS,TIER_1_FORWARD_SCENARIO_V2_RECALIBRATED,2026-07-30,99.50,HIGH,SCENARIO_MODEL_READY,,false,true,MODERATED_HISTORICAL_CLASS_ANCHORED_SCENARIO_MODEL,61.96,0.00,6.56,11.07,11.07,45.00,47.95,49.98,45.00,54.45,61.66,45.00,61.82,76.07,SCENARIO_NOT_GUARANTEE|CURRENT_VALUE_REQUIRES_VERIFICATION|HISTORICAL_RETURNS_MEAN_REVERTED|FEES_TAXES_SHIPPING_AND_LIQUIDITY_NOT_APPLIED,83
MTG:PRE_COLLECTOR_BOOSTER_BOX:MTG-CANON-TCGPLAYER-94746,Fate Reforged - Booster Box,PRE_COLLECTOR_BOOSTER_BOX,,,2015-01-21,GOVERNED,FULL_MODEL,FORECAST_READY,,TIER_1,FULL_HISTORICAL_ANALYSIS,LONG_HISTORY,30,31,1,TRUSTED_HISTORY_WITH_EBAY_SUPPLEMENT,874,2026-07-01,29,214.88,21.74,35.07,12.56,-13.47,HISTORICALLY_STRONG,100.00,75.04,62.25,70.00,60.00,54.04,5.00,71.20,71.77,81.51,PURCHASE_ANALYSIS_ELIGIBLE,,false,UNIVERSAL_TIERED_HISTORICAL_AND_CURRENT_EVIDENCE_ANALYSIS,TIER_1_FORWARD_SCENARIO_V2_RECALIBRATED,2026-07-30,84.00,HIGH,SCENARIO_MODEL_READY,,false,true,MODERATED_HISTORICAL_CLASS_ANCHORED_SCENARIO_MODEL,78.51,1.00,8.39,12.70,11.70,217.03,232.92,242.16,221.39,273.66,307.57,225.84,321.53,390.63,SCENARIO_NOT_GUARANTEE|CURRENT_VALUE_REQUIRES_VERIFICATION|HISTORICAL_RETURNS_MEAN_REVERTED|FEES_TAXES_SHIPPING_AND_LIQUIDITY_NOT_APPLIED,22
MTG:SECRET_LAIR:SL-9962EA8B669B4F,Drop: Absolute Annihilation - Traditional Foil Edition — Foil Edition,SECRET_LAIR,STANDARD_DROP,FOIL,,GOVERNED,FULL_MODEL,PASS,,TIER_1,FULL_HISTORICAL_ANALYSIS,LONG_HISTORY,30,31,1,TRUSTED_HISTORY_WITH_EBAY_SUPPLEMENT,874,2026-07-01,29,72.89,19.29,11.21,22.45,-20.39,HISTORICALLY_STRONG,100.00,55.12,46.53,100.00,100.00,29.66,5.00,52.54,71.72,91.16,PURCHASE_ANALYSIS_ELIGIBLE,,false,UNIVERSAL_TIERED_HISTORICAL_AND_CURRENT_EVIDENCE_ANALYSIS,TIER_1_FORWARD_SCENARIO_V2_RECALIBRATED,2026-07-30,99.50,HIGH,SCENARIO_MODEL_READY,,false,true,MODERATED_HISTORICAL_CLASS_ANCHORED_SCENARIO_MODEL,63.56,0.00,6.87,11.90,11.90,72.89,77.90,81.56,72.89,88.98,102.13,72.89,101.63,127.88,SCENARIO_NOT_GUARANTEE|CURRENT_VALUE_REQUIRES_VERIFICATION|HISTORICAL_RETURNS_MEAN_REVERTED|FEES_TAXES_SHIPPING_AND_LIQUIDITY_NOT_APPLIED,86
MTG:SECRET_LAIR:SL-BB4FA54DEBF880,Drop: Saturday Morning D&D - Non-Foil Edition — Nonfoil Edition,SECRET_LAIR,STANDARD_DROP,NONFOIL,,GOVERNED,FULL_MODEL,PASS,,TIER_1,FULL_HISTORICAL_ANALYSIS,LONG_HISTORY,30,31,1,TRUSTED_HISTORY_WITH_EBAY_SUPPLEMENT,874,2026-07-01,29,45.99,1.75,17.92,9.90,-17.77,HISTORICALLY_STABLE,100.00,40.02,69.29,100.00,100.00,35.23,5.00,48.80,71.55,90.75,PURCHASE_ANALYSIS_ELIGIBLE,,false,UNIVERSAL_TIERED_HISTORICAL_AND_CURRENT_EVIDENCE_ANALYSIS,TIER_1_FORWARD_SCENARIO_V2_RECALIBRATED,2026-07-30,99.50,HIGH,SCENARIO_MODEL_READY,,false,true,MODERATED_HISTORICAL_CLASS_ANCHORED_SCENARIO_MODEL,33.17,0.00,6.47,11.00,11.00,45.99,48.97,51.05,45.99,55.51,62.90,45.99,62.93,77.50,SCENARIO_NOT_GUARANTEE|CURRENT_VALUE_REQUIRES_VERIFICATION|HISTORICAL_RETURNS_MEAN_REVERTED|FEES_TAXES_SHIPPING_AND_LIQUIDITY_NOT_APPLIED,90
MTG:PRE_COLLECTOR_BOOSTER_BOX:MTG-CANON-TCGPLAYER-180734,Ravnica Allegiance - Booster Box,PRE_COLLECTOR_BOOSTER_BOX,,,2019-01-25,GOVERNED,FULL_MODEL,FORECAST_READY,,TIER_1,FULL_HISTORICAL_ANALYSIS,LONG_HISTORY,30,31,1,TRUSTED_HISTORY_WITH_EBAY_SUPPLEMENT,874,2026-07-01,29,159.94,15.67,34.23,8.46,-10.43,HISTORICALLY_STRONG,100.00,64.00,78.44,70.00,60.00,53.08,5.00,68.33,71.55,80.67,PURCHASE_ANALYSIS_ELIGIBLE,,false,UNIVERSAL_TIERED_HISTORICAL_AND_CURRENT_EVIDENCE_ANALYSIS,TIER_1_FORWARD_SCENARIO_V2_RECALIBRATED,2026-07-30,84.00,HIGH,SCENARIO_MODEL_READY,,false,true,MODERATED_HISTORICAL_CLASS_ANCHORED_SCENARIO_MODEL,61.84,1.00,8.48,12.48,11.48,161.54,173.50,179.89,164.79,204.16,227.58,168.10,240.25,287.90,SCENARIO_NOT_GUARANTEE|CURRENT_VALUE_REQUIRES_VERIFICATION|HISTORICAL_RETURNS_MEAN_REVERTED|FEES_TAXES_SHIPPING_AND_LIQUIDITY_NOT_APPLIED,23
MTG:SECRET_LAIR:SL-EC805E73DB692C,Drop: The Weirdest Pets in the Multiverse - Traditional Foil Edition — Foil Edition,SECRET_LAIR,STANDARD_DROP,FOIL,,GOVERNED,FULL_MODEL,PASS,,TIER_1,FULL_HISTORICAL_ANALYSIS,LONG_HISTORY,30,31,1,TRUSTED_HISTORY_WITH_EBAY_SUPPLEMENT,874,2026-07-01,29,50.00,11.95,10.00,17.57,-14.41,HISTORICALLY_STRONG,100.00,47.09,58.18,100.00,100.00,30.34,5.00,50.42,71.53,90.65,PURCHASE_ANALYSIS_ELIGIBLE,,false,UNIVERSAL_TIERED_HISTORICAL_AND_CURRENT_EVIDENCE_ANALYSIS,TIER_1_FORWARD_SCENARIO_V2_RECALIBRATED,2026-07-30,99.50,HIGH,SCENARIO_MODEL_READY,,false,true,MODERATED_HISTORICAL_CLASS_ANCHORED_SCENARIO_MODEL,51.28,0.00,6.97,11.54,11.54,50.00,53.49,55.77,50.00,61.20,69.38,50.00,70.04,86.32,SCENARIO_NOT_GUARANTEE|CURRENT_VALUE_REQUIRES_VERIFICATION|HISTORICAL_RETURNS_MEAN_REVERTED|FEES_TAXES_SHIPPING_AND_LIQUIDITY_NOT_APPLIED,92
MTG:SECRET_LAIR:SL-3C8F74D9F8C33A,Drop: Artist Series: Rebecca Guay - Non-Foil Edition — Nonfoil Edition,SECRET_LAIR,ARTIST,NONFOIL,,GOVERNED,FULL_MODEL,PASS,,TIER_1,FULL_HISTORICAL_ANALYSIS,LONG_HISTORY,30,31,1,TRUSTED_HISTORY_WITH_EBAY_SUPPLEMENT,874,2026-07-01,29,51.00,3.42,38.19,16.13,-24.87,HISTORICALLY_STABLE,100.00,51.12,51.46,100.00,100.00,29.32,5.00,51.22,71.44,90.65,PURCHASE_ANALYSIS_ELIGIBLE,,false,UNIVERSAL_TIERED_HISTORICAL_AND_CURRENT_EVIDENCE_ANALYSIS,TIER_1_FORWARD_SCENARIO_V2_RECALIBRATED,2026-07-30,99.50,HIGH,SCENARIO_MODEL_READY,,false,true,MODERATED_HISTORICAL_CLASS_ANCHORED_SCENARIO_MODEL,36.20,0.00,6.29,11.21,11.21,51.00,54.21,56.72,51.00,61.24,70.15,51.00,69.19,86.76,SCENARIO_NOT_GUARANTEE|CURRENT_VALUE_REQUIRES_VERIFICATION|HISTORICAL_RETURNS_MEAN_REVERTED|FEES_TAXES_SHIPPING_AND_LIQUIDITY_NOT_APPLIED,91
MTG:SECRET_LAIR:SL-23598BE2582FF4,Drop: Saturday Morning D&D - Traditional Foil Edition — Foil Edition,SECRET_LAIR,STANDARD_DROP,FOIL,,GOVERNED,FULL_MODEL,PASS,,TIER_1,FULL_HISTORICAL_ANALYSIS,LONG_HISTORY,30,31,1,TRUSTED_HISTORY_WITH_EBAY_SUPPLEMENT,874,2026-07-01,29,57.48,0.73,34.97,12.24,-28.86,HISTORICALLY_STABLE,100.00,47.38,57.07,100.00,100.00,31.48,5.00,50.29,71.39,90.34,PURCHASE_ANALYSIS_ELIGIBLE,,false,UNIVERSAL_TIERED_HISTORICAL_AND_CURRENT_EVIDENCE_ANALYSIS,TIER_1_FORWARD_SCENARIO_V2_RECALIBRATED,2026-07-30,99.50,HIGH,SCENARIO_MODEL_READY,,false,true,MODERATED_HISTORICAL_CLASS_ANCHORED_SCENARIO_MODEL,31.34,0.00,5.84,11.00,11.00,57.48,60.84,63.80,57.48,68.15,78.61,57.48,76.34,96.86,SCENARIO_NOT_GUARANTEE|CURRENT_VALUE_REQUIRES_VERIFICATION|HISTORICAL_RETURNS_MEAN_REVERTED|FEES_TAXES_SHIPPING_AND_LIQUIDITY_NOT_APPLIED,93
MTG:SECRET_LAIR:SL-BA53143C1DDB56,Drop: Nature is Adorable - Traditional Foil Edition — Foil Edition,SECRET_LAIR,STANDARD_DROP,FOIL,,GOVERNED,FULL_MODEL,PASS,,TIER_1,FULL_HISTORICAL_ANALYSIS,LONG_HISTORY,30,31,1,TRUSTED_HISTORY_WITH_EBAY_SUPPLEMENT,874,2026-07-01,29,55.44,15.11,13.53,19.21,-22.21,HISTORICALLY_STRONG,100.00,52.61,48.57,100.00,100.00,29.20,5.00,51.40,71.32,90.24,PURCHASE_ANALYSIS_ELIGIBLE,,false,UNIVERSAL_TIERED_HISTORICAL_AND_CURRENT_EVIDENCE_ANALYSIS,TIER_1_FORWARD_SCENARIO_V2_RECALIBRATED,2026-07-30,99.50,HIGH,SCENARIO_MODEL_READY,,false,true,MODERATED_HISTORICAL_CLASS_ANCHORED_SCENARIO_MODEL,57.50,0.00,6.74,11.69,11.69,55.44,59.18,61.92,55.44,67.42,77.25,55.44,76.82,96.37,SCENARIO_NOT_GUARANTEE|CURRENT_VALUE_REQUIRES_VERIFICATION|HISTORICAL_RETURNS_MEAN_REVERTED|FEES_TAXES_SHIPPING_AND_LIQUIDITY_NOT_APPLIED,95
MTG:SECRET_LAIR:SL-D68D8EB45F05E9,Ponies: The Galloping 2: Extra Life 2023 - Non-Foil Edition — Nonfoil Edition,SECRET_LAIR,STANDARD_DROP,NONFOIL,,GOVERNED,FULL_MODEL,PASS,,TIER_1,FULL_HISTORICAL_ANALYSIS,LONG_HISTORY,29,30,1,TRUSTED_HISTORY_WITH_EBAY_SUPPLEMENT,874,2026-07-01,29,184.00,7.92,89.46,28.22,-45.40,HISTORICALLY_STABLE,98.00,64.82,30.74,100.00,100.00,26.65,5.00,54.60,71.27,90.03,PURCHASE_ANALYSIS_ELIGIBLE,,false,UNIVERSAL_TIERED_HISTORICAL_AND_CURRENT_EVIDENCE_ANALYSIS,TIER_1_FORWARD_SCENARIO_V2_RECALIBRATED,2026-07-30,98.40,HIGH,SCENARIO_MODEL_READY,,false,true,MODERATED_HISTORICAL_CLASS_ANCHORED_SCENARIO_MODEL,44.58,-0.59,5.70,11.98,12.57,182.92,194.49,206.05,180.78,217.28,258.40,178.66,242.75,324.05,SCENARIO_NOT_GUARANTEE|CURRENT_VALUE_REQUIRES_VERIFICATION|HISTORICAL_RETURNS_MEAN_REVERTED|FEES_TAXES_SHIPPING_AND_LIQUIDITY_NOT_APPLIED,97
MTG:COLLECTOR_BOOSTER_BOX:TCGCSV-23019-515906,The Lord of the Rings: Tales of Middle-earth - Special Edition Collector Booster Display,COLLECTOR_BOOSTER_BOX,,,,GOVERNED,PROVISIONAL_MODEL,EVALUATED,,TIER_1,FULL_HISTORICAL_ANALYSIS,LONG_HISTORY,31,31,1,TRUSTED_HISTORY_WITH_EBAY_SUPPLEMENT,874,2026-07-01,29,2375.00,224.42,201.21,62.87,-14.77,HISTORICALLY_STRONG,100.00,98.86,21.54,80.00,60.00,59.25,10.00,75.66,71.25,81.63,PURCHASE_ANALYSIS_ELIGIBLE,,false,UNIVERSAL_TIERED_HISTORICAL_AND_CURRENT_EVIDENCE_ANALYSIS,TIER_1_FORWARD_SCENARIO_V2_RECALIBRATED,2026-07-30,86.00,HIGH,SCENARIO_MODEL_READY,,false,true,MODERATED_HISTORICAL_CLASS_ANCHORED_SCENARIO_MODEL,98.81,1.00,9.78,16.60,15.60,2398.75,2607.23,2769.20,2446.96,3142.03,3764.76,2496.15,3786.53,5118.22,SCENARIO_NOT_GUARANTEE|CURRENT_VALUE_REQUIRES_VERIFICATION|HISTORICAL_RETURNS_MEAN_REVERTED|FEES_TAXES_SHIPPING_AND_LIQUIDITY_NOT_APPLIED,10
MTG:SECRET_LAIR:SL-FDA8FA789BE3A1,Drop: Secret Lair x Fortnite: Landmarks and Locations - Non-Foil Edition — Nonfoil Edition,SECRET_LAIR,CROSSOVER,NONFOIL,,GOVERNED,FULL_MODEL,PASS,,TIER_1,FULL_HISTORICAL_ANALYSIS,LONG_HISTORY,30,31,1,TRUSTED_HISTORY_WITH_EBAY_SUPPLEMENT,874,2026-07-01,29,55.00,2.11,7.26,10.58,-11.36,HISTORICALLY_STABLE,100.00,35.74,74.32,100.00,100.00,35.11,5.00,47.31,71.20,89.93,PURCHASE_ANALYSIS_ELIGIBLE,,false,UNIVERSAL_TIERED_HISTORICAL_AND_CURRENT_EVIDENCE_ANALYSIS,TIER_1_FORWARD_SCENARIO_V2_RECALIBRATED,2026-07-30,99.50,HIGH,SCENARIO_MODEL_READY,,false,true,MODERATED_HISTORICAL_CLASS_ANCHORED_SCENARIO_MODEL,33.89,0.00,6.55,11.00,11.00,55.00,58.60,61.05,55.00,66.54,75.22,55.00,75.54,92.68,SCENARIO_NOT_GUARANTEE|CURRENT_VALUE_REQUIRES_VERIFICATION|HISTORICAL_RETURNS_MEAN_REVERTED|FEES_TAXES_SHIPPING_AND_LIQUIDITY_NOT_APPLIED,98
MTG:SECRET_LAIR:SL-4E4666C9C585DF,Drop: Showcase: Thrilling Tales of the Undead - Non-Foil Edition — Nonfoil Edition,SECRET_LAIR,STANDARD_DROP,NONFOIL,,GOVERNED,FULL_MODEL,PASS,,TIER_1,FULL_HISTORICAL_ANALYSIS,LONG_HISTORY,30,31,1,TRUSTED_HISTORY_WITH_EBAY_SUPPLEMENT,874,2026-07-01,29,69.99,12.92,-4.08,11.79,-19.54,HISTORICALLY_STABLE,100.00,41.84,63.95,100.00,100.00,33.41,5.00,48.47,71.02,89.83,PURCHASE_ANALYSIS_ELIGIBLE,,false,UNIVERSAL_TIERED_HISTORICAL_AND_CURRENT_EVIDENCE_ANALYSIS,TIER_1_FORWARD_SCENARIO_V2_RECALIBRATED,2026-07-30,99.50,HIGH,SCENARIO_MODEL_READY,,false,true,MODERATED_HISTORICAL_CLASS_ANCHORED_SCENARIO_MODEL,53.35,0.00,6.06,11.00,11.00,69.99,74.23,77.69,69.99,83.49,95.72,69.99,93.91,117.94,SCENARIO_NOT_GUARANTEE|CURRENT_VALUE_REQUIRES_VERIFICATION|HISTORICAL_RETURNS_MEAN_REVERTED|FEES_TAXES_SHIPPING_AND_LIQUIDITY_NOT_APPLIED,100
MTG:SECRET_LAIR:SL-97A19C3BC3A646,Drop: Crocodile Jackson's Monstrous Menagerie - Non-Foil Edition — Nonfoil Edition,SECRET_LAIR,STANDARD_DROP,NONFOIL,,GOVERNED,FULL_MODEL,PASS,,TIER_1,FULL_HISTORICAL_ANALYSIS,LONG_HISTORY,30,31,1,TRUSTED_HISTORY_WITH_EBAY_SUPPLEMENT,874,2026-07-01,29,45.00,13.21,-0.23,13.52,-18.78,HISTORICALLY_STABLE,100.00,43.73,60.92,100.00,100.00,31.02,5.00,48.89,71.00,89.72,PURCHASE_ANALYSIS_ELIGIBLE,,false,UNIVERSAL_TIERED_HISTORICAL_AND_CURRENT_EVIDENCE_ANALYSIS,TIER_1_FORWARD_SCENARIO_V2_RECALIBRATED,2026-07-30,99.50,HIGH,SCENARIO_MODEL_READY,,false,true,MODERATED_HISTORICAL_CLASS_ANCHORED_SCENARIO_MODEL,54.31,0.00,6.31,11.00,11.00,45.00,47.84,49.95,45.00,54.07,61.54,45.00,61.12,75.83,SCENARIO_NOT_GUARANTEE|CURRENT_VALUE_REQUIRES_VERIFICATION|HISTORICAL_RETURNS_MEAN_REVERTED|FEES_TAXES_SHIPPING_AND_LIQUIDITY_NOT_APPLIED,101
MTG:PRE_COLLECTOR_BOOSTER_BOX:MTG-CANON-TCGPLAYER-141989,Ixalan - Booster Box,PRE_COLLECTOR_BOOSTER_BOX,,,2017-09-29,GOVERNED,FULL_MODEL,FORECAST_READY,,TIER_1,FULL_HISTORICAL_ANALYSIS,LONG_HISTORY,30,31,1,TRUSTED_HISTORY_WITH_EBAY_SUPPLEMENT,874,2026-07-01,29,209.34,17.09,57.99,12.35,-16.40,HISTORICALLY_STRONG,100.00,72.61,61.61,70.00,60.00,51.35,5.00,69.31,70.82,79.83,PURCHASE_ANALYSIS_ELIGIBLE,,false,UNIVERSAL_TIERED_HISTORICAL_AND_CURRENT_EVIDENCE_ANALYSIS,TIER_1_FORWARD_SCENARIO_V2_RECALIBRATED,2026-07-30,84.00,HIGH,SCENARIO_MODEL_READY,,false,true,MODERATED_HISTORICAL_CLASS_ANCHORED_SCENARIO_MODEL,66.23,1.00,8.27,12.68,11.68,211.43,226.65,235.88,215.68,265.68,299.50,220.02,311.43,380.27,SCENARIO_NOT_GUARANTEE|CURRENT_VALUE_REQUIRES_VERIFICATION|HISTORICAL_RETURNS_MEAN_REVERTED|FEES_TAXES_SHIPPING_AND_LIQUIDITY_NOT_APPLIED,24
MTG:SECRET_LAIR:SL-014CB03DE34288,Drop: Artist Series: Victor Adame Minguez - Traditional Foil Edition — Foil Edition,SECRET_LAIR,ARTIST,FOIL,,GOVERNED,FULL_MODEL,PASS,,TIER_1,FULL_HISTORICAL_ANALYSIS,LONG_HISTORY,30,31,1,TRUSTED_HISTORY_WITH_EBAY_SUPPLEMENT,874,2026-07-01,29,47.50,2.59,20.83,11.86,-22.89,HISTORICALLY_STABLE,100.00,42.65,61.21,100.00,100.00,31.14,5.00,48.22,70.70,89.31,PURCHASE_ANALYSIS_ELIGIBLE,,false,UNIVERSAL_TIERED_HISTORICAL_AND_CURRENT_EVIDENCE_ANALYSIS,TIER_1_FORWARD_SCENARIO_V2_RECALIBRATED,2026-07-30,99.50,HIGH,SCENARIO_MODEL_READY,,false,true,MODERATED_HISTORICAL_CLASS_ANCHORED_SCENARIO_MODEL,34.85,0.00,6.23,11.00,11.00,47.50,50.46,52.73,47.50,56.94,64.96,47.50,64.26,80.04,SCENARIO_NOT_GUARANTEE|CURRENT_VALUE_REQUIRES_VERIFICATION|HISTORICAL_RETURNS_MEAN_REVERTED|FEES_TAXES_SHIPPING_AND_LIQUIDITY_NOT_APPLIED,104
MTG:COLLECTOR_BOOSTER_BOX:TCGCSV-23447-541238,Bloomburrow Collector Booster Display,COLLECTOR_BOOSTER_BOX,,,,GOVERNED,FULL_MODEL,EVALUATED,,TIER_1,FULL_HISTORICAL_ANALYSIS,LONG_HISTORY,31,32,2,TRUSTED_HISTORY_WITH_EBAY_SUPPLEMENT,862,2026-07-11,19,1399.95,78.47,110.00,36.01,-19.94,HISTORICALLY_STRONG,100.00,81.47,23.88,95.00,60.00,51.00,5.00,64.19,70.68,79.59,PURCHASE_ANALYSIS_ELIGIBLE,,false,UNIVERSAL_TIERED_HISTORICAL_AND_CURRENT_EVIDENCE_ANALYSIS,TIER_1_FORWARD_SCENARIO_V2_RECALIBRATED,2026-07-30,90.25,HIGH,SCENARIO_MODEL_READY,,false,true,MODERATED_HISTORICAL_CLASS_ANCHORED_SCENARIO_MODEL,79.76,1.00,10.19,15.81,14.81,1413.95,1542.56,1621.21,1442.37,1872.86,2174.18,1471.36,2273.87,2915.76,SCENARIO_NOT_GUARANTEE|CURRENT_VALUE_REQUIRES_VERIFICATION|HISTORICAL_RETURNS_MEAN_REVERTED|FEES_TAXES_SHIPPING_AND_LIQUIDITY_NOT_APPLIED,11
MTG:PRE_COLLECTOR_BOOSTER_BOX:MTG-CANON-TCGPLAYER-27310,Time Spiral - Booster Box,PRE_COLLECTOR_BOOSTER_BOX,,,2006-10-06,GOVERNED,FULL_MODEL,FORECAST_READY,,TIER_1,FULL_HISTORICAL_ANALYSIS,LONG_HISTORY,30,31,1,TRUSTED_HISTORY_WITH_EBAY_SUPPLEMENT,874,2026-07-01,29,438.40,12.64,31.43,11.50,-6.91,HISTORICALLY_STRONG,100.00,59.96,79.03,70.00,60.00,51.35,5.00,65.68,70.33,79.83,PURCHASE_ANALYSIS_ELIGIBLE,,false,UNIVERSAL_TIERED_HISTORICAL_AND_CURRENT_EVIDENCE_ANALYSIS,TIER_1_FORWARD_SCENARIO_V2_RECALIBRATED,2026-07-30,84.00,HIGH,SCENARIO_MODEL_READY,,false,true,MODERATED_HISTORICAL_CLASS_ANCHORED_SCENARIO_MODEL,57.46,1.00,8.28,12.28,11.28,442.78,474.71,492.22,451.68,556.61,620.50,460.76,652.64,782.21,SCENARIO_NOT_GUARANTEE|CURRENT_VALUE_REQUIRES_VERIFICATION|HISTORICAL_RETURNS_MEAN_REVERTED|FEES_TAXES_SHIPPING_AND_LIQUIDITY_NOT_APPLIED,25
MTG:SECRET_LAIR:SL-15ADFCF5094915,Drop: Secret Lair x Marvel's Captain America - Rainbow Foil Edition — Foil Edition,SECRET_LAIR,CROSSOVER,RAINBOW_FOIL,,GOVERNED,FULL_MODEL,PASS,,TIER_1,FULL_HISTORICAL_ANALYSIS,MEDIUM_HISTORY,20,21,1,TRUSTED_HISTORY_WITH_EBAY_SUPPLEMENT,577,2026-07-01,29,109.98,16.37,11.46,15.92,-11.22,HISTORICALLY_STRONG,71.62,52.58,63.54,100.00,100.00,35.45,5.00,55.87,70.27,88.90,PURCHASE_ANALYSIS_ELIGIBLE,,false,UNIVERSAL_TIERED_HISTORICAL_AND_CURRENT_EVIDENCE_ANALYSIS,TIER_1_FORWARD_SCENARIO_V2_RECALIBRATED,2026-07-30,85.99,HIGH,SCENARIO_MODEL_READY,,false,true,MODERATED_HISTORICAL_CLASS_ANCHORED_SCENARIO_MODEL,59.09,0.00,7.07,11.43,11.43,109.98,117.75,122.55,109.98,134.98,152.17,109.98,154.72,188.94,SCENARIO_NOT_GUARANTEE|CURRENT_VALUE_REQUIRES_VERIFICATION|HISTORICAL_RETURNS_MEAN_REVERTED|FEES_TAXES_SHIPPING_AND_LIQUIDITY_NOT_APPLIED,109
