"Path","Hash"
"C:\Users\DevonLockard\mtg-investment-terminal\artifacts\certification\collector_boosters\candidate_v1_0_0\history_certification_display_only_v1_0_0\collector_history_anomaly_queue.csv","67DBD5AB446D94A7666C497260DA040F4E60851313C1D29B4CFCD64E8F2F1993"
"C:\Users\DevonLockard\mtg-investment-terminal\artifacts\certification\collector_boosters\candidate_v1_0_0\history_certification_display_only_v1_0_0\collector_history_certification_manifest.json","F270D4B605E9757E49F6754F9AD178B53C3A8F39D2C9E13B9EF5BF2F92E70C22"
"C:\Users\DevonLockard\mtg-investment-terminal\artifacts\certification\collector_boosters\candidate_v1_0_0\history_certification_display_only_v1_0_0\collector_history_forecast_blocked.csv","89AE909E4E1A884852FA0ADC755CAAC232A736EB8E8ACA0E9D2040A1737440C2"
"C:\Users\DevonLockard\mtg-investment-terminal\artifacts\certification\collector_boosters\candidate_v1_0_0\history_certification_display_only_v1_0_0\collector_history_forecast_eligible.csv","67CD1F024E797DBCFB2485FB529EDD82365CC80CCF2F5F5A4A62CC738ED934CF"
"C:\Users\DevonLockard\mtg-investment-terminal\artifacts\certification\collector_boosters\candidate_v1_0_0\history_certification_display_only_v1_0_0\collector_history_product_certification.csv","E2EB1737D15CFEBAB7EA3C6511BAA5A92ECE3A080460FA5AAED8C53A5C20D5E0"
"C:\Users\DevonLockard\mtg-investment-terminal\artifacts\certification\collector_boosters\candidate_v1_0_0\history_certification_display_only_v1_0_0\identity_adjudications\TCGCSV-2494-490512.json","402EFB897AAFF1CD4D9AFE6594A954B78DCA3C7D0107BB729D45BBDCA64E7DEA"
"C:\Users\DevonLockard\mtg-investment-terminal\artifacts\certification\collector_boosters\candidate_v1_0_0\history_certification_display_only_v1_0_0\universe_audit\collector_configuration_excluded.csv","B6AAF7FFFBD47224A0C713D0C5C31AE4D592E3B9AF82F5180F16129BEFBE6DD4"
"C:\Users\DevonLockard\mtg-investment-terminal\artifacts\certification\collector_boosters\candidate_v1_0_0\history_certification_display_only_v1_0_0\universe_audit\collector_display_included.csv","941845593F86E881B6627660EFE75413625D31A2565251421DE201E874DEEE38"
"C:\Users\DevonLockard\mtg-investment-terminal\artifacts\certification\collector_boosters\candidate_v1_0_0\history_certification_display_only_v1_0_0\universe_audit\collector_registry_universe_classification.csv","CA67CE0A07BF0A2979929F396B519292E52D0F2B33D992ED14F4A93A0402E4FA"
"C:\Users\DevonLockard\mtg-investment-terminal\artifacts\certification\collector_boosters\candidate_v1_0_0\history_certification_display_only_v1_0_0\universe_audit\collector_universe_audit_manifest.json","C933EAA06FF4A1C57B715BBA6883D0F614405BC4A24110241950CF7130636D2F"
"C:\Users\DevonLockard\mtg-investment-terminal\artifacts\certification\collector_boosters\candidate_v1_0_0\history_certification_display_only_v1_0_0\universe_audit\collector_universe_manual_review.csv","7EB70257593DA06F682A3DDDA54A9D260D4FC514F645237F5CA74B08F8DA61A6"
"C:\Users\DevonLockard\mtg-investment-terminal\artifacts\certification\collector_boosters\candidate_v1_0_0\history_certification_display_only_v1_0_0\universe_audit\collector_universe_reconciliation_mismatches.csv","7EB70257593DA06F682A3DDDA54A9D260D4FC514F645237F5CA74B08F8DA61A6"
