archived_at_utc,original_path,archive_path,sha256,reason,restoration_allowed
2026-07-31T19:17:26.398884+00:00,models/investment_features_before_universal_history_bridge.py,archive/legacy/phase_8_2_3_one_time_patches/models__investment_features_before_universal_history_bridge.py.archived.txt,2045FE147AC1F3B47B847F66A69275029D72641A04AA0446C4EA1903F5A631AC,"Obsolete patch, backup, or one-time migration helper.",true
2026-07-31T19:17:26.442906+00:00,scripts/build_tier_1_forward_scenarios_v1_backup.py,archive/legacy/phase_8_2_3_one_time_patches/scripts__build_tier_1_forward_scenarios_v1_backup.py.archived.txt,938410F5E5248F839F70224B21AE3A8EDCD4C646C24B9C3AF009807711F88194,"Obsolete patch, backup, or one-time migration helper.",true
2026-07-31T19:17:26.486092+00:00,scripts/build_weekend_historical_purchase_screen_before_ledger_fix.py,archive/legacy/phase_8_2_3_one_time_patches/scripts__build_weekend_historical_purchase_screen_before_ledger_fix.py.archived.txt,8DD7E0C0C27BDBB2BF7AB7E0D68BFD69A25B8DEE32BE038DB2FBE138E54DEDA4,"Obsolete patch, backup, or one-time migration helper.",true
2026-07-31T19:17:26.529079+00:00,scripts/build_weekend_historical_purchase_screen_before_trusted_source_filter.py,archive/legacy/phase_8_2_3_one_time_patches/scripts__build_weekend_historical_purchase_screen_before_trusted_source_filter.py.archived.txt,74792252CC85B9EFAA567A053BE56BA0D5CDF7724B7AE610FA344985AFF97B2B,"Obsolete patch, backup, or one-time migration helper.",true
2026-07-31T19:17:26.571742+00:00,scripts/fix_dynamic_registry_test_root.py,archive/legacy/phase_8_2_3_one_time_patches/scripts__fix_dynamic_registry_test_root.py.archived.txt,9FBE89C4B62750165F91B5F71D8B16979F705511E3BE0A34DFCE43C586CDB168,"Obsolete patch, backup, or one-time migration helper.",true
2026-07-31T19:17:26.619193+00:00,scripts/fix_secret_lair_bundle_expectation_test.py,archive/legacy/phase_8_2_3_one_time_patches/scripts__fix_secret_lair_bundle_expectation_test.py.archived.txt,BF1075FF42095C2E89C517F12C81E8F8634F3B7CFD0769552C60AE78D1E8569A,"Obsolete patch, backup, or one-time migration helper.",true
2026-07-31T19:17:26.663276+00:00,scripts/fix_secret_lair_test_product_helper.py,archive/legacy/phase_8_2_3_one_time_patches/scripts__fix_secret_lair_test_product_helper.py.archived.txt,03824FA3BEBA861C06CD5509BACE4417C63C309543174216B19F70BE96040B5D,"Obsolete patch, backup, or one-time migration helper.",true
2026-07-31T19:17:26.705824+00:00,scripts/patch_collector_case_exclusion_terms.py,archive/legacy/phase_8_2_3_one_time_patches/scripts__patch_collector_case_exclusion_terms.py.archived.txt,11B78DEB389115F7322D6F55A228239A4FFE9F1DEE6429B7AC5FA3287F01E7BC,"Obsolete patch, backup, or one-time migration helper.",true
2026-07-31T19:17:26.765936+00:00,scripts/patch_collector_history_semantic_universe.py,archive/legacy/phase_8_2_3_one_time_patches/scripts__patch_collector_history_semantic_universe.py.archived.txt,E6B8B12BD807D567EF642AA4B24F32D8B51D1D4C851473426AB212C0139EFC62,"Obsolete patch, backup, or one-time migration helper.",true
2026-07-31T19:17:26.832778+00:00,scripts/patch_collector_history_universe_policy.py,archive/legacy/phase_8_2_3_one_time_patches/scripts__patch_collector_history_universe_policy.py.archived.txt,E390B887F3CF6F179AA81EF9D615A1DC7E2B645E66B7EBC6E4655384ABB4CF4E,"Obsolete patch, backup, or one-time migration helper.",true
2026-07-31T19:17:26.880276+00:00,scripts/patch_collector_universe_case_terms.py,archive/legacy/phase_8_2_3_one_time_patches/scripts__patch_collector_universe_case_terms.py.archived.txt,621CFDBDD0E6885899B9583A9E37FC056AA451C0789528C88141EAE3DE7BC178,"Obsolete patch, backup, or one-time migration helper.",true
2026-07-31T19:17:26.926991+00:00,scripts/patch_dynamic_registry_tests.py,archive/legacy/phase_8_2_3_one_time_patches/scripts__patch_dynamic_registry_tests.py.archived.txt,F95D766BEA8CA7C959AE57BF378356862B10E9483DD7F520882B14572D35564C,"Obsolete patch, backup, or one-time migration helper.",true
2026-07-31T19:17:26.972748+00:00,scripts/patch_dynamic_registry_tests_safe.py,archive/legacy/phase_8_2_3_one_time_patches/scripts__patch_dynamic_registry_tests_safe.py.archived.txt,49E4A5EF1549386E60E821746B71C267C31FD4C04B1ACED940E4DC3C37A073A1,"Obsolete patch, backup, or one-time migration helper.",true
2026-07-31T19:17:27.026175+00:00,scripts/patch_history_test_policy_fixture.py,archive/legacy/phase_8_2_3_one_time_patches/scripts__patch_history_test_policy_fixture.py.archived.txt,361A70C75A70F418DF42FE2268098E27D5CB47A7D16A655CD91A1383132B7F6B,"Obsolete patch, backup, or one-time migration helper.",true
2026-07-31T19:17:27.070903+00:00,tests/external_discovery/canonical_product_registry_before_dynamic_admission.py,archive/legacy/phase_8_2_3_one_time_patches/tests__external_discovery__canonical_product_registry_before_dynamic_admission.py.archived.txt,4ABED7733E996EB37CE2756E2FD997380ED97A1D787202FB35609268D584DB46,"Obsolete patch, backup, or one-time migration helper.",true
2026-07-31T19:17:27.116057+00:00,tests/external_discovery/canonical_registry_governance_before_dynamic_admission.py,archive/legacy/phase_8_2_3_one_time_patches/tests__external_discovery__canonical_registry_governance_before_dynamic_admission.py.archived.txt,AB9D5A782BAB3D0E3B7CBE89A08105C76D289C80ECB49A76424CADFD51731B32,"Obsolete patch, backup, or one-time migration helper.",true
