"Modified","Rows","RelativePath"
"2026-07-28 16:55:42","973","data\validation\phase_10\ebay_matching\production_refresh\full_model_evaluation\secret_lair_full_forecast_inputs.csv"
"2026-07-28 16:55:42","973","data\validation\phase_10\ebay_matching\production_refresh\full_model_evaluation\secret_lair_full_model_evaluation.csv"
"2026-07-28 16:55:42","973","data\operations\phase_8_2_1d_repair_input\repo\data\validation\phase_10\ebay_matching\production_refresh\full_model_evaluation\secret_lair_full_model_evaluation.csv"
"2026-07-28 16:55:42","973","data\operations\phase_8_2_1d_repair_input\repo\data\validation\phase_10\ebay_matching\production_refresh\full_model_evaluation\secret_lair_full_forecast_inputs.csv"
"2026-07-28 16:32:03","49","data\validation\phase_10\collector_booster_boxes\full_evaluation\collector_booster_box_full_evaluation.csv"
"2026-07-28 16:32:03","49","data\validation\phase_10\collector_booster_boxes\full_evaluation\collector_booster_box_guarded_forecasts.csv"
"2026-07-27 12:56:05","973","data\reference\phase_11\mtg_hosted_baseline\secret_lair_evaluation.csv"
"2026-07-27 12:56:05","49","data\reference\phase_11\mtg_hosted_baseline\collector_evaluation.csv"
"2026-07-27 12:56:05","119","data\reference\phase_11\mtg_hosted_baseline\pre_collector_evaluation.csv"
"2026-07-24 17:38:54","119","data\validation\phase_10\pre_collector_booster_boxes\full_evaluation\pre_collector_booster_box_full_evaluation.csv"
"2026-07-24 17:38:54","119","data\validation\phase_10\pre_collector_booster_boxes\full_evaluation\pre_collector_booster_box_guarded_forecasts.csv"
"2026-07-24 17:38:54","119","data\operations\phase_8_2_1d_repair_input\repo\data\validation\phase_10\pre_collector_booster_boxes\full_evaluation\pre_collector_booster_box_full_evaluation.csv"
"2026-07-24 16:00:40","12","data\validation\phase_10\ebay_matching\production_refresh\owned_portfolio\secret_lair_owned_forecasts.csv"
"2026-07-24 15:54:33","12","data\validation\phase_10\ebay_matching\full_registry_owned_portfolio\secret_lair_owned_forecasts.csv"
"2026-07-24 15:06:46","973","data\validation\phase_10\ebay_matching\full_model_evaluation\secret_lair_full_forecast_inputs.csv"
"2026-07-24 15:06:46","973","data\validation\phase_10\ebay_matching\full_model_evaluation\secret_lair_full_model_evaluation.csv"
"2026-07-24 12:14:51","214","data\validation\phase_10\ebay_matching\terminal_integration\secret_lair_forecast_eligible_values.csv"
