snapshot_date,tcgplayer_product_id,box_name,tcgcsv_group_id,sub_type,market_price,low_price,mid_price,high_price,direct_low_price
2026-10-06,27257,10th Edition - Booster Box,1,Normal,824.75,809.79,824.78,2999.95,
2026-10-06,27264,Apocalypse - Booster Box,10,Normal,1287.10,1465.49,1634.41,1803.33,
2026-10-06,35749,Scars of Mirrodin - Booster Box,100,Normal,704.24,719.96,795.60,1375.00,
2026-10-06,27305,Scourge - Booster Box,101,Normal,796.82,1194.89,1245.00,1309.98,
2026-10-06,27306,Shadowmoor - Booster Box,102,Normal,1588.98,1888.88,2844.44,3800.00,
2026-10-06,28640,Shards of Alara - Booster Box,103,Normal,708.00,720.00,842.72,1499.99,
2026-10-06,27307,Stronghold - Booster Box,107,Normal,4248.98,5012.98,6455.99,7898.99,
2026-10-06,27308,Tempest - Booster Box,108,Normal,,109999.99,109999.99,109999.99,
2026-10-06,27309,The Dark - Booster Box,109,Normal,,5499.00,5499.84,7100.00,
2026-10-06,27310,Time Spiral - Booster Box,110,Normal,1599.95,2200.00,7350.00,12500.00,
2026-10-06,68104,Modern Masters - Booster Box,1111,Normal,504.23,524.99,573.98,888.88,
2026-10-06,69243,Magic 2014 (M14) - Booster Box,1113,Normal,316.58,304.91,320.00,449.99,
2026-10-06,27311,Torment - Booster Box,112,Normal,1037.31,1141.03,1152.47,1722.99,
2026-10-06,27312,Unglued - Booster Box,113,Normal,1199.99,1809.99,1820.46,2400.00,
2026-10-06,79290,Unhinged - Booster Box,114,Normal,949.89,930.89,1099.99,1799.99,
2026-10-06,70960,Theros - Booster Box,1144,Normal,299.10,276.00,300.00,499.99,
2026-10-06,27314,Urza's Destiny - Booster Box,116,Normal,,8499.99,8499.99,8499.99,
2026-10-06,27315,Urza's Legacy - Booster Box,117,Normal,3800.00,6000.00,6050.00,6100.00,
2026-10-06,27316,Urza's Saga - Booster Box,118,Normal,,9000.00,9400.00,20000.00,
2026-10-06,27317,Visions - Booster Box,120,Normal,1450.00,1749.99,1969.00,2500.00,
2026-10-06,27318,Weatherlight - Booster Box,121,Normal,,1684.50,2399.99,10999.99,
2026-10-06,34468,Worldwake - Booster Box,122,Normal,1225.00,1269.69,1269.69,1269.69,
2026-10-06,32789,Zendikar - Booster Box,124,Normal,956.79,2008.00,2008.00,2008.00,
2026-10-06,57584,Dark Ascension - Booster Box,125,Normal,252.93,252.00,299.99,1000.00,
2026-10-06,77321,Born of the Gods - Booster Box,1276,Normal,252.92,275.00,289.50,499.99,
2026-10-06,77322,Journey Into Nyx - Booster Box,1277,Normal,253.53,224.99,298.50,499.99,
2026-10-06,90786,Magic 2015 (M15) - Booster Box,1293,Normal,391.29,390.00,399.97,999.99,
2026-10-06,82200,Conspiracy - Booster Box,1312,Normal,252.54,400.00,425.00,450.00,
2026-10-06,91650,Khans of Tarkir - Booster Box,1356,Normal,298.30,298.99,317.48,499.99,
2026-10-06,94746,Fate Reforged - Booster Box,1497,Normal,211.81,222.36,296.97,499.99,
2026-10-06,95052,Modern Masters 2015 - Booster Box,1503,Normal,444.74,389.99,496.99,641.49,
2026-10-06,96147,Magic Origins - Booster Box,1512,Normal,174.21,169.39,193.98,499.99,
2026-10-06,96137,Dragons of Tarkir - Booster Box,1515,Normal,348.29,360.00,385.00,599.98,
2026-10-06,102715,Battle for Zendikar - Booster Box,1645,Normal,240.63,250.00,287.48,315.00,
2026-10-06,110418,Oath of the Gatewatch - Booster Box,1693,Normal,183.89,194.99,210.56,450.00,
2026-10-06,112706,Shadows over Innistrad - Booster Box,1708,Normal,215.47,299.99,299.99,299.99,
2026-10-06,114832,Eternal Masters - Booster Box,1740,Normal,590.29,655.00,789.95,1000.00,
2026-10-06,118393,Eldritch Moon - Booster Box,1790,Normal,296.04,341.22,424.93,500.00,
2026-10-06,121527,Kaladesh - Booster Box,1791,Normal,537.10,599.99,749.99,1200.00,
2026-10-06,120965,Conspiracy: Take the Crown - Booster Box,1794,Normal,221.69,222.22,254.34,498.00,
2026-10-06,27267,Betrayers of Kamigawa - Booster Box,18,Normal,,838.85,1190.00,1499.99,
2026-10-06,125794,Aether Revolt - Booster Box,1857,Normal,202.64,226.98,282.34,399.99,
2026-10-06,127069,Modern Masters 2017 - Booster Box,1879,Normal,359.95,400.00,420.35,1000.00,
2026-10-06,127174,Amonkhet - Booster Box,1882,Normal,393.56,430.00,449.98,800.00,
2026-10-06,131456,Hour of Devastation - Booster Box,1934,Normal,295.31,308.95,350.00,420.00,
2026-10-06,27258,7th Edition - Booster Box,2,Normal,3809.94,5494.99,8497.50,13996.00,
2026-10-06,27268,Champions of Kamigawa - Booster Box,20,Normal,1067.41,2299.99,2325.00,2499.99,
2026-10-06,141989,Ixalan - Booster Box,2043,Normal,235.80,224.99,249.99,300.00,
2026-10-06,145235,Iconic Masters - Booster Box,2050,Normal,343.60,323.39,372.47,1000.00,
2026-10-06,149402,Unstable - Booster Box,2092,Normal,190.51,187.00,199.97,300.00,
2026-10-06,149404,Rivals of Ixalan - Booster Box,2098,Normal,205.58,191.96,250.00,350.00,
2026-10-06,157857,Masters 25 - Booster Box,2189,Normal,297.30,286.46,324.98,1000.00,
2026-10-06,158423,Dominaria - Booster Box,2199,Normal,221.20,192.49,239.98,325.00,
2026-10-06,27269,Chronicles - Booster Box,22,Normal,758.92,1007.99,1203.99,1399.99,
2026-10-06,166536,Battlebond - Booster Box,2245,Normal,299.87,239.99,319.22,500.00,
2026-10-06,166550,Core Set 2019 - Booster Box,2250,Normal,205.08,210.00,264.95,329.99,
2026-10-06,173362,Guilds of Ravnica - Booster Box,2290,Normal,160.93,159.99,177.48,258.00,
2026-10-06,27270,Classic Sixth Edition - Booster Box,23,Normal,1899.95,1906.45,1941.73,1977.00,
2026-10-06,179444,Ultimate Masters - Booster Box,2360,Normal,525.13,509.00,586.50,1000.00,
2026-10-06,180734,Ravnica Allegiance - Booster Box,2366,Normal,156.55,149.99,175.00,258.00,
2026-10-06,27271,Coldsnap - Booster Box,24,Normal,940.98,2299.95,2299.95,2299.95,
2026-10-06,185676,War of the Spark - Booster Box,2418,Normal,191.61,190.00,200.00,399.01,
2026-10-06,185894,Modern Horizons - Booster Box,2422,Normal,293.31,280.50,319.18,1000.00,
2026-10-06,188210,Core Set 2020 - Booster Box,2441,Normal,174.97,135.96,199.39,299.99,
2026-10-06,93516,Conflux - Booster Box,26,Normal,672.28,985.00,985.00,985.00,
2026-10-06,27272,Darksteel - Booster Box,27,Normal,1041.19,1374.99,1499.99,2400.00,
2026-10-06,27273,Dissension - Booster Box,28,Normal,884.39,723.00,724.94,1400.00,
2026-10-06,27259,8th Edition - Booster Box,3,Normal,850.00,1096.01,1111.00,2185.00,
2026-10-06,58058,Avacyn Restored - Booster Box,362,Normal,462.04,535.00,597.97,799.95,
2026-10-06,59120,Magic 2013 (M13) - Booster Box,364,Normal,326.51,310.00,368.50,799.99,
2026-10-06,60117,Return to Ravnica - Booster Box,370,Normal,190.50,175.00,200.00,499.99,
2026-10-06,27274,Eventide - Booster Box,39,Normal,850.00,969.69,999.00,1102.70,
2026-10-06,27260,9th Edition - Booster Box,4,Normal,899.88,899.99,999.99,1398.95,
2026-10-06,27275,Exodus - Booster Box,40,Normal,,3000.00,5996.99,8993.97,
2026-10-06,27276,Fallen Empires - Booster Box,41,Normal,568.92,625.81,688.97,25599.97,
2026-10-06,27277,Fifth Dawn - Booster Box,43,Normal,1044.94,1495.00,1499.99,2200.00,
2026-10-06,27278,Fifth Edition - Booster Box,44,Normal,1112.49,1549.98,1549.98,1549.98,
2026-10-06,27279,Fourth Edition - Booster Box,46,Normal,,1699.94,2049.95,2399.99,
2026-10-06,31841,Alara Reborn - Booster Box,5,Normal,758.49,999.00,1056.98,1114.95,
2026-10-06,27280,Future Sight - Booster Box,51,Normal,1300.00,2599.90,2699.99,4500.00,
2026-10-06,27281,Guildpact - Booster Box,55,Normal,610.55,1845.00,1849.97,2475.00,
2026-10-06,67311,Gatecrash - Booster Box,569,Normal,163.59,163.00,199.99,499.99,
2026-10-06,27282,Homelands - Booster Box,57,Normal,550.46,605.51,679.99,690.00,
2026-10-06,67751,Dragon's Maze - Booster Box,570,Normal,153.01,151.99,190.00,499.99,
2026-10-06,27283,Ice Age - Booster Box,58,Normal,1858.75,1858.69,1949.95,3000.00,
2026-10-06,47791,Innistrad - Booster Box,59,Normal,573.05,590.00,795.99,1000.00,
2026-10-06,27261,Alliances - Booster Box,6,Normal,1999.99,2297.00,2400.00,9999.99,
2026-10-06,27284,Invasion - Booster Box,60,Normal,,1914.00,1957.00,1999.99,
2026-10-06,27285,Judgment - Booster Box,63,Normal,936.85,2800.00,2800.00,2800.00,
2026-10-06,27286,Legends - Booster Box,65,Normal,,35000.00,35000.00,35000.00,
2026-10-06,27287,Legions - Booster Box,66,Normal,860.42,899.00,1413.99,1799.99,
2026-10-06,32529,Magic 2010 (M10) - Booster Box,68,Normal,,869.99,929.87,999.99,
2026-10-06,35372,Magic 2011 (M11) - Booster Box,69,Normal,405.49,505.00,525.00,599.99,
2026-10-06,46957,Magic 2012 (M12) - Booster Box,70,Normal,298.44,289.98,330.00,489.96,
2026-10-06,27289,Mercadian Masques - Booster Box,73,Normal,,3000.00,3129.50,15599.99,
2026-10-06,27290,Mirage - Booster Box,74,Normal,2834.84,4000.00,4000.00,4000.00,
2026-10-06,27291,Mirrodin - Booster Box,75,Normal,1232.92,1249.99,1395.00,2200.00,
2026-10-06,39109,Mirrodin Besieged - Booster Box,76,Normal,510.67,537.98,642.32,955.00,
2026-10-06,27292,Morningtide - Booster Box,77,Normal,796.95,750.00,984.82,1550.00,
2026-10-06,27293,Nemesis - Booster Box,78,Normal,1010.03,1150.00,1154.98,2500.00,
2026-10-06,39410,New Phyrexia - Booster Box,79,Normal,1087.71,1420.69,1960.32,2499.95,
2026-10-06,27263,Antiquities - Booster Box,8,Normal,,59999.99,59999.99,59999.99,
2026-10-06,27294,Odyssey - Booster Box,80,Normal,1400.98,1701.98,1750.99,1800.00,
2026-10-06,27295,Onslaught - Booster Box,81,Normal,2141.60,2351.99,2521.00,15000.00,
2026-10-06,27296,Planar Chaos - Booster Box,83,Normal,814.97,939.00,964.99,1199.95,
2026-10-06,27297,Planeshift - Booster Box,85,Normal,1521.25,2339.00,2350.00,2750.00,
2026-10-06,27298,Portal - Booster Box,86,Normal,1749.50,1899.00,1908.49,1917.98,
2026-10-06,27299,Portal Second Age - Booster Box,87,Normal,,2475.00,2999.99,89905.40,
2026-10-06,27300,Portal Three Kingdoms - Booster Box,88,Normal,,29999.92,29999.92,29999.92,
2026-10-06,27301,Prophecy - Booster Box,94,Normal,1823.50,1850.00,1852.50,1854.99,
2026-10-06,27302,Ravnica - Booster Box,95,Normal,1176.80,1420.68,1984.83,2512.88,
2026-10-06,27303,Revised Edition - Booster Box,97,Normal,,12700.98,13391.99,19950.00,
2026-10-06,34678,Rise of the Eldrazi - Booster Box,98,Normal,1291.64,1888.88,1888.88,1888.88,
2026-10-06,27304,Saviors of Kamigawa - Booster Box,99,Normal,655.99,649.00,999.00,999.99,
