snapshot_date,secret_lair_id,tcgplayer_product_id,tcgcsv_group_id,sub_type,market_price,low_price,mid_price,high_price,direct_low_price
2026-10-10,SL-27F25ED44B60AC,454314,17667,Normal,397.34,391.00,401.40,1000.00,
2026-10-10,SL-641F10B993511F,660745,17667,Normal,307.26,300.00,369.82,566.89,
2026-10-10,SL-115EC34A20CEBD,662006,17667,Normal,579.43,780.00,800.00,894.58,
2026-10-10,SL-BC99042387317D,692991,24684,Normal,178.59,173.99,216.16,243.85,
2026-10-10,SL-9EAF8671F2BE80,692992,24684,Normal,1060.45,999.99,1039.99,1079.99,
2026-10-10,SL-2CFDA3F4C0066D,205224,2576,Normal,96.63,90.00,101.57,188.00,
2026-10-10,SL-20A675073DCB5D,205225,2576,Normal,42.06,40.00,54.99,89.99,
2026-10-10,SL-59E7F564794C20,205226,2576,Normal,28.95,25.00,49.99,80.00,
2026-10-10,SL-866F1B1463479D,205227,2576,Normal,22.90,20.00,35.74,75.00,
2026-10-10,SL-62530032A99C72,205228,2576,Normal,72.12,70.00,87.00,120.00,
2026-10-10,SL-88ECC52C2FD66F,205229,2576,Normal,116.36,104.56,127.67,200.00,
2026-10-10,SL-A7EA98C7CECF4C,205230,2576,Normal,164.62,162.00,195.00,299.99,
2026-10-10,SL-9BE91DCFB8B637,205231,2576,Normal,562.99,985.00,999.99,1000.00,
2026-10-10,SL-0EA9F010F7F403,207451,2576,Normal,150.89,140.00,181.08,249.89,
2026-10-10,SL-A461D1EB9128DC,209379,2576,Normal,52.59,49.99,60.00,99.99,
2026-10-10,SL-20EA4A771B3569,209380,2576,Normal,97.20,91.65,93.87,102.98,
2026-10-10,SL-A2E8FE14360AF9,209381,2576,Normal,87.89,87.48,100.00,119.99,
2026-10-10,SL-384FB17537F64E,209382,2576,Normal,60.52,60.49,70.00,119.99,
2026-10-10,SL-EF5BBE513EE03C,209383,2576,Normal,63.71,64.99,70.47,99.99,
2026-10-10,SL-88858FD4A6CAF7,209384,2576,Normal,404.66,374.90,496.98,4200.69,
2026-10-10,SL-37F143176116F8,209937,2576,Normal,73.95,70.00,82.49,159.99,
2026-10-10,SL-5A6AE8606BA087,210001,2576,Normal,29.60,29.60,38.50,90.00,
2026-10-10,SL-D62C510B60B977,213819,2576,Normal,104.86,100.67,124.49,154.99,
2026-10-10,SL-892D977231D36E,214908,2576,Normal,43.28,47.00,69.99,399.01,
2026-10-10,SL-EBF12D8FC470D3,214909,2576,Normal,24.49,23.00,39.99,74.99,
2026-10-10,SL-7A15A1811F841D,214910,2576,Normal,29.13,25.00,39.92,99.99,
2026-10-10,SL-A5708359BCF021,214911,2576,Normal,57.05,54.90,69.99,399.01,
2026-10-10,SL-CA6FA7819E27BD,214937,2576,Normal,,350.00,489.99,2450.01,
2026-10-10,SL-074AA34DCCD62C,220991,2576,Normal,47.04,47.99,67.46,420.69,
2026-10-10,SL-C80FAE8D249054,221329,2576,Normal,48.88,54.89,75.00,99.95,
2026-10-10,SL-2569BCFE16FD2C,221330,2576,Normal,67.15,64.99,72.00,124.99,
2026-10-10,SL-8809E95120F445,221984,2576,Normal,44.40,39.89,46.85,75.00,
2026-10-10,SL-4018B4444438E9,221985,2576,Normal,38.50,27.91,65.82,95.99,
2026-10-10,SL-9A20B1803ACEFF,222991,2576,Normal,95.80,95.80,101.79,109.99,
2026-10-10,SL-96BE56C157011C,222992,2576,Normal,95.86,81.00,96.47,131.99,
2026-10-10,SL-6E54B9A2BF9CBF,224141,2576,Normal,119.31,118.56,130.00,5000.00,
2026-10-10,SL-72472EFE8746C4,227658,2576,Normal,119.31,100.00,134.98,182.99,
2026-10-10,SL-E73519A6D7C437,228711,2576,Normal,,400.00,400.00,400.00,
2026-10-10,SL-038D960C141CC9,228712,2576,Normal,36.35,29.00,46.29,75.00,
2026-10-10,SL-D68D9EB4249382,228713,2576,Normal,45.42,37.25,69.95,90.00,
2026-10-10,SL-60A40519C4C2EC,228714,2576,Normal,41.84,37.50,50.00,129.99,
2026-10-10,SL-D3778B65B20E24,228715,2576,Normal,44.77,45.99,60.00,149.00,
2026-10-10,SL-61289242472F60,228716,2576,Normal,56.11,49.00,61.96,159.99,
2026-10-10,SL-7CCD4E3550ADDB,228717,2576,Normal,92.09,84.98,99.99,250.00,
2026-10-10,SL-2B9EE853724B6D,228718,2576,Normal,55.98,54.99,73.67,129.99,
2026-10-10,SL-EE12104C3A49E7,228719,2576,Normal,84.19,99.00,121.75,189.99,
2026-10-10,SL-FA3D9482741C16,232573,2576,Normal,62.90,55.00,74.88,199.99,
2026-10-10,SL-F638B39456864F,232574,2576,Normal,56.35,45.00,65.00,159.99,
2026-10-10,SL-272CED28AF6023,232596,2576,Normal,155.10,155.94,168.94,232.99,
2026-10-10,SL-95F8B6ADF74AF6,232597,2576,Normal,75.13,60.01,83.41,109.99,
2026-10-10,SL-60461872853DE5,232598,2576,Normal,50.40,49.99,62.00,84.99,
2026-10-10,SL-5B6759715093DA,232599,2576,Normal,70.05,65.00,78.52,199.99,
2026-10-10,SL-C1A0A189180507,232600,2576,Normal,56.36,49.99,68.68,119.99,
2026-10-10,SL-095A861D9875C3,232601,2576,Normal,75.56,67.99,83.99,129.99,
2026-10-10,SL-12C2591B92C35D,232602,2576,Normal,47.09,50.00,62.91,79.99,
2026-10-10,SL-EA00AF141F2FAC,232603,2576,Normal,45.24,41.99,51.15,99.99,
2026-10-10,SL-6F5DC80C66F4E7,232604,2576,Normal,31.53,23.83,44.00,88.88,
2026-10-10,SL-27BCF6F90AE7CD,237604,2576,Normal,39.67,33.00,49.99,99.96,
2026-10-10,SL-E2540C64CF5262,237605,2576,Normal,40.24,33.00,50.00,74.99,
2026-10-10,SL-8679F958F70268,237606,2576,Normal,53.64,45.00,62.50,77.99,
2026-10-10,SL-87A9F998D7BC8B,237607,2576,Normal,42.34,34.00,47.00,99.98,
2026-10-10,SL-1E11913E760B30,237608,2576,Normal,41.74,33.00,48.59,79.98,
2026-10-10,SL-E9DEA56D4176E0,237609,2576,Normal,51.22,51.01,68.97,99.99,
2026-10-10,SL-E3E88EC01DA49B,237610,2576,Normal,62.72,63.00,75.00,119.99,
2026-10-10,SL-3D16987F5EDCDC,237611,2576,Normal,72.73,64.61,79.99,112.99,
2026-10-10,SL-514B5766ECCE6E,237612,2576,Normal,53.24,42.00,59.97,79.99,
2026-10-10,SL-4F949907592453,237613,2576,Normal,68.96,70.00,86.00,150.00,
2026-10-10,SL-CC5293951E84F8,237614,2576,Normal,267.50,270.00,310.00,349.99,
2026-10-10,SL-D83DCC4548D04F,237615,2576,Normal,369.99,649.99,649.99,649.99,
2026-10-10,SL-43659890F8CF5B,237617,2576,Normal,450.00,527.50,527.50,527.50,
2026-10-10,SL-23598BE2582FF4,242338,2576,Normal,48.35,50.00,66.10,95.99,
2026-10-10,SL-BB4FA54DEBF880,242339,2576,Normal,45.87,44.44,51.24,79.99,
2026-10-10,SL-698A08AB4D7C37,242340,2576,Normal,47.63,51.92,63.09,99.33,
2026-10-10,SL-95C045CE385254,242341,2576,Normal,49.32,47.00,57.99,71.99,
2026-10-10,SL-9A70751B3B58BD,242342,2576,Normal,51.73,60.00,69.69,97.99,
2026-10-10,SL-690BF3733992EE,242343,2576,Normal,67.01,69.99,73.73,100.00,
2026-10-10,SL-3F1F1DB9343414,242344,2576,Normal,62.75,59.00,69.95,119.99,
2026-10-10,SL-B5D96EAAB94F7F,242345,2576,Normal,91.75,88.99,149.69,201.99,
2026-10-10,SL-10F7835581923D,242346,2576,Normal,68.82,70.20,79.99,91.99,
2026-10-10,SL-24D60CEE50EB04,242347,2576,Normal,52.56,60.00,69.06,100.00,
2026-10-10,SL-C72D4B2E5B3130,242348,2576,Normal,48.99,49.99,51.43,100.00,
2026-10-10,SL-BFAF5430109A2E,242349,2576,Normal,170.27,170.58,199.69,500.00,
2026-10-10,SL-41A8311FB84FA5,242350,2576,Normal,76.12,74.98,86.81,300.00,
2026-10-10,SL-C999737763FC53,242351,2576,Normal,98.03,110.70,125.00,129.95,
2026-10-10,SL-74104655C7BE3C,242352,2576,Normal,74.14,71.99,84.42,300.00,
2026-10-10,SL-600CD704BB077D,242353,2576,Normal,51.96,46.57,61.17,77.99,
2026-10-10,SL-B31C27C4C58973,244977,2576,Normal,33.30,29.99,40.00,75.00,
2026-10-10,SL-732A9E59B24774,244978,2576,Normal,31.38,26.00,39.99,75.00,
2026-10-10,SL-204D6B03D36FE2,247336,2576,Normal,73.12,74.00,88.89,200.00,
2026-10-10,SL-6A7B01B7E9573D,247338,2576,Normal,66.32,62.00,69.98,150.00,
2026-10-10,SL-98B49C340237E2,247340,2576,Normal,21.59,22.04,42.00,220.00,
2026-10-10,SL-021B2153DBD979,247341,2576,Normal,51.00,50.00,70.00,169.95,
2026-10-10,SL-6D6C79C2652BFD,247343,2576,Normal,41.61,42.00,46.79,89.99,
2026-10-10,SL-35D49FF298AC45,247344,2576,Normal,43.36,49.99,70.00,150.00,
2026-10-10,SL-74035B29B5EAA4,247345,2576,Normal,33.09,31.94,49.99,75.00,
2026-10-10,SL-1051ECFDCBF5AF,247347,2576,Normal,27.56,27.00,50.00,150.00,
2026-10-10,SL-E5F7C4556D2AE8,247348,2576,Normal,26.18,24.97,34.29,79.99,
2026-10-10,SL-31EB584CE2759D,247857,2576,Normal,248.26,229.50,335.98,350.00,
2026-10-10,SL-A59C9ADCD75BE0,251744,2576,Normal,137.71,138.00,175.00,347.00,
2026-10-10,SL-CE6909ECF00CA8,251747,2576,Normal,121.12,95.97,128.88,189.95,
2026-10-10,SL-DB82DC16CD1A6A,251749,2576,Normal,60.55,54.41,65.73,83.99,
2026-10-10,SL-207EFFFEEB79A0,251751,2576,Normal,69.54,66.00,82.99,609.99,
2026-10-10,SL-7ECED24F562902,251753,2576,Normal,54.26,50.00,55.57,79.99,
2026-10-10,SL-485FDCB7A00AFE,251755,2576,Normal,68.77,69.99,75.87,102.99,
2026-10-10,SL-832BF55C6E27A1,251758,2576,Normal,40.73,31.01,42.50,75.00,
2026-10-10,SL-CBFED1F92A630D,251760,2576,Normal,41.04,39.99,53.00,79.99,
2026-10-10,SL-A82BC05ADED8C7,251763,2576,Normal,59.59,64.99,74.99,90.00,
2026-10-10,SL-4E4666C9C585DF,251765,2576,Normal,60.17,79.19,82.99,99.99,
2026-10-10,SL-835C4CD141949B,251767,2576,Normal,81.31,78.00,99.99,149.99,
2026-10-10,SL-24526707F6CB2D,251774,2576,Normal,88.40,92.00,99.95,599.99,
2026-10-10,SL-6C10833A178EED,251778,2576,Normal,87.44,85.01,89.99,125.00,
2026-10-10,SL-26D338135420FD,251780,2576,Normal,141.64,145.06,174.99,549.99,
2026-10-10,SL-12A0108619FC9B,251881,2576,Normal,56.26,54.99,61.00,75.00,
2026-10-10,SL-51F0E5266661E3,252515,2576,Normal,299.99,306.20,490.00,999.99,
2026-10-10,SL-02BF1E90F565BA,253835,2576,Normal,47.02,60.00,74.99,105.00,
2026-10-10,SL-945C1DB70B69C9,253836,2576,Normal,46.40,55.00,64.90,99.00,
2026-10-10,SL-E976A82043B976,256445,2576,Normal,147.20,151.69,169.50,666.66,
2026-10-10,SL-1B4F52C53867DC,258400,2576,Normal,124.14,194.00,239.95,399.00,
2026-10-10,SL-8F42E22C21A812,258401,2576,Normal,97.24,149.99,155.00,160.00,
2026-10-10,SL-89D18240A7624C,258403,2576,Normal,22.59,20.00,32.80,99.99,
2026-10-10,SL-2B046AC7FBA460,258404,2576,Normal,39.14,35.86,59.99,199.99,
2026-10-10,SL-A709252A4DA96B,258418,2576,Normal,80.84,83.77,95.37,100.00,
2026-10-10,SL-90725EB2DB66FA,258419,2576,Normal,103.34,129.99,154.97,401.99,
2026-10-10,SL-4445D560A16695,258454,2576,Normal,49.26,64.99,68.95,74.49,
2026-10-10,SL-01A33A04CE8DA9,258456,2576,Normal,57.74,53.70,69.39,99.99,
2026-10-10,SL-C2217F8AD4F84B,258479,2576,Normal,44.49,59.99,72.50,125.99,
2026-10-10,SL-0E630241169A8E,258480,2576,Normal,62.99,69.67,88.99,199.99,
2026-10-10,SL-97A19C3BC3A646,258482,2576,Normal,39.91,35.00,48.00,75.00,
2026-10-10,SL-C59DE249DE7287,258484,2576,Normal,50.27,44.80,70.51,101.99,
2026-10-10,SL-E03F5C270405EA,258487,2576,Normal,46.46,54.99,69.49,70.00,
2026-10-10,SL-C0418534DE36CF,258488,2576,Normal,59.25,54.92,76.01,289.99,
2026-10-10,SL-DEB0786B62B51D,258489,2576,Normal,40.60,38.04,59.40,70.00,
2026-10-10,SL-3BCA01B6A36AD0,258490,2576,Normal,55.58,48.25,65.00,90.00,
2026-10-10,SL-064D2E49795666,258491,2576,Normal,68.55,82.00,99.99,101.99,
2026-10-10,SL-7D6A0F10ADD5A6,258493,2576,Normal,,444.00,444.00,444.00,
2026-10-10,SL-E82C687C9DB063,259309,2576,Normal,45.00,45.00,59.99,65.41,
2026-10-10,SL-7E80920E7FFF0A,259310,2576,Normal,30.41,36.91,58.45,90.00,
2026-10-10,SL-F97114C3F34013,267765,2576,Normal,,449.99,449.99,449.99,
2026-10-10,SL-0957EA8624A898,267767,2576,Normal,,897.00,897.00,897.00,
2026-10-10,SL-04F997D8C52528,267768,2576,Normal,49.99,49.60,59.94,88.99,
2026-10-10,SL-18623F544924A7,267769,2576,Normal,63.20,63.61,74.34,99.99,
2026-10-10,SL-A8A83DC7B06C38,267770,2576,Normal,53.32,53.18,71.94,80.00,
2026-10-10,SL-EBBF87B2EDF78C,267771,2576,Normal,87.15,79.94,94.99,201.99,
2026-10-10,SL-E4AC3EAED9F285,267772,2576,Normal,36.80,36.00,40.99,70.00,
2026-10-10,SL-41DAD3A3B372D8,267773,2576,Normal,45.91,44.00,62.49,145.00,
2026-10-10,SL-AED577907E5FAA,267774,2576,Normal,31.37,30.50,46.97,71.99,
2026-10-10,SL-7DE930AD4A4B8C,267775,2576,Normal,47.42,60.00,76.00,201.99,
2026-10-10,SL-888F2E0C4FB9B0,267776,2576,Normal,46.01,67.00,73.50,79.99,
2026-10-10,SL-DA0255DFD87A79,267777,2576,Normal,64.76,65.00,79.99,119.99,
2026-10-10,SL-C365E12BA9F953,267778,2576,Normal,58.69,60.00,72.97,175.59,
2026-10-10,SL-2825A1B58F0B24,267779,2576,Normal,35.72,47.94,49.99,70.00,
2026-10-10,SL-500F5F97CE9D3D,267780,2576,Normal,56.73,59.99,69.99,201.99,
2026-10-10,SL-9636BECFACB4FB,267781,2576,Normal,73.05,64.99,80.00,118.89,
2026-10-10,SL-31EB85A6AF4F60,267782,2576,Normal,91.86,89.00,99.30,450.00,
2026-10-10,SL-137214427FCCAA,273593,2576,Normal,65.96,60.99,79.97,177.77,
2026-10-10,SL-083956F35FB3E4,273594,2576,Normal,56.66,57.95,70.00,169.99,
2026-10-10,SL-15F0BDC0F7B590,273595,2576,Normal,43.41,39.99,60.00,71.99,
2026-10-10,SL-86AA5CC0673EF5,273596,2576,Normal,42.95,49.99,70.00,87.99,
2026-10-10,SL-946D20169FB178,273597,2576,Normal,36.54,38.00,60.99,70.00,
2026-10-10,SL-C0AA65531F16E2,273598,2576,Normal,34.10,49.99,59.98,95.94,
2026-10-10,SL-BF2B66F024D88D,273599,2576,Normal,30.91,39.99,44.48,71.99,
2026-10-10,SL-B0DEB8AFB8B821,273600,2576,Normal,31.24,34.99,50.00,76.99,
2026-10-10,SL-CA2C167AAFAD55,273601,2576,Normal,58.68,57.99,77.99,101.99,
2026-10-10,SL-75EB6270819FE3,273602,2576,Normal,46.17,47.99,65.49,71.94,
2026-10-10,SL-DCDC09399C5D54,273603,2576,Normal,36.18,35.45,56.49,101.99,
2026-10-10,SL-4B314F21B95F79,273604,2576,Normal,37.94,33.00,45.00,83.98,
2026-10-10,SL-86F0753AA66E4B,273605,2576,Normal,489.00,900.00,900.00,900.00,
2026-10-10,SL-3AD38730FCEF33,273606,2576,Normal,,550.00,550.00,550.00,
2026-10-10,SL-0AA8438AAB4240,273607,2576,Normal,,350.00,350.00,350.00,
2026-10-10,SL-70307120926003,273810,2576,Normal,41.16,38.00,50.00,283.44,
2026-10-10,SL-BFACC46E5A3310,275788,2576,Normal,475.60,399.98,570.00,1050.00,
2026-10-10,SL-FD569236BFC307,275798,2576,Normal,28.20,32.98,47.00,95.94,
2026-10-10,SL-54C9080526A1C2,275799,2576,Normal,26.89,22.00,55.00,75.00,
2026-10-10,SL-B28206C8B43B74,275800,2576,Normal,32.54,32.54,44.07,101.99,
2026-10-10,SL-6B7BB6F2DC6CCE,275801,2576,Normal,33.80,27.00,36.93,71.99,
2026-10-10,SL-E23BF5EAA4F5AA,275802,2576,Normal,51.65,50.99,70.00,101.99,
2026-10-10,SL-B0E43DFE167A56,275803,2576,Normal,48.24,47.97,52.10,99.99,
2026-10-10,SL-3852DBF0BE0E0F,275804,2576,Normal,88.41,91.65,100.63,149.99,
2026-10-10,SL-255A0A2F4FEB20,275805,2576,Normal,64.55,60.00,75.00,95.99,
2026-10-10,SL-3D43E1264ED817,275818,2576,Normal,39.04,45.99,74.99,125.00,
2026-10-10,SL-75A147DF7061C1,275819,2576,Normal,32.89,30.00,38.99,71.99,
2026-10-10,SL-F378E79C981B5B,275820,2576,Normal,141.72,134.98,149.97,199.99,
2026-10-10,SL-CD637B6154FA4F,275821,2576,Normal,107.97,114.68,124.99,150.00,
2026-10-10,SL-B96EF3DC64D9A0,275822,2576,Normal,,1000.00,1000.00,1000.00,
2026-10-10,SL-3B1C73233CF74E,278748,2576,Normal,59.99,59.99,63.34,66.69,
2026-10-10,SL-D62B35CD192D99,278749,2576,Normal,45.00,38.25,52.53,84.99,
2026-10-10,SL-2B55545460A82C,279185,2576,Normal,20.00,28.99,39.69,39.94,
2026-10-10,SL-FD327F76CA9BCB,279188,2576,Normal,41.66,40.00,55.58,83.99,
2026-10-10,SL-75579AD5DE6CB9,279224,2576,Normal,48.81,169.72,169.72,169.72,
2026-10-10,SL-769EDCF494E5DB,279226,2576,Normal,60.00,66.50,69.22,71.94,
2026-10-10,SL-EE882204CA80F5,279266,2576,Normal,92.46,85.01,99.69,120.00,
2026-10-10,SL-D80EFE168FB6A1,279267,2576,Normal,101.95,94.99,116.93,200.00,
2026-10-10,SL-D1A162914F5B85,279309,2576,Normal,25.99,25.99,40.49,60.00,
2026-10-10,SL-88061F345B7215,279312,2576,Normal,40.30,60.00,73.63,183.99,
2026-10-10,SL-4AFB9096DD6221,279319,2576,Normal,59.99,64.69,64.69,64.69,
2026-10-10,SL-C83649108644FE,279320,2576,Normal,69.19,65.94,80.00,110.00,
2026-10-10,SL-A7A995D0FE468E,279324,2576,Normal,99.00,105.50,105.50,105.50,
2026-10-10,SL-2FE515EC6D482C,279325,2576,Normal,62.99,62.99,78.47,105.00,
2026-10-10,SL-A63C3F080DE9D2,279335,2576,Normal,102.95,87.00,105.48,120.00,
2026-10-10,SL-26D60205AA523A,279336,2576,Normal,125.19,121.99,133.84,301.99,
2026-10-10,SL-FDA8FA789BE3A1,279337,2576,Normal,49.32,34.62,49.50,71.94,
2026-10-10,SL-7F55A4E4C3D3D0,279338,2576,Normal,64.24,55.00,69.99,149.99,
2026-10-10,SL-86693ED2B58D32,281603,2576,Normal,37.14,37.14,60.49,199.95,
2026-10-10,SL-4D89F0ED51988D,281604,2576,Normal,39.98,59.99,59.99,59.99,
2026-10-10,SL-800F3A66865530,282293,2576,Normal,57.98,59.99,70.00,75.00,
2026-10-10,SL-1DE33F0229DA09,283266,2576,Normal,112.20,149.49,172.48,350.00,
2026-10-10,SL-2098A235696D4F,283267,2576,Normal,191.57,250.00,400.00,401.99,
2026-10-10,SL-7CD7CFCF523E56,283268,2576,Normal,116.42,117.49,127.99,195.00,
2026-10-10,SL-B2289CE720A189,283269,2576,Normal,147.00,164.99,179.50,299.99,
2026-10-10,SL-A4528679EBCD24,283272,2576,Normal,54.33,60.26,71.94,80.00,
2026-10-10,SL-9762ED8DD0FDB9,283273,2576,Normal,59.25,69.99,79.96,300.00,
2026-10-10,SL-7A106AED6BFADC,283275,2576,Normal,36.59,26.64,37.77,75.00,
2026-10-10,SL-014CB03DE34288,283276,2576,Normal,34.09,40.00,75.00,201.99,
2026-10-10,SL-C09C8446FDE850,283279,2576,Normal,54.49,55.82,58.00,77.94,
2026-10-10,SL-7B02CD15018C5D,283280,2576,Normal,54.15,60.00,77.50,101.99,
2026-10-10,SL-E3519A1A83A8E6,283281,2576,Normal,66.71,67.14,68.99,100.00,
2026-10-10,SL-D263E9818F8B46,283282,2576,Normal,89.11,85.00,94.30,201.99,
2026-10-10,SL-D1513B904FE27E,283283,2576,Normal,69.20,73.35,84.99,170.00,
2026-10-10,SL-BE705BBFC18014,283286,2576,Normal,,790.00,795.00,800.00,
2026-10-10,SL-C03E05940DAAFA,285247,2576,Normal,69.99,249.20,249.20,249.20,
2026-10-10,SL-EF10004B2C3091,285248,2576,Normal,47.50,40.38,59.99,199.95,
2026-10-10,SL-F1CC2FF6F7667E,448634,2576,Normal,42.82,38.81,48.49,80.00,
2026-10-10,SL-0CED568CA776CD,448635,2576,Normal,44.45,45.00,59.99,100.00,
2026-10-10,SL-4A13D668591161,449047,2576,Normal,89.69,157.02,157.02,157.02,
2026-10-10,SL-DEF4A1D4ADC965,449051,2576,Normal,30.29,25.75,59.99,90.99,
2026-10-10,SL-7F86F1BD66EEEB,450512,2576,Normal,,420.00,420.00,420.00,
2026-10-10,SL-2ADC84D7922A98,450518,2576,Normal,117.06,140.00,160.00,777.77,
2026-10-10,SL-CD67446B439F75,450519,2576,Normal,90.87,74.99,95.99,250.00,
2026-10-10,SL-2AF8009F200134,450521,2576,Normal,68.60,58.73,78.61,151.99,
2026-10-10,SL-3D98DA707A8A83,450522,2576,Normal,58.00,44.00,55.90,84.99,
2026-10-10,SL-2B40642CD07C6B,450524,2576,Normal,203.85,239.69,242.97,401.99,
2026-10-10,SL-213339E791C59A,450526,2576,Normal,197.77,191.00,201.99,241.50,
2026-10-10,SL-1CBB2CDA24A606,450527,2576,Normal,163.89,167.99,249.49,401.99,
2026-10-10,SL-B689085E2D41DE,450528,2576,Normal,130.96,91.99,130.96,199.95,
2026-10-10,SL-DA95D95DF8A49D,450529,2576,Normal,91.90,100.30,119.99,256.00,
2026-10-10,SL-D608F5D4F5385E,450530,2576,Normal,77.59,84.42,92.44,111.65,
2026-10-10,SL-50C145DADB01EC,450531,2576,Normal,42.89,40.00,62.99,100.00,
2026-10-10,SL-4538C3C87DD66E,450532,2576,Normal,,40.01,54.45,71.99,
2026-10-10,SL-AA188176080230,450533,2576,Normal,171.04,173.00,180.00,239.99,
2026-10-10,SL-BDFA9F0517DF31,450534,2576,Normal,120.21,200.00,200.00,200.00,
2026-10-10,SL-8741607914304D,450535,2576,Normal,238.62,240.00,243.99,299.99,
2026-10-10,SL-0B75BFD8A38901,450536,2576,Normal,200.37,194.98,200.18,249.99,
2026-10-10,SL-F1CB3324166D0B,450537,2576,Normal,139.58,144.75,179.99,501.99,
2026-10-10,SL-C34C774BDFD93E,450538,2576,Normal,88.55,79.49,89.98,149.73,
2026-10-10,SL-D367F0D637FE13,450539,2576,Normal,320.86,324.98,349.95,999.99,
2026-10-10,SL-B36930BACADDCD,450540,2576,Normal,195.84,249.84,250.00,300.00,
2026-10-10,SL-1716D8997667E1,450617,2576,Normal,66.26,66.00,79.47,94.99,
2026-10-10,SL-7B48FB549C4A3E,450618,2576,Normal,49.58,49.30,50.00,71.99,
2026-10-10,SL-EC805E73DB692C,450619,2576,Normal,64.48,58.00,67.99,90.00,
2026-10-10,SL-30C88E4C2B3278,450620,2576,Normal,46.22,59.99,67.68,70.00,
2026-10-10,SL-01DC7B8F9D05F8,450621,2576,Normal,155.23,149.99,159.95,389.99,
2026-10-10,SL-E6ACEF67518AF1,451236,2576,Normal,102.50,88.00,103.93,130.79,
2026-10-10,SL-873865C256386B,451237,2576,Normal,134.10,136.76,161.47,433.99,
2026-10-10,SL-3EF9855B3720AF,452936,2576,Normal,89.69,97.86,97.86,97.86,
2026-10-10,SL-6272B7E7FCCDE5,452937,2576,Normal,101.13,150.00,150.00,150.00,
2026-10-10,SL-9CD3BAD93DA107,453035,2576,Normal,53.15,69.00,85.00,100.00,
2026-10-10,SL-A82BF7D7962B00,455833,2576,Normal,,10000.00,10000.00,10000.00,
2026-10-10,SL-7EA408BA13BB00,455834,2576,Normal,278.68,265.00,319.99,500.00,
2026-10-10,SL-B60C7F6F56C30B,456526,2576,Normal,267.42,274.52,316.46,349.99,
2026-10-10,SL-CED357C3AB21E8,456527,2576,Normal,373.47,370.00,422.50,1000.00,
2026-10-10,SL-C9B2F11CEB5F77,456528,2576,Normal,61.83,67.98,74.54,199.99,
2026-10-10,SL-0A174DAC0F9024,456529,2576,Normal,84.68,82.79,97.99,137.99,
2026-10-10,SL-AE029B9E8B8A9F,456530,2576,Normal,99.53,95.00,120.00,250.00,
2026-10-10,SL-E126175F5EEBFF,456531,2576,Normal,114.29,124.99,139.98,301.99,
2026-10-10,SL-A0CEFE66D8D941,456532,2576,Normal,122.20,150.00,150.00,150.00,
2026-10-10,SL-51F6FE2831BC59,456533,2576,Normal,143.79,163.98,183.98,249.99,
2026-10-10,SL-DBB9EAD006DF92,456534,2576,Normal,72.00,72.00,72.00,72.00,
2026-10-10,SL-031591793B58D2,456535,2576,Normal,75.88,80.00,90.62,99.99,
2026-10-10,SL-415E40E57B3DAB,456536,2576,Normal,81.51,75.00,95.99,148.87,
2026-10-10,SL-0E13518CC2D50B,456537,2576,Normal,85.22,84.00,108.69,169.99,
2026-10-10,SL-122DA15C9E14A2,456538,2576,Normal,85.26,106.97,129.95,184.99,
2026-10-10,SL-D23F4A9FC75D03,456539,2576,Normal,147.26,135.00,148.51,256.00,
2026-10-10,SL-9704D4ABAC066A,456540,2576,Normal,98.99,85.00,98.98,149.99,
2026-10-10,SL-197CCEBB8BF2AC,456541,2576,Normal,138.00,245.99,299.99,500.97,
2026-10-10,SL-5FE7868CA1C657,456542,2576,Normal,37.00,52.51,56.48,70.00,
2026-10-10,SL-D2FCABD86AD689,456543,2576,Normal,41.29,39.99,53.97,95.00,
2026-10-10,SL-219DB149BBB690,456544,2576,Normal,52.99,52.99,54.44,75.00,
2026-10-10,SL-226F557D91DE6E,456545,2576,Normal,51.17,275.00,275.00,275.00,
2026-10-10,SL-B3B225E03D06DC,456546,2576,Normal,76.69,100.00,129.95,129.97,
2026-10-10,SL-091253B94BB947,456547,2576,Normal,133.85,150.00,177.50,205.00,
2026-10-10,SL-B01296C6F1D9D6,456548,2576,Normal,66.64,60.00,77.49,95.00,
2026-10-10,SL-F70A9FB130F172,456549,2576,Normal,70.39,61.98,84.99,173.99,
2026-10-10,SL-95CA1F687198C8,480451,2576,Normal,,588.00,588.00,588.00,
2026-10-10,SL-D6C7802610A57F,480452,2576,Normal,71.94,83.99,89.99,118.96,
2026-10-10,SL-214ED723D3A771,480456,2576,Normal,32.26,23.50,50.00,201.99,
2026-10-10,SL-34194E4F054A23,480457,2576,Normal,27.30,35.00,47.50,94.99,
2026-10-10,SL-B9248149A4056B,480459,2576,Normal,67.63,69.99,77.99,104.95,
2026-10-10,SL-23FA662D95286E,480460,2576,Normal,42.93,41.28,70.00,94.99,
2026-10-10,SL-7EAFE139BC0BCD,480461,2576,Normal,89.08,89.90,97.29,201.99,
2026-10-10,SL-197EC2ADF7628E,480462,2576,Normal,59.68,64.98,77.91,130.00,
2026-10-10,SL-B5F3C839262F36,480464,2576,Normal,116.11,150.00,159.37,1165.00,
2026-10-10,SL-B5264E7BA2DC13,480465,2576,Normal,103.63,139.00,149.98,156.72,
2026-10-10,SL-F46976B12ECA22,480467,2576,Normal,380.87,390.96,434.00,701.99,
2026-10-10,SL-7FD38092671142,480469,2576,Normal,286.43,295.00,322.50,350.00,
2026-10-10,SL-01E98F93055799,480473,2576,Normal,54.50,49.99,71.49,101.99,
2026-10-10,SL-142966DB35DC8F,480474,2576,Normal,,74.94,74.96,98.47,
2026-10-10,SL-52287049EB9C78,475396,2576,Normal,157.62,160.00,164.44,168.88,
2026-10-10,SL-89EE2906EE10D0,484582,2576,Normal,33.42,43.99,52.49,100.00,
2026-10-10,SL-9354CD516531FE,487514,2576,Normal,90.96,95.00,122.00,150.00,
2026-10-10,SL-711EEDF03C34FB,490199,2576,Normal,92.95,89.00,154.13,300.00,
2026-10-10,SL-750655931E6F97,490200,2576,Normal,129.60,125.00,149.75,256.00,
2026-10-10,SL-5255E36FDEE99C,493795,2576,Normal,,410.00,410.00,410.00,
2026-10-10,SL-DAA2346E431D52,493796,2576,Normal,,365.97,372.98,379.99,
2026-10-10,SL-64DF5C443D393A,493799,2576,Normal,111.69,113.75,125.00,489.99,
2026-10-10,SL-E000815724EA2A,493802,2576,Normal,74.33,76.80,93.50,189.99,
2026-10-10,SL-8FED6673D932CA,493803,2576,Normal,145.25,148.52,199.97,250.00,
2026-10-10,SL-8AAEC38BEC5FBD,493805,2576,Normal,97.64,119.96,119.99,238.36,
2026-10-10,SL-B9EC0C6C5561F1,493806,2576,Normal,71.44,99.98,124.99,149.99,
2026-10-10,SL-4E446C326A35E0,493807,2576,Normal,49.84,79.99,94.47,99.99,
2026-10-10,SL-1D9FB450470C75,493808,2576,Normal,51.99,59.95,73.49,101.99,
2026-10-10,SL-3C8F74D9F8C33A,493809,2576,Normal,44.67,50.00,60.00,82.45,
2026-10-10,SL-B762CD279E0001,493810,2576,Normal,61.12,60.50,73.24,100.00,
2026-10-10,SL-E63BB6ABED78A1,493811,2576,Normal,38.35,57.98,58.99,70.00,
2026-10-10,SL-BA53143C1DDB56,493812,2576,Normal,46.29,50.00,57.97,201.99,
2026-10-10,SL-6AF6F8F8E4C984,493813,2576,Normal,,195.00,200.00,249.97,
2026-10-10,SL-E14AB3D48E2308,493814,2576,Normal,275.76,299.99,353.53,801.99,
2026-10-10,SL-9392A78457BB01,496129,2576,Normal,321.55,320.98,351.98,510.00,
2026-10-10,SL-5DE687263E31C2,497382,2576,Normal,,950.00,950.00,950.00,
2026-10-10,SL-DD3A0B4F1E7DA1,501833,2576,Normal,191.77,204.99,204.99,204.99,
2026-10-10,SL-789447B652E3B8,501834,2576,Normal,87.89,93.29,169.97,501.99,
2026-10-10,SL-5468F7B9EAB454,501835,2576,Normal,58.21,97.99,112.45,195.95,
2026-10-10,SL-6B5DCD60BA5730,501836,2576,Normal,247.23,237.00,268.74,439.97,
2026-10-10,SL-0C1E7816FD9FE9,501839,2576,Normal,176.65,260.00,268.50,276.99,
2026-10-10,SL-DFE9AC9C5D05C9,501840,2576,Normal,501.01,400.00,500.00,599.99,
2026-10-10,SL-BF3E293642759E,501841,2576,Normal,291.31,297.81,297.81,400.00,
2026-10-10,SL-DEE8CCCA9CFCCE,501843,2576,Normal,115.79,110.00,135.90,301.99,
2026-10-10,SL-1304148BB94881,501844,2576,Normal,89.28,87.49,89.27,104.15,
2026-10-10,SL-D792C24E8A09CF,501845,2576,Normal,32.81,29.99,65.90,101.99,
2026-10-10,SL-ABB49E64363CCC,501846,2576,Normal,28.01,12.96,42.00,80.00,
2026-10-10,SL-839B89840B6DBF,501847,2576,Normal,101.12,91.01,99.63,199.99,
2026-10-10,SL-92D9B3EFB117F4,501848,2576,Normal,68.88,68.84,78.07,96.00,
2026-10-10,SL-AC1856E0C8845C,501849,2576,Normal,84.17,70.00,81.47,149.99,
2026-10-10,SL-83E8E9E9BDAB7C,501850,2576,Normal,81.90,66.99,83.20,149.99,
2026-10-10,SL-4AF8E5539A3A37,511863,2576,Normal,794.04,825.00,899.99,1501.99,
2026-10-10,SL-E7BDE12BA780C5,514992,2576,Normal,,469.99,474.50,479.00,
2026-10-10,SL-9962EA8B669B4F,514995,2576,Normal,72.96,73.00,80.47,124.93,
2026-10-10,SL-1D242838322B00,514998,2576,Normal,49.45,59.98,65.00,97.99,
2026-10-10,SL-C05D25C1CB85E9,515001,2576,Normal,108.03,106.98,122.42,976.65,
2026-10-10,SL-2C8BD576A51D61,515004,2576,Normal,96.44,105.00,109.98,119.99,
2026-10-10,SL-7B6BF7476036E4,515005,2576,Normal,124.87,200.00,229.31,245.00,
2026-10-10,SL-EE73A455D6DAFC,515006,2576,Normal,103.41,99.49,105.00,118.99,
2026-10-10,SL-75C9DE65D2674C,515007,2576,Normal,105.70,135.99,159.99,289.66,
2026-10-10,SL-5870A36D552768,515008,2576,Normal,74.61,69.92,89.29,149.99,
2026-10-10,SL-E577A60B3B1BA6,515009,2576,Normal,85.02,71.00,82.13,109.99,
2026-10-10,SL-DD778C566554A0,515010,2576,Normal,67.96,85.94,90.72,147.99,
2026-10-10,SL-5E385BCEB8C1D3,515011,2576,Normal,85.98,100.00,118.99,179.00,
2026-10-10,SL-2D5B5D6DB161EE,515012,2576,Normal,62.00,159.98,164.73,169.48,
2026-10-10,SL-5A4A678A238B50,515013,2576,Normal,64.10,56.35,66.33,99.99,
2026-10-10,SL-C1564B1CC85C5F,515014,2576,Normal,41.53,46.23,59.99,75.00,
2026-10-10,SL-C863D417DDE83A,516536,2576,Normal,1083.58,1150.00,1184.50,2001.99,
2026-10-10,SL-2A0B13F359B600,516537,2576,Normal,678.99,633.99,725.00,799.99,
2026-10-10,SL-D68D8EB45F05E9,516992,2576,Normal,165.25,173.95,196.48,500.00,
2026-10-10,SL-A13BDE5A40E7C6,516993,2576,Normal,196.46,175.00,224.99,600.00,
2026-10-10,SL-B959CE689FE1E3,517679,2576,Normal,30.58,34.99,65.00,100.00,
2026-10-10,SL-9F2EA943C39F55,517681,2576,Normal,29.51,27.19,50.00,190.00,
2026-10-10,SL-2AC9C47B84FA46,518821,2576,Normal,109.47,104.98,110.38,140.00,
2026-10-10,SL-23E541A279A532,518822,2576,Normal,138.83,138.83,162.66,9999.99,
2026-10-10,SL-0EF6F56C669DFA,518823,2576,Normal,126.35,123.95,129.97,139.95,
2026-10-10,SL-93F3442047281C,518824,2576,Normal,100.63,79.00,131.47,250.00,
2026-10-10,SL-DD0C5279EE2007,518825,2576,Normal,35.73,35.00,54.99,99.99,
2026-10-10,SL-DD25AF4AC936E2,518826,2576,Normal,36.70,31.56,54.99,118.72,
2026-10-10,SL-A1F9DC4DE016E1,518827,2576,Normal,86.52,98.00,117.50,199.99,
2026-10-10,SL-7FF5D4693BDBF9,518828,2576,Normal,80.22,151.00,173.00,199.99,
2026-10-10,SL-950A1262892ED0,518829,2576,Normal,272.57,260.90,300.00,750.00,
2026-10-10,SL-8D1031212D3210,518830,2576,Normal,235.37,275.00,350.99,5000.00,
2026-10-10,SL-F0D638918879B3,518831,2576,Normal,59.66,55.46,66.49,9999.00,
2026-10-10,SL-653ECA949C539E,518833,2576,Normal,64.85,56.99,68.50,85.00,
2026-10-10,SL-26B06B683BCA6B,518834,2576,Normal,49.33,44.84,54.98,70.00,
2026-10-10,SL-B0373781315725,518835,2576,Normal,53.85,46.84,60.18,109.99,
2026-10-10,SL-E339A090348C36,518837,2576,Normal,359.35,356.05,478.49,999.99,
2026-10-10,SL-86A2BCC3D47BF2,518839,2576,Normal,362.24,419.70,424.84,550.00,
2026-10-10,SL-EB7674C656581E,518840,2576,Normal,,499.99,499.99,499.99,
2026-10-10,SL-3CA7E30CC977F0,522559,2576,Normal,99.73,103.18,110.87,124.88,
2026-10-10,SL-C5A93064AA668C,528390,2576,Normal,104.05,115.00,123.34,299.99,
2026-10-10,SL-7B17A9D6C16703,528391,2576,Normal,129.14,119.00,132.93,349.99,
2026-10-10,SL-67CAEA24680CC1,528392,2576,Normal,222.26,244.75,274.50,399.99,
2026-10-10,SL-C649AFADB4E38B,528393,2576,Normal,271.27,266.00,319.99,500.00,
2026-10-10,SL-537F7A73B4E5D7,528394,2576,Normal,190.31,253.96,259.00,299.99,
2026-10-10,SL-37F8EC322DC4FF,528395,2576,Normal,226.30,211.98,244.98,334.98,
2026-10-10,SL-8F5540C2D38BA1,528396,2576,Normal,30.00,49.99,53.00,72.99,
2026-10-10,SL-25FFECED0CE8DE,528397,2576,Normal,58.96,51.01,73.06,101.01,
2026-10-10,SL-B81DED4DD2F7F0,528398,2576,Normal,,120.00,125.70,200.00,
2026-10-10,SL-42D8B704EA16D9,528399,2576,Normal,111.09,112.50,149.99,201.99,
2026-10-10,SL-C94DD14ECC45A6,528400,2576,Normal,39.22,35.99,44.45,70.00,
2026-10-10,SL-17405C5D45E661,528401,2576,Normal,39.58,51.20,69.49,80.00,
2026-10-10,SL-AEAC3B5B48F1C7,528402,2576,Normal,111.05,120.98,129.32,180.00,
2026-10-10,SL-22454153307BC0,528403,2576,Normal,133.15,131.34,149.99,200.00,
2026-10-10,SL-F0ADDB74A0D856,528404,2576,Normal,35.58,28.99,38.98,75.00,
2026-10-10,SL-A6FBE97D53BCE6,528405,2576,Normal,45.07,36.73,49.97,100.00,
2026-10-10,SL-E761E1777C5411,528406,2576,Normal,229.43,212.00,224.72,239.95,
2026-10-10,SL-FD7EED45ECCFC6,528407,2576,Normal,412.44,449.99,499.99,1420.69,
2026-10-10,SL-C09D8E25A3F347,528414,2576,Normal,,765.00,765.00,765.00,
2026-10-10,SL-AD8DAA8BB11594,530779,2576,Normal,277.00,269.99,293.97,399.99,
2026-10-10,SL-FFE26A78CDDB2A,530780,2576,Normal,278.92,274.00,285.42,1063.98,
2026-10-10,SL-5B3A6F59394F77,534124,2576,Normal,580.02,579.96,596.98,1100.00,
2026-10-10,SL-FA7D6580C34737,537665,2576,Normal,,849.99,849.99,849.99,
2026-10-10,SL-AFC52E51751441,537667,2576,Normal,,669.99,669.99,669.99,
2026-10-10,SL-BAD5D1CC179E4B,537669,2576,Normal,,449.99,449.99,449.99,
2026-10-10,SL-B8709846C8E5AF,537670,2576,Normal,,389.99,389.99,389.99,
2026-10-10,SL-452614AF0A815A,537671,2576,Normal,,449.99,449.99,449.99,
2026-10-10,SL-D53A1849E7B1C9,537672,2576,Normal,,379.99,379.99,379.99,
2026-10-10,SL-CE39B48D52F07A,537673,2576,Normal,63.52,83.98,98.50,199.99,
2026-10-10,SL-E397494832E845,537675,2576,Normal,59.57,51.00,63.98,71.99,
2026-10-10,SL-4BF63B64592660,537678,2576,Normal,86.46,82.00,95.95,201.99,
2026-10-10,SL-B483A5C23B7FF5,537681,2576,Normal,94.90,74.96,94.89,150.00,
2026-10-10,SL-58CA1F11EE3BE3,537683,2576,Normal,38.95,39.43,49.49,99.99,
2026-10-10,SL-0464E462AF6315,537684,2576,Normal,25.87,25.63,30.47,49.98,
2026-10-10,SL-8E1886C829359A,537685,2576,Normal,149.18,170.98,181.96,250.00,
2026-10-10,SL-6A2D2E139F2254,537686,2576,Normal,75.22,81.98,91.35,114.43,
2026-10-10,SL-DA7F8AD7B0BC80,537687,2576,Normal,154.29,149.99,154.99,179.79,
2026-10-10,SL-50FC4B0DB8BFBC,537688,2576,Normal,84.49,85.00,99.96,124.99,
2026-10-10,SL-39CDF02CD749A1,537689,2576,Normal,46.66,53.98,67.00,100.00,
2026-10-10,SL-DA137A8920D7BE,537690,2576,Normal,37.93,36.00,40.01,84.99,
2026-10-10,SL-1DA21B27711D91,539212,2576,Normal,68.99,65.98,80.00,120.00,
2026-10-10,SL-23F2295DED1E9C,539213,2576,Normal,73.03,60.00,90.00,240.00,
2026-10-10,SL-9501FA347D3861,540769,2576,Normal,214.64,210.00,287.37,475.00,
2026-10-10,SL-5EF93AB87CC7BC,545701,2576,Normal,,1799.99,1799.99,1799.99,
2026-10-10,SL-2F0C6070A19154,545702,2576,Normal,,1099.99,1099.99,1099.99,
2026-10-10,SL-0430987FB34846,545703,2576,Normal,399.99,699.99,699.99,699.99,
2026-10-10,SL-9026C39DC2D584,545704,2576,Normal,597.48,699.99,709.98,999.99,
2026-10-10,SL-AF4CAB7AA2FC3B,545705,2576,Normal,315.95,379.94,379.95,379.95,
2026-10-10,SL-5C83F0908286AA,545706,2576,Normal,,369.99,369.99,369.99,
2026-10-10,SL-B58718E7FE11D2,545707,2576,Normal,,283.99,286.88,289.76,
2026-10-10,SL-EA3F127E1B6608,545708,2576,Normal,114.59,119.95,140.99,300.00,
2026-10-10,SL-6640A3B637C825,545709,2576,Normal,94.88,99.99,139.49,151.99,
2026-10-10,SL-13A381A40449C9,545710,2576,Normal,176.14,171.52,195.00,259.99,
2026-10-10,SL-0559BC4D37DF0B,545711,2576,Normal,110.57,114.49,140.00,229.99,
2026-10-10,SL-FFA400FF14BF49,545712,2576,Normal,161.98,161.98,173.74,224.97,
2026-10-10,SL-383A5390F8CB76,545713,2576,Normal,109.32,99.99,107.60,199.99,
2026-10-10,SL-6DFA783F3B9A37,545714,2576,Normal,49.54,55.00,63.26,118.72,
2026-10-10,SL-239D6859BD1D9C,545716,2576,Normal,43.85,40.00,47.47,100.00,
2026-10-10,SL-63246582180433,545719,2576,Normal,117.90,134.88,149.69,439.99,
2026-10-10,SL-D85757C8DB2B40,545721,2576,Normal,70.95,88.75,97.50,125.00,
2026-10-10,SL-3C65FD2BF954A2,545722,2576,Normal,79.29,88.99,97.99,145.00,
2026-10-10,SL-649995DEB9E53B,545723,2576,Normal,68.18,70.00,73.99,100.00,
2026-10-10,SL-5866DDA4AFF1E6,551409,2576,Normal,,869.99,869.99,869.99,
2026-10-10,SL-53EFFF4AB66655,551413,2576,Normal,,689.95,689.95,689.95,
2026-10-10,SL-8D82D482708660,551415,2576,Normal,,599.95,599.95,599.95,
2026-10-10,SL-F7E159B4E7D922,551419,2576,Normal,,289.99,289.99,289.99,
2026-10-10,SL-52F611E7CD122A,551437,2576,Normal,282.28,279.01,300.00,1000.00,
2026-10-10,SL-FCAEA5C157AA2D,551438,2576,Normal,191.08,231.76,239.50,299.99,
2026-10-10,SL-22B7074E02E6D4,551440,2576,Normal,83.70,83.12,98.88,124.99,
2026-10-10,SL-E5456245AFC3A3,551442,2576,Normal,56.75,57.99,89.99,227.97,
2026-10-10,SL-2CC41EDDF7EBA1,551443,2576,Normal,53.00,50.00,59.84,301.99,
2026-10-10,SL-CE3BB4F7AF5651,551444,2576,Normal,37.70,37.73,50.00,52.99,
2026-10-10,SL-5FB294356B3D9E,551445,2576,Normal,61.40,70.58,92.00,199.99,
2026-10-10,SL-B39A2F769F1E07,551446,2576,Normal,62.40,90.00,99.95,199.99,
2026-10-10,SL-C3D0A31003B38B,551447,2576,Normal,51.44,45.00,66.33,108.99,
2026-10-10,SL-CB766B61EEFB6E,551448,2576,Normal,45.96,45.96,53.53,75.00,
2026-10-10,SL-301D3C32669404,551449,2576,Normal,71.99,83.99,108.46,300.00,
2026-10-10,SL-7E61275FD5CC85,551450,2576,Normal,53.11,60.00,70.00,75.00,
2026-10-10,SL-C04853F17A0313,551451,2576,Normal,44.34,43.95,51.17,100.00,
2026-10-10,SL-FB1E1566446236,551452,2576,Normal,35.66,27.99,49.74,75.00,
2026-10-10,SL-DC36FC64429D5D,551453,2576,Normal,47.89,49.99,60.00,201.99,
2026-10-10,SL-97078E5D14EBE4,551454,2576,Normal,38.50,44.94,44.95,69.99,
2026-10-10,SL-5CD1718708F7CF,554987,2576,Normal,84.03,81.00,98.00,399.99,
2026-10-10,SL-95580EA636B3FF,556782,2576,Normal,,479.99,484.00,488.00,
2026-10-10,SL-9EA2580F2EEDC6,556783,2576,Normal,,388.00,389.00,389.99,
2026-10-10,SL-C4E698097E6EB6,556788,2576,Normal,335.72,300.00,352.46,599.99,
2026-10-10,SL-E6815E809637CD,556791,2576,Normal,241.99,230.66,262.47,300.00,
2026-10-10,SL-AE955D714FF932,556794,2576,Normal,105.21,100.00,119.48,180.00,
2026-10-10,SL-64A5E2B73244AD,556798,2576,Normal,115.77,121.56,198.98,304.00,
2026-10-10,SL-6E10E7A8BD8C2C,556804,2576,Normal,94.65,91.47,103.30,201.99,
2026-10-10,SL-5C5578252D2926,556805,2576,Normal,81.50,85.00,93.63,250.00,
2026-10-10,SL-6A188AFCDB31E1,556806,2576,Normal,86.69,79.00,92.50,250.00,
2026-10-10,SL-09F80672292CE8,556807,2576,Normal,71.33,74.99,80.00,250.00,
2026-10-10,SL-6C1B3964A65485,556828,2576,Normal,54.52,51.23,65.00,98.72,
2026-10-10,SL-EB7E2032D0A931,556831,2576,Normal,41.18,39.91,45.00,75.00,
2026-10-10,SL-62BFC9811DD915,556833,2576,Normal,81.51,94.95,100.00,288.47,
2026-10-10,SL-E84A5B15E6F9C3,556834,2576,Normal,64.13,70.00,79.38,83.98,
2026-10-10,SL-F2F5EBEEEBD0C5,556836,2576,Normal,81.87,90.00,129.99,300.00,
2026-10-10,SL-14069B556F0234,556837,2576,Normal,63.56,73.88,99.36,99.99,
2026-10-10,SL-C7694953E368F4,561453,2576,Normal,183.81,160.74,183.23,249.00,
2026-10-10,SL-AD7D0C2C8E16D2,561454,2576,Normal,183.07,173.98,193.95,249.95,
2026-10-10,SL-E94BE968A3A112,561455,2576,Normal,88.17,80.00,91.78,140.00,
2026-10-10,SL-B11309A971433D,561456,2576,Normal,49.06,49.99,54.99,78.69,
2026-10-10,SL-B7E3C5DC70940E,561457,2576,Normal,59.06,59.99,70.00,199.99,
2026-10-10,SL-BF5BC53AD18E85,561458,2576,Normal,92.99,104.96,117.67,149.99,
2026-10-10,SL-BA4475B87E38DE,561459,2576,Normal,169.52,160.96,198.44,226.67,
2026-10-10,SL-C3A8669A77CF0F,561460,2576,Normal,44.96,39.96,47.98,75.00,
2026-10-10,SL-33DE5E031EFD3B,561461,2576,Normal,51.03,50.00,68.98,150.00,
2026-10-10,SL-3EEFF77D627261,561462,2576,Normal,54.72,59.99,69.96,75.99,
2026-10-10,SL-37C6B768973D2F,561463,2576,Normal,60.85,55.00,68.99,85.00,
2026-10-10,SL-4B22D43419542B,561464,2576,Normal,31.34,29.00,36.95,50.00,
2026-10-10,SL-8B470F1D9379AF,561465,2576,Normal,44.97,49.97,60.00,75.00,
2026-10-10,SL-BBC8F93DE82CE5,561479,2576,Normal,74.63,65.00,78.06,129.98,
2026-10-10,SL-FA7A7EE1991025,561529,2576,Normal,599.94,589.99,589.99,589.99,
2026-10-10,SL-51976658E5C23C,561536,2576,Normal,,449.99,460.00,470.00,
2026-10-10,SL-76EE3574620B68,561540,2576,Normal,,295.00,309.98,310.00,
2026-10-10,SL-D929FF1E16FDD7,563836,2576,Normal,601.88,650.00,691.71,999.99,
2026-10-10,SL-4C4FCD42C6E4CB,564133,2576,Normal,22.62,12.89,30.00,199.99,
2026-10-10,SL-831C7242985EC8,565535,2576,Normal,,1496.69,1496.69,1496.69,
2026-10-10,SL-E24F74D610175D,565536,2576,Normal,562.63,799.69,799.69,799.69,
2026-10-10,SL-369FF863EC799B,565538,2576,Normal,,450.00,599.85,749.69,
2026-10-10,SL-F3F1C2A23E48D0,565541,2576,Normal,85.61,79.50,100.00,500.00,
2026-10-10,SL-4C3509AD7E230B,565542,2576,Normal,75.65,75.00,90.00,300.00,
2026-10-10,SL-F3D3088DA018D0,565545,2576,Normal,48.34,45.00,54.95,240.00,
2026-10-10,SL-950215B0A2668B,565547,2576,Normal,38.21,32.96,49.12,75.89,
2026-10-10,SL-1F9921A151E628,565548,2576,Normal,54.89,49.99,60.00,240.00,
2026-10-10,SL-D061A6FE209B52,565549,2576,Normal,41.15,31.94,49.99,89.99,
2026-10-10,SL-6B03C6C7C5B91D,565550,2576,Normal,174.17,174.99,199.95,300.00,
2026-10-10,SL-E0414D04317EA2,565551,2576,Normal,164.93,143.00,172.50,250.00,
2026-10-10,SL-3104ED52ED0029,565552,2576,Normal,169.27,166.76,178.84,500.00,
2026-10-10,SL-CD43B6F3D7A59F,565553,2576,Normal,149.33,139.00,156.99,245.06,
2026-10-10,SL-60BFB1DCD1B82F,584513,2576,Normal,470.94,725.00,747.50,770.00,
2026-10-10,SL-8FC5EC5CE5CF31,584514,2576,Normal,396.98,560.00,560.00,560.00,
2026-10-10,SL-AD341F83F23370,584518,2576,Normal,,199.99,225.00,250.00,
2026-10-10,SL-771BBE0ADFF762,584519,2576,Normal,,194.99,194.99,194.99,
2026-10-10,SL-FB01410D9F3250,584520,2576,Normal,174.83,152.00,189.98,301.99,
2026-10-10,SL-61E8E5DF8B1BBE,584521,2576,Normal,127.32,119.95,149.44,200.00,
2026-10-10,SL-96E8C079CD757B,584522,2576,Normal,63.29,48.00,74.63,300.00,
2026-10-10,SL-79548A8DEA0CA9,584523,2576,Normal,50.97,51.79,63.81,201.99,
2026-10-10,SL-9717333D02A391,584524,2576,Normal,42.47,35.00,59.99,149.99,
2026-10-10,SL-73D93121EB1CDB,584525,2576,Normal,35.78,35.78,39.98,119.99,
2026-10-10,SL-EDA5F0018F2448,584526,2576,Normal,44.40,43.95,60.00,149.99,
2026-10-10,SL-3C90B58C213EC3,584527,2576,Normal,34.86,32.00,41.99,119.99,
2026-10-10,SL-1D01680A770718,584528,2576,Normal,37.89,34.93,60.00,105.24,
2026-10-10,SL-83DFC7BCCB8A6D,584529,2576,Normal,31.86,29.67,45.00,97.96,
2026-10-10,SL-5DFBCE0AB83C38,584530,2576,Normal,59.69,56.80,73.49,255.00,
2026-10-10,SL-686E1BBEBCBFAA,584531,2576,Normal,39.86,35.51,49.13,101.99,
2026-10-10,SL-E8AF55C924629C,584532,2576,Normal,138.33,133.22,154.50,450.00,
2026-10-10,SL-9179B083C2914F,584534,2576,Normal,96.36,88.01,107.23,149.99,
2026-10-10,SL-E0190484BE31DE,584536,2576,Normal,37.90,37.12,51.99,100.00,
2026-10-10,SL-CD2FC308C3644A,584539,2576,Normal,32.45,29.99,39.95,100.00,
2026-10-10,SL-C07200E6FB8843,584541,2576,Normal,73.19,66.00,99.99,159.99,
2026-10-10,SL-57B769C050A1F6,584544,2576,Normal,63.90,55.00,69.99,149.99,
2026-10-10,SL-CCE426CFBA5D07,586952,2576,Normal,70.76,67.41,75.00,149.99,
2026-10-10,SL-FB1FECB0690176,586953,2576,Normal,80.97,81.00,100.00,300.00,
2026-10-10,SL-B2753C6B1814F0,592056,2576,Normal,659.00,721.27,900.00,1499.95,
2026-10-10,SL-5460CC74A875D8,592059,2576,Normal,408.88,424.99,494.75,999.95,
2026-10-10,SL-20E2C89BAB6915,592060,2576,Normal,401.25,404.04,475.00,800.00,
2026-10-10,SL-15ADFCF5094915,592061,2576,Normal,91.11,89.99,104.48,300.00,
2026-10-10,SL-145E2D7DAB1056,592062,2576,Normal,88.58,79.99,93.98,201.99,
2026-10-10,SL-FC44F373482E68,592067,2576,Normal,96.03,88.88,104.98,500.00,
2026-10-10,SL-E3D6BE401B6F95,592070,2576,Normal,85.46,85.46,100.00,300.00,
2026-10-10,SL-0F86D31256941D,592073,2576,Normal,126.21,122.49,149.44,350.00,
2026-10-10,SL-64570B00C96787,592074,2576,Normal,118.81,109.37,120.00,249.99,
2026-10-10,SL-9EDDAD28E6FDFB,592079,2576,Normal,93.09,89.99,109.99,500.00,
2026-10-10,SL-BF588F593E480E,592080,2576,Normal,84.79,73.00,89.10,185.00,
2026-10-10,SL-72C515905E7352,592081,2576,Normal,47.12,35.00,60.00,300.00,
2026-10-10,SL-6D386CB092B8F1,592086,2576,Normal,48.36,39.33,54.24,120.00,
2026-10-10,SL-7704D13F4E7F46,599975,2576,Normal,286.62,274.00,313.69,599.95,
2026-10-10,SL-0CFD9C26617BF8,603324,2576,Normal,48.89,39.99,58.80,300.00,
2026-10-10,SL-5372DCEAF5B496,610786,2576,Normal,,32.97,45.95,79.98,
2026-10-10,SL-896468C2158E5D,610787,2576,Normal,51.75,49.99,54.45,75.00,
2026-10-10,SL-0B3132C3EEAD64,610788,2576,Normal,80.98,81.00,85.00,150.00,
2026-10-10,SL-5DCBAF53678E9A,610789,2576,Normal,108.79,167.95,182.47,248.71,
2026-10-10,SL-BD0B168FBB02B6,610790,2576,Normal,52.47,37.98,55.00,79.98,
2026-10-10,SL-EA8B400EB7587C,610791,2576,Normal,76.00,60.95,75.93,150.00,
2026-10-10,SL-4608D41552CD68,610792,2576,Normal,,30.00,51.34,80.00,
2026-10-10,SL-3BF8B1EFC3D63E,610793,2576,Normal,69.01,50.00,69.65,88.00,
2026-10-10,SL-DF5563A6AB6A1B,610794,2576,Normal,,28.63,45.81,79.98,
2026-10-10,SL-BF202C705FA210,610795,2576,Normal,65.09,45.00,66.99,89.99,
2026-10-10,SL-2E6BF27043E9BB,616921,2576,Normal,80.78,71.00,88.74,125.00,
2026-10-10,SL-DD598BF68D0AC7,616923,2576,Normal,383.10,377.01,449.49,700.01,
2026-10-10,SL-BB7E07A2986BB4,618046,2576,Normal,154.92,132.99,167.47,301.99,
2026-10-10,SL-C8B08A7139FC31,618049,2576,Normal,113.24,122.64,144.00,249.99,
2026-10-10,SL-03121D77EA2C4B,618087,2576,Normal,45.14,52.99,60.00,150.00,
2026-10-10,SL-4265730E03747B,618091,2576,Normal,61.43,61.99,76.79,300.00,
2026-10-10,SL-823B9F2127A229,618094,2576,Normal,92.73,99.99,117.69,300.00,
2026-10-10,SL-9A6EF28EECF2DC,618096,2576,Normal,77.16,84.99,93.97,140.00,
2026-10-10,SL-E1E2903CCE3709,618097,2576,Normal,54.16,59.99,70.85,101.99,
2026-10-10,SL-CAEFD21D151456,618098,2576,Normal,46.38,44.99,54.94,62.34,
2026-10-10,SL-D8B6168FF7A7AD,618099,2576,Normal,45.23,40.95,59.00,87.47,
2026-10-10,SL-568C9C053EB3C5,618100,2576,Normal,38.55,39.55,48.95,201.99,
2026-10-10,SL-C44AE37BDB68A9,618102,2576,Normal,126.70,129.98,150.00,299.95,
2026-10-10,SL-2D3CABC651E40A,618103,2576,Normal,89.03,98.45,100.00,120.00,
2026-10-10,SL-F886C775F2D753,618105,2576,Normal,37.60,42.70,59.99,89.99,
2026-10-10,SL-2007070E059EDF,618106,2576,Normal,35.05,34.99,44.99,79.87,
2026-10-10,SL-A7E5B7F6EC8B4A,618109,2576,Normal,45.77,39.99,55.00,99.99,
2026-10-10,SL-10654C31034738,618110,2576,Normal,37.51,37.99,45.00,66.85,
2026-10-10,SL-9956C343D188B0,618111,2576,Normal,45.26,44.99,55.90,150.00,
2026-10-10,SL-CE0D22C4A5732F,618112,2576,Normal,40.20,32.51,40.82,63.97,
2026-10-10,SL-BE3F32B80FEA2E,618113,2576,Normal,327.10,499.99,499.99,499.99,
2026-10-10,SL-278D493DAEF98B,618114,2576,Normal,189.88,214.99,214.99,214.99,
2026-10-10,SL-CA134058712347,618115,2576,Normal,,189.99,189.99,189.99,
2026-10-10,SL-9E1C46A1207B0B,618120,2576,Normal,,344.99,344.99,344.99,
2026-10-10,SL-5023185002A2AA,619698,2576,Normal,55.77,45.50,73.00,149.99,
2026-10-10,SL-BB4A4AE1ECFE2A,622973,2576,Normal,11.40,8.70,14.95,26.99,
2026-10-10,SL-6913FBEDFDB80B,624506,2576,Normal,81.80,74.69,90.00,155.00,
2026-10-10,SL-A0E13DA74146D6,624507,2576,Normal,98.99,99.00,125.00,200.00,
2026-10-10,SL-7184A0B63B1E9E,624519,2576,Normal,131.59,138.93,170.85,205.00,
2026-10-10,SL-B5E5B47263114D,624520,2576,Normal,193.17,173.01,213.40,360.00,
2026-10-10,SL-86C6A385452411,624705,2576,Normal,51.08,43.00,59.35,9999.99,
2026-10-10,SL-3A798704DD8BBD,624706,2576,Normal,64.93,55.00,73.75,500.00,
2026-10-10,SL-F4DBBBEC3CFEB4,624707,2576,Normal,123.83,115.00,149.36,500.00,
2026-10-10,SL-F3C784F688A104,624709,2576,Normal,70.76,65.00,76.28,300.00,
2026-10-10,SL-30B353B1E2F40A,624710,2576,Normal,69.18,64.99,74.88,159.99,
2026-10-10,SL-560F109DA33288,624711,2576,Normal,88.51,76.00,99.99,500.00,
2026-10-10,SL-FC508070AC9ECD,624714,2576,Normal,84.32,84.71,86.15,300.00,
2026-10-10,SL-87225328ADBE06,624715,2576,Normal,57.31,54.99,69.99,86.95,
2026-10-10,SL-2FCD076205C4F4,624716,2576,Normal,143.03,199.99,214.95,500.00,
2026-10-10,SL-B5DE5D10D8B22E,624717,2576,Normal,213.15,249.99,294.86,349.99,
2026-10-10,SL-DCD05FAA1B15E7,624721,2576,Normal,58.42,50.00,59.90,180.00,
2026-10-10,SL-1673F72E783176,624722,2576,Normal,43.53,36.44,50.59,75.00,
2026-10-10,SL-A26DEC91D98CFF,624739,2576,Normal,17.65,15.00,25.50,50.00,
2026-10-10,SL-14CB93A38C37A0,624740,2576,Normal,22.20,20.00,38.99,56.76,
2026-10-10,SL-AF7841CC1354F9,624742,2576,Normal,57.28,60.00,75.50,140.00,
2026-10-10,SL-D7984A9CB76C99,624743,2576,Normal,51.11,58.20,71.00,79.99,
2026-10-10,SL-3AED22057A4FFB,624745,2576,Normal,47.51,35.00,50.00,75.99,
2026-10-10,SL-1F7D163D1ACEFB,624746,2576,Normal,62.28,62.90,67.89,100.00,
2026-10-10,SL-A47DB53641C91B,624749,2576,Normal,361.17,470.00,474.99,479.97,
2026-10-10,SL-FDAA65C601D268,624750,2576,Normal,252.99,269.69,275.00,550.00,
2026-10-10,SL-D5D2DCA70EA4CD,624758,2576,Normal,,379.99,379.99,379.99,
2026-10-10,SL-A2CAA7DD3627FD,625876,2576,Normal,58.41,54.99,69.95,250.00,
2026-10-10,SL-ACABE87A5A45D3,625877,2576,Normal,68.30,61.99,88.19,450.00,
2026-10-10,SL-539814AFE340EF,627697,2576,Normal,6.58,1.75,9.47,100.00,
2026-10-10,SL-19B445CB21B8AA,629761,2576,Normal,60.84,55.01,66.17,240.00,
2026-10-10,SL-93933272405D31,629762,2576,Normal,69.67,70.00,90.50,199.99,
2026-10-10,SL-BF26DFD5509ADC,631564,2576,Normal,332.94,312.00,347.95,649.95,
2026-10-10,SL-B92B03D94C10E9,632009,2576,Normal,56.05,55.00,75.00,149.99,
2026-10-10,SL-6F9B1732BC4226,632010,2576,Normal,50.02,59.97,69.00,99.99,
2026-10-10,SL-D14CD1568AC703,632011,2576,Normal,38.39,37.99,49.99,82.00,
2026-10-10,SL-A8B0B83EFB86DE,632012,2576,Normal,32.06,25.98,39.99,66.00,
2026-10-10,SL-6CD9F3DF876B1F,632013,2576,Normal,65.99,70.00,75.99,149.99,
2026-10-10,SL-7993B0A0677511,632014,2576,Normal,50.66,52.99,69.00,141.25,
2026-10-10,SL-5B5B32122CDD63,632015,2576,Normal,59.35,75.00,75.98,149.99,
2026-10-10,SL-4735ED23F7A4FD,632016,2576,Normal,49.68,54.99,57.59,99.99,
2026-10-10,SL-BD4B37C3973D10,632017,2576,Normal,112.12,118.62,148.89,200.00,
2026-10-10,SL-140EB9D3B38175,632018,2576,Normal,98.87,95.00,114.75,200.00,
2026-10-10,SL-3BF37BD3ACB158,632019,2576,Normal,46.13,52.23,63.67,149.99,
2026-10-10,SL-65D2FBF09647F2,632020,2576,Normal,45.28,48.14,59.99,80.00,
2026-10-10,SL-39F25CFE2C5A26,632021,2576,Normal,,264.98,264.99,329.85,
2026-10-10,SL-42559D1C728178,632023,2576,Normal,,249.98,249.99,249.99,
2026-10-10,SL-3D0052CFE56421,632025,2576,Normal,,299.98,299.99,299.99,
2026-10-10,SL-28E7EF25549A0F,632027,2576,Normal,,399.98,399.99,399.99,
2026-10-10,SL-CA17EB83C29B15,632028,2576,Normal,,484.98,489.98,604.99,
2026-10-10,SL-69852EB562DC18,632029,2576,Normal,,629.98,629.99,629.99,
2026-10-10,SL-2F5BFD58A416E7,632031,2576,Normal,,279.98,279.99,279.99,
2026-10-10,SL-3F745D24C8D183,632032,2576,Normal,,239.98,239.99,239.99,
2026-10-10,SL-C4573F398978D7,632040,2576,Normal,,369.98,369.99,369.99,
2026-10-10,SL-75D2EFF8DB9AA4,632042,2576,Normal,,439.98,439.99,439.99,
2026-10-10,SL-729124208E824A,632044,2576,Normal,,595.95,595.95,789.99,
2026-10-10,SL-167399D6CD6288,632047,2576,Normal,784.85,849.69,849.69,849.69,
2026-10-10,SL-06CAAF43297C92,633045,2576,Normal,355.42,355.42,399.73,501.99,
2026-10-10,SL-7716CAD08A2C84,636315,2576,Normal,68.16,63.90,80.97,95.00,
2026-10-10,SL-FA6223566C7B76,636316,2576,Normal,73.58,75.00,85.00,148.72,
2026-10-10,SL-DE73D77FB013F4,637466,2576,Normal,134.97,135.32,143.60,250.00,
2026-10-10,SL-879DE87D93AF4D,637467,2576,Normal,115.57,112.11,122.99,240.00,
2026-10-10,SL-8B23D28B13195B,637468,2576,Normal,43.54,49.00,56.69,259.93,
2026-10-10,SL-887F0A3E113829,637469,2576,Normal,42.31,58.48,67.00,279.99,
2026-10-10,SL-B08949D7A3AFE1,637470,2576,Normal,109.75,101.25,120.00,300.00,
2026-10-10,SL-4AF544459E6E4D,637471,2576,Normal,53.03,57.99,69.59,90.00,
2026-10-10,SL-FEE4D099100C1B,637472,2576,Normal,41.58,45.00,54.98,254.99,
2026-10-10,SL-DBDF87736B4AD6,637473,2576,Normal,95.00,88.00,100.00,240.00,
2026-10-10,SL-47609F826AE46F,637474,2576,Normal,106.60,111.40,119.95,240.00,
2026-10-10,SL-3BD181E67861FB,637475,2576,Normal,44.86,49.99,59.86,269.99,
2026-10-10,SL-407CEDA238DE3A,637476,2576,Normal,50.80,59.96,64.99,269.99,
2026-10-10,SL-F4A97CEA3A7C1C,637477,2576,Normal,122.47,112.67,129.29,300.00,
2026-10-10,SL-0CF3E7A9C296C3,637670,2576,Normal,52.29,60.00,69.98,151.89,
2026-10-10,SL-CEB06DD843F657,637671,2576,Normal,64.37,62.01,80.00,900.00,
2026-10-10,SL-09332718CFEA52,637672,2576,Normal,51.39,57.74,69.47,99.95,
2026-10-10,SL-B57576270D7B62,637673,2576,Normal,41.76,49.95,59.50,79.94,
2026-10-10,SL-6B6C979A6E1B4E,637674,2576,Normal,41.93,41.93,49.97,80.00,
2026-10-10,SL-7AFCC7EB7F6678,637675,2576,Normal,47.27,43.00,59.50,89.99,
2026-10-10,SL-5623C86036522B,637676,2576,Normal,,179.99,179.99,179.99,
2026-10-10,SL-585CACD9E76000,637677,2576,Normal,,174.70,174.70,174.70,
2026-10-10,SL-A6ECC7D38BF81A,637678,2576,Normal,,849.95,849.95,849.95,
2026-10-10,SL-72B79910F6BD16,637679,2576,Normal,,649.99,649.99,649.99,
2026-10-10,SL-8B33672F7EA3BC,637680,2576,Normal,533.96,925.00,975.00,1105.14,
2026-10-10,SL-8396530F9CA30C,637682,2576,Normal,1169.00,1224.95,1224.95,1224.95,
2026-10-10,SL-B9970477DCCBC7,637683,2576,Normal,,1499.99,1499.99,1499.99,
2026-10-10,SL-3F2B421DD9669F,638088,2576,Normal,99.99,97.99,99.47,225.00,
2026-10-10,SL-2AA846FD9ACD02,638089,2576,Normal,98.88,224.97,224.98,245.00,
2026-10-10,SL-8E83F173AEC350,638883,2576,Normal,56.81,54.45,79.19,250.00,
2026-10-10,SL-21979E71D302E5,640242,2576,Normal,44.42,40.00,59.89,200.00,
2026-10-10,SL-96CADB0742DD94,643591,2576,Normal,59.27,55.00,65.00,98.00,
2026-10-10,SL-412C261AA45A1B,643592,2576,Normal,67.52,64.00,75.00,310.00,
2026-10-10,SL-7C656D70CEC8AA,643593,2576,Normal,59.30,55.96,72.99,290.00,
2026-10-10,SL-622D7365B067D1,643594,2576,Normal,49.58,46.58,59.99,201.99,
2026-10-10,SL-CAB929EA2DD4AE,643595,2576,Normal,51.67,50.00,60.00,201.99,
2026-10-10,SL-5A1F788DAA7722,643596,2576,Normal,53.90,50.00,65.00,201.99,
2026-10-10,SL-A3ADDCA9165A2F,643597,2576,Normal,178.94,180.00,199.00,249.99,
2026-10-10,SL-5068960BC36908,643598,2576,Normal,196.02,220.00,249.99,299.99,
2026-10-10,SL-B251BF4C4DE61E,643599,2576,Normal,313.31,370.01,400.00,400.00,
2026-10-10,SL-75EE0DBCE87D59,643964,2576,Normal,28.25,35.00,43.31,66.99,
2026-10-10,SL-D3C161D032DC86,646780,2576,Normal,246.90,289.99,289.99,289.99,
2026-10-10,SL-76D8B5BE432384,646781,2576,Normal,176.63,179.93,179.93,179.93,
2026-10-10,SL-C67CDDB0AE44ED,646782,2576,Normal,,234.99,234.99,234.99,
2026-10-10,SL-3AE8E2E6E8B3B6,646783,2576,Normal,,239.99,239.99,239.99,
2026-10-10,SL-3695BA5801481E,646784,2576,Normal,,189.99,189.99,189.99,
2026-10-10,SL-AB95FD365E982F,646785,2576,Normal,,139.94,144.96,149.99,
2026-10-10,SL-40670F87176D8C,646786,2576,Normal,151.98,124.00,144.99,199.95,
2026-10-10,SL-DDF2764A92D297,646787,2576,Normal,195.55,181.00,221.39,247.98,
2026-10-10,SL-197F90EACBF23A,646788,2576,Normal,194.91,194.94,194.95,199.96,
2026-10-10,SL-9EEE08FA6CD557,646799,2576,Normal,39.79,37.50,47.00,300.00,
2026-10-10,SL-9B4F84E69F4CCE,646801,2576,Normal,65.78,54.88,79.99,400.00,
2026-10-10,SL-F4935DE607204D,648635,2576,Normal,385.80,360.00,437.24,501.99,
2026-10-10,SL-1AC45BAFCC79A8,649746,2576,Normal,40.13,39.80,53.99,200.00,
2026-10-10,SL-5933AE80C184BC,652000,2576,Normal,39.66,38.70,49.98,99.99,
2026-10-10,SL-F26AFF6BB24E88,652001,2576,Normal,46.53,45.00,59.95,149.99,
2026-10-10,SL-E558347311E1F4,653118,2576,Normal,42.87,42.50,52.47,99.99,
2026-10-10,SL-366202692BF768,653119,2576,Normal,47.58,46.92,65.00,149.99,
2026-10-10,SL-C805DBBC1C6677,653120,2576,Normal,114.50,111.70,125.50,400.00,
2026-10-10,SL-1B5B0C7B7DFD8A,653121,2576,Normal,48.49,42.15,55.00,149.99,
2026-10-10,SL-89002E8BB22ACE,653122,2576,Normal,58.78,55.00,75.00,201.99,
2026-10-10,SL-2347A35CDE0CCA,653123,2576,Normal,47.56,44.49,64.04,149.99,
2026-10-10,SL-F87B4FFB3CCD49,653124,2576,Normal,40.01,36.00,49.70,100.00,
2026-10-10,SL-E05E06D6578028,653125,2576,Normal,38.94,36.95,49.99,100.00,
2026-10-10,SL-0ED724E9E0E76F,653126,2576,Normal,45.43,44.98,59.99,149.99,
2026-10-10,SL-69FAC4782CEAD8,655097,2576,Normal,209.29,300.00,314.35,349.97,
2026-10-10,SL-3734ADEE0BD3D9,655098,2576,Normal,286.37,260.00,332.90,499.95,
2026-10-10,SL-0F8CABC723BB6B,655099,2576,Normal,430.25,449.00,599.87,1000.00,
2026-10-10,SL-FE0F8BC07F7E66,655503,2576,Normal,52.23,58.00,69.48,99.99,
2026-10-10,SL-A9B0DE6D450794,655504,2576,Normal,53.58,52.73,78.98,149.99,
2026-10-10,SL-EFFCE6D4208A63,655935,2576,Normal,54.11,50.98,64.00,98.68,
2026-10-10,SL-01F4014DB0F8CA,655936,2576,Normal,83.97,90.96,103.94,300.00,
2026-10-10,SL-A8BD8FB79427E4,656333,2576,Normal,122.68,101.98,122.68,178.72,
2026-10-10,SL-934530AEA76C05,656335,2576,Normal,144.39,111.51,151.49,500.00,
2026-10-10,SL-3A8C34AA302232,656337,2576,Normal,244.13,211.00,249.99,399.95,
2026-10-10,SL-C70FCBB505BD77,656338,2576,Normal,310.31,307.97,333.33,500.00,
2026-10-10,SL-BB54D8943F73E3,656339,2576,Normal,134.67,133.88,149.99,206.10,
2026-10-10,SL-C24946B295061F,656341,2576,Normal,151.53,151.53,180.46,199.98,
2026-10-10,SL-B226AC313B5F39,656344,2576,Normal,37.86,34.96,44.84,98.72,
2026-10-10,SL-9BC9B71A47DED5,656345,2576,Normal,44.10,44.88,50.00,999.00,
2026-10-10,SL-BF1ED354A371C1,656346,2576,Normal,98.78,95.01,105.99,141.99,
2026-10-10,SL-E06DD3E1E3F4CD,656347,2576,Normal,127.39,119.49,149.94,500.00,
2026-10-10,SL-8A15902ECB78B5,656349,2576,Normal,161.36,161.36,187.00,666.00,
2026-10-10,SL-747C45FB80DFBE,656350,2576,Normal,189.22,189.63,242.50,1599.69,
2026-10-10,SL-774E94D5987351,656351,2576,Normal,45.98,94.99,95.00,300.00,
2026-10-10,SL-9CD93C9989F563,656353,2576,Normal,52.36,88.99,99.99,300.00,
2026-10-10,SL-030C40B079BE71,656355,2576,Normal,51.20,59.99,64.94,79.99,
2026-10-10,SL-A5E1293D263AF0,656356,2576,Normal,61.83,50.00,64.71,118.72,
2026-10-10,SL-F960B8C972DDE8,656357,2576,Normal,88.88,83.49,93.77,198.72,
2026-10-10,SL-481026198BBC92,656358,2576,Normal,52.79,59.95,61.90,99.95,
2026-10-10,SL-85D9B6A0A7C714,656360,2576,Normal,54.77,52.41,80.00,100.00,
2026-10-10,SL-364F90FA6A1775,656361,2576,Normal,103.59,105.00,119.93,179.99,
2026-10-10,SL-8AF1D3A4344B55,656367,2576,Normal,85.94,78.00,98.93,119.99,
2026-10-10,SL-EF03D947F97187,656369,2576,Normal,88.97,88.95,94.29,144.99,
2026-10-10,SL-BF755AD9D8CE5F,656371,2576,Normal,121.80,113.90,129.90,264.09,
2026-10-10,SL-3D4434A1970156,657420,2576,Normal,95.19,94.93,110.00,300.00,
2026-10-10,SL-401C61727EE263,657421,2576,Normal,122.20,121.47,144.00,320.00,
2026-10-10,SL-481C91DE34F288,657422,2576,Normal,39.74,34.61,49.97,100.00,
2026-10-10,SL-40B6F9DD3A4665,657423,2576,Normal,61.91,59.99,70.00,500.00,
2026-10-10,SL-7AB8CB8D6BF8A6,657438,2576,Normal,27.27,23.00,44.95,100.00,
2026-10-10,SL-4262135C124315,657441,2576,Normal,37.82,37.58,59.99,100.00,
2026-10-10,SL-867D74417C00E1,657867,2576,Normal,,3999.99,3999.99,3999.99,
2026-10-10,SL-AC65540B60B707,658346,2576,Normal,33.62,28.87,49.95,100.00,
2026-10-10,SL-0E772D4E9A9FA4,658347,2576,Normal,55.16,52.00,70.00,110.00,
2026-10-10,SL-F6CE9EEE501707,658348,2576,Normal,28.51,25.99,46.22,100.00,
2026-10-10,SL-CC030DBD6E29FE,658349,2576,Normal,42.85,39.99,65.00,300.00,
2026-10-10,SL-920AF504850AFD,658350,2576,Normal,48.62,45.00,56.40,136.69,
2026-10-10,SL-5FF41CC2D13BA0,658351,2576,Normal,66.95,65.00,79.95,450.00,
2026-10-10,SL-E282CE5635F5FC,658352,2576,Normal,160.31,157.75,198.97,350.00,
2026-10-10,SL-B3DBBD3351A867,658353,2576,Normal,268.38,253.88,277.58,500.00,
2026-10-10,SL-B971F1BAF798C2,660335,2576,Normal,822.25,999.99,1150.00,1300.00,
2026-10-10,SL-256B2682940475,660336,2576,Normal,485.13,699.79,702.39,704.99,
2026-10-10,SL-9B1071444456CB,660337,2576,Normal,358.48,410.00,455.00,499.99,
2026-10-10,SL-2F498E0B93A360,662577,2576,Normal,50.78,52.00,66.78,99.69,
2026-10-10,SL-52D6DADA65F954,662581,2576,Normal,66.38,66.38,79.95,350.00,
2026-10-10,SL-6E41C5BF4AA13D,662586,2576,Normal,52.71,51.04,60.70,89.99,
2026-10-10,SL-7CCCC779832E62,662590,2576,Normal,57.49,55.00,69.99,999.00,
2026-10-10,SL-91B8D55112E9C9,662592,2576,Normal,44.88,44.88,54.91,75.00,
2026-10-10,SL-5E88158210994E,662593,2576,Normal,47.02,47.79,60.00,999.00,
2026-10-10,SL-7321B93310E560,662596,2576,Normal,42.23,43.00,53.19,250.00,
2026-10-10,SL-F0F3F16536C281,662597,2576,Normal,46.16,49.00,64.11,400.00,
2026-10-10,SL-18DF50D0713A3D,662601,2576,Normal,37.48,41.00,54.98,89.28,
2026-10-10,SL-0C4B6E83C3E214,662602,2576,Normal,46.64,46.99,61.20,300.00,
2026-10-10,SL-C9877AF6FE4DA4,664030,2576,Normal,518.83,694.93,694.93,694.93,
2026-10-10,SL-0FD5F6D742E1F1,664031,2576,Normal,328.75,369.95,449.99,799.99,
2026-10-10,SL-97E67435FE209E,673773,2576,Normal,24.71,20.00,44.99,119.99,
2026-10-10,SL-13874C5D848C73,673775,2576,Normal,39.09,34.99,59.99,250.00,
2026-10-10,SL-1300E73CDDA9B5,673777,2576,Normal,44.05,38.00,53.14,99.99,
2026-10-10,SL-E44D69BCAF5561,673779,2576,Normal,48.97,44.09,66.42,300.00,
2026-10-10,SL-FF8B50F46CBD31,673782,2576,Normal,49.60,45.00,59.99,145.69,
2026-10-10,SL-6EC27A54060DFF,673785,2576,Normal,58.23,54.22,74.97,300.00,
2026-10-10,SL-E2DB1B58657D1A,673786,2576,Normal,40.94,37.99,49.75,200.00,
2026-10-10,SL-22E3600468CA16,673787,2576,Normal,44.13,39.95,59.99,345.69,
2026-10-10,SL-57224CF33D1B18,674453,2576,Normal,18.61,15.00,21.50,100.00,
2026-10-10,SL-88141E031F2873,674835,2576,Normal,270.30,333.00,378.45,891.98,
2026-10-10,SL-7A1A1484F233C2,674836,2576,Normal,184.37,204.00,300.00,339.00,
2026-10-10,SL-3F0275C619056A,674837,2576,Normal,154.34,158.00,219.99,249.00,
2026-10-10,SL-C2DA212EE2424D,677178,2576,Normal,53.47,55.00,64.95,149.95,
2026-10-10,SL-56A06CCE61A990,677179,2576,Normal,69.33,64.00,84.00,300.00,
2026-10-10,SL-55E97B4006F89E,677400,2576,Normal,73.30,70.00,80.00,200.00,
2026-10-10,SL-514C1D6728B156,677401,2576,Normal,83.21,79.50,89.95,250.00,
2026-10-10,SL-47FD7A58931702,677402,2576,Normal,39.30,44.00,54.00,124.99,
2026-10-10,SL-E5F4CFCD2D1E21,677403,2576,Normal,49.35,54.99,70.00,999.00,
2026-10-10,SL-9FDDEAE495C5DE,677404,2576,Normal,75.78,74.99,88.99,200.00,
2026-10-10,SL-07E8B624A8C7D4,677405,2576,Normal,96.87,90.00,109.88,300.00,
2026-10-10,SL-A15A9EF8FFC0C3,677406,2576,Normal,39.91,35.17,50.00,75.00,
2026-10-10,SL-13FAC3EF59E6AC,677407,2576,Normal,45.76,45.00,60.50,99.99,
2026-10-10,SL-00DFD5FAF7A6FF,677408,2576,Normal,63.78,57.50,78.69,300.00,
2026-10-10,SL-ABCCB33232898E,677409,2576,Normal,72.02,68.99,89.64,400.00,
2026-10-10,SL-97B83ADAA797E8,677410,2576,Normal,44.86,44.00,54.99,124.99,
2026-10-10,SL-EB862139323FA8,677411,2576,Normal,57.06,50.01,69.95,999.00,
2026-10-10,SL-C53B25CD55720F,677412,2576,Normal,38.66,34.95,55.00,150.00,
2026-10-10,SL-6CE59E51DCC615,677413,2576,Normal,50.27,49.94,64.28,999.00,
2026-10-10,SL-8A1A953119552E,677414,2576,Normal,863.80,1100.00,1100.00,1100.00,
2026-10-10,SL-1C45E7F91C62E4,677415,2576,Normal,447.33,444.98,444.99,445.00,
2026-10-10,SL-38870530CF4440,677416,2576,Normal,434.00,674.96,674.96,674.96,
2026-10-10,SL-623013DF1CDC7A,679231,2576,Normal,13.08,11.69,15.00,25.00,
2026-10-10,SL-52AD75C0AF1006,679542,2576,Normal,60.25,59.00,70.00,201.99,
2026-10-10,SL-CA6CCECFEBEC2C,679543,2576,Normal,77.89,70.95,89.97,500.00,
2026-10-10,SL-22CD7E1A6B7A30,679644,2576,Normal,46.88,46.88,64.98,89.95,
2026-10-10,SL-299EFC297156F1,679646,2576,Normal,59.43,63.59,75.00,350.00,
2026-10-10,SL-A0A3FDF7E0BD6D,680226,2576,Normal,54.30,53.98,69.99,100.00,
2026-10-10,SL-901432F718875C,680227,2576,Normal,59.63,57.40,79.99,500.00,
2026-10-10,SL-D13D0C095C023B,680228,2576,Normal,35.48,29.99,44.76,75.00,
2026-10-10,SL-7C2B424B1C7969,680229,2576,Normal,35.64,35.43,59.99,300.00,
2026-10-10,SL-AA2410B0C1D7D4,680230,2576,Normal,35.50,29.99,43.80,75.00,
2026-10-10,SL-8BC0DEE34E59D2,680231,2576,Normal,38.95,40.90,55.62,250.00,
2026-10-10,SL-94D47F07F61A0F,680232,2576,Normal,59.92,58.99,69.99,100.00,
2026-10-10,SL-39B978CCE71007,680233,2576,Normal,64.57,65.00,79.95,501.99,
2026-10-10,SL-A0F468E911DF55,680235,2576,Normal,,999.89,999.92,1295.00,
2026-10-10,SL-E19F0A74D8000D,680237,2576,Normal,426.19,434.00,534.98,606.59,
2026-10-10,SL-66650DD69BF4D5,680238,2576,Normal,451.21,499.94,499.95,500.00,
2026-10-10,SL-F8A34E5202D218,680611,2576,Normal,43.18,42.99,58.91,119.87,
2026-10-10,SL-118CC96FD450B8,680617,2576,Normal,56.29,54.99,75.00,127.49,
2026-10-10,SL-43286263D6D2C4,684086,2576,Normal,214.11,219.00,285.00,1000.00,
2026-10-10,SL-CA46F5F5791EBB,686493,2576,Normal,65.31,54.96,75.00,200.00,
2026-10-10,SL-3F3C86FF9BD9C8,686665,2576,Normal,38.27,39.98,50.00,149.98,
2026-10-10,SL-6DA9DA55C5623B,686666,2576,Normal,43.84,40.00,62.97,199.98,
2026-10-10,SL-4BE57560047EB4,686669,2576,Normal,71.49,60.00,95.50,999.00,
2026-10-10,SL-3D4D8B9063C0F4,686671,2576,Normal,160.10,170.00,245.00,307.99,
2026-10-10,SL-1B0779915A22B6,689835,2576,Normal,328.46,305.01,367.50,800.00,
2026-10-10,SL-3D01D7D0EAE8CA,689836,2576,Normal,40.93,37.99,64.89,200.00,
2026-10-10,SL-B565A4B1F936CC,691175,2576,Normal,51.50,42.47,55.56,198.72,
2026-10-10,SL-189ED14E304342,691182,2576,Normal,57.32,56.81,79.37,400.00,
2026-10-10,SL-A000A22E459D28,691183,2576,Normal,41.24,34.99,49.99,291.00,
2026-10-10,SL-B8DCA91EB62983,691184,2576,Normal,50.94,47.10,59.47,291.00,
2026-10-10,SL-D9CB56BE93955C,691185,2576,Normal,51.12,39.19,51.00,78.00,
2026-10-10,SL-4E3DD31A8F10CD,691186,2576,Normal,176.22,130.00,179.94,404.97,
2026-10-10,SL-20D499A470B8A5,691187,2576,Normal,42.37,37.94,56.00,90.00,
2026-10-10,SL-81FFD366420F3A,691188,2576,Normal,48.41,49.95,74.29,240.00,
2026-10-10,SL-77B45F83FF98D9,691190,2576,Normal,39.97,39.50,55.90,99.99,
2026-10-10,SL-36280CB83AC2AF,691192,2576,Normal,70.40,59.99,79.99,350.00,
2026-10-10,SL-627854ED741646,691193,2576,Normal,55.33,40.78,57.27,95.00,
2026-10-10,SL-27F53952DEB63B,691194,2576,Normal,60.60,50.95,65.65,152.99,
2026-10-10,SL-62924E622370DA,691195,2576,Normal,42.69,30.90,47.83,78.00,
2026-10-10,SL-FA32CF1A49D1D5,691196,2576,Normal,54.04,42.40,56.85,999.00,
2026-10-10,SL-45AC0450672011,691197,2576,Normal,64.95,42.07,62.83,90.00,
2026-10-10,SL-CFD92A398D8349,691198,2576,Normal,73.55,55.10,73.84,150.00,
2026-10-10,SL-C822436F428050,691199,2576,Normal,,1899.99,1899.99,1899.99,
2026-10-10,SL-62C80AB34D9CC5,691200,2576,Normal,,550.00,562.49,999.99,
2026-10-10,SL-87961062B3471E,691201,2576,Normal,,799.99,799.99,799.99,
2026-10-10,SL-A1DD82B9F45A59,693209,2576,Normal,491.00,494.00,649.98,1192.24,
2026-10-10,SL-D3D61A3D20908A,693574,2576,Normal,,129.98,137.99,184.99,
2026-10-10,SL-6E398CB1F66169,693575,2576,Normal,60.00,97.99,103.24,107.96,
2026-10-10,SL-B44FBD97799E08,693577,2576,Normal,,99.94,117.47,167.99,
2026-10-10,SL-78C40B1B9F39C2,693578,2576,Normal,,98.97,138.83,190.00,
2026-10-10,SL-0695851252F6DF,693579,2576,Normal,,144.98,158.00,188.99,
2026-10-10,SL-F8130EF2307D5F,693580,2576,Normal,,144.62,168.85,179.69,
2026-10-10,SL-48E2D44B0DB112,693581,2576,Normal,169.00,149.98,159.49,169.01,
2026-10-10,SL-6C256345194D9E,693582,2576,Normal,115.00,104.96,115.00,115.00,
2026-10-10,SL-2786878C1D8F2A,693583,2576,Normal,119.98,124.01,140.00,159.99,
2026-10-10,SL-397AD1D0B568A3,693584,2576,Normal,,176.04,176.04,176.04,
2026-10-10,SL-BC4683677FBC3C,694704,2576,Normal,30.43,35.00,49.99,89.99,
2026-10-10,SL-22B841990DAC1F,694705,2576,Normal,38.34,30.00,57.97,999.00,
2026-10-10,SL-D18A4E24571B1B,694710,2576,Normal,41.77,33.80,42.75,90.00,
2026-10-10,SL-90A9B91CE326E6,694714,2576,Normal,55.36,46.15,61.45,450.00,
2026-10-10,SL-B269AC7AB5080A,694965,2576,Normal,37.25,32.20,46.00,74.89,
2026-10-10,SL-0D7734D027859B,694966,2576,Normal,40.52,39.85,59.49,999.00,
2026-10-10,SL-D91B54107A78A7,694967,2576,Normal,39.34,32.49,49.99,80.00,
2026-10-10,SL-0D989A557A9D90,694968,2576,Normal,42.46,39.90,67.50,9999.00,
2026-10-10,SL-347373B1ADC604,694969,2576,Normal,41.40,26.00,44.64,100.00,
2026-10-10,SL-2D3F3FFB5E9435,694970,2576,Normal,37.96,37.96,53.45,999.00,
2026-10-10,SL-C43B4DA056180D,695134,2576,Normal,121.66,114.49,125.99,300.00,
2026-10-10,SL-B00E61FF6854EE,695135,2576,Normal,134.55,119.99,148.08,1267.61,
2026-10-10,SL-4BF7FE45B6D5FA,695470,2576,Normal,86.70,89.99,99.99,300.00,
2026-10-10,SL-F14FB92D2DCBC6,695473,2576,Normal,107.39,100.00,147.45,500.00,
2026-10-10,SL-38D62E44CA4044,696126,2576,Normal,37.87,37.50,52.49,289.99,
2026-10-10,SL-94AFDF17C76C12,696127,2576,Normal,38.17,38.93,61.42,999.00,
2026-10-10,SL-47D0706F022868,696500,2576,Normal,37.74,28.75,37.74,47.96,
2026-10-10,SL-34352A7A87C72D,696850,2576,Normal,30.57,31.99,50.73,190.00,
2026-10-10,SL-B5552250031A5D,696851,2576,Normal,32.67,32.00,56.76,999.00,
2026-10-10,SL-761D477012E693,700795,2576,Normal,56.24,53.95,63.47,200.00,
2026-10-10,SL-908B8F97F7A4CA,700796,2576,Normal,67.26,63.99,74.99,301.99,
2026-10-10,SL-126AA07A5786BF,700802,2576,Normal,881.23,949.99,1174.85,1494.99,
2026-10-10,SL-33FFFBC2DAC5E2,700803,2576,Normal,463.58,438.00,456.49,799.99,
2026-10-10,SL-0170AA960296CD,700804,2576,Normal,397.45,699.99,724.99,749.99,
2026-10-10,SL-AB56800C1F600A,702291,2576,Normal,14.78,8.00,16.82,100.00,
2026-10-10,SL-FB8F41B5698E85,703900,2576,Normal,314.49,308.00,350.00,800.00,
2026-10-10,SL-2E5D3F1C55B40E,703903,2576,Normal,51.06,42.00,57.38,129.99,
2026-10-10,SL-FEA5D283ED723B,704154,2576,Normal,69.27,67.00,77.17,248.72,
2026-10-10,SL-60FC2555A55C64,705721,2576,Normal,30.29,27.99,36.80,100.00,
2026-10-10,SL-54E30F9610306E,706573,2576,Normal,61.29,55.50,70.00,159.99,
