"investment_product_id","tcgplayer_product_id","product_name","current_price","last_price_checked","price_age_hours","freshness_pass_24h","ledger_distinct_dates","ledger_completion_status","model_history_observations","first_snapshot_date","latest_snapshot_date","observation_frequency","annualization_factor","annualized_volatility","history_confidence","history_bridge_pass","frequency_pass","volatility_pass","mc_p05","mc_median","mc_p95","median_return_pct","p05_return_pct","p95_return_pct","probability_loss","forecast_spread_multiple","forecast_present","forecast_order_pass","extreme_spread_flag","candidate_certification_pass"
"TCGCSV-23550-557244","557244","Duskmourn: House of Horror Collector Booster Display","688.02","2026-07-31T17:54:36+00:00","0.22","True","27","HISTORY_2_TO_29_DATES","28","2024-08-01","2026-07-31","MONTHLY","3.464102","1.9668","93.3","True","True","True","0.01","3.6","959.54","-99.48","-100","39.46","0.938","95954","True","True","True","True"
"TCGCSV-23312-516614","516614","The Lost Caverns of Ixalan Collector Booster Display","1002.68","2026-07-31T17:54:36+00:00","0.22","True","32","HISTORY_30_PLUS_DATES","33","2024-02-08","2026-07-31","MONTHLY","3.464102","2.003","100.0","True","True","False","0.02","5.49","1529.3","-99.45","-100","52.52","0.934","76465","True","True","True","False"
"TCGCSV-17684-451880","451880","Phyrexia: All Will Be One Collector Booster Display","951.79","2026-07-31T17:54:36+00:00","0.22","True","32","HISTORY_30_PLUS_DATES","33","2024-02-08","2026-07-31","MONTHLY","3.464102","2.0468","100.0","True","True","False","0.02","3.89","1405.2","-99.59","-100","47.64","0.9394","70260","True","True","True","False"
"TCGCSV-2603-208279","208279","Ikoria: Lair of Behemoths Collector Booster Display","623.98","2026-07-31T17:54:36+00:00","0.22","True","33","HISTORY_30_PLUS_DATES","34","2024-02-08","2026-07-31","MONTHLY","3.464102","1.8364","100.0","True","True","True","0.05","8.71","1436.31","-98.6","-99.99","130.19","0.9158","28726.2","True","True","True","True"
"TCGCSV-23019-515906","515906","The Lord of the Rings: Tales of Middle-earth - Special Edition Collector Booster Display","5729.4","2026-07-31T17:54:36+00:00","0.22","True","31","HISTORY_30_PLUS_DATES","32","2024-02-08","2026-07-31","MONTHLY","3.464102","1.1876","100.0","True","True","True","45.11","1221.77","30738.88","-78.68","-99.21","436.51","0.7794","681.42","True","True","True","True"
"TCGCSV-24684-692983","692983","Reality Fracture Collector Booster Display","475.68","2026-07-31T17:54:36+00:00","0.22","True","4","HISTORY_2_TO_29_DATES","5","2026-06-01","2026-07-31","MONTHLY","3.464102","0.774","16.7","True","True","True","11.46","174.26","2858.68","-63.37","-97.59","500.97","0.7188","249.45","True","True","True","True"
"TCGCSV-22875-475584","475584","March of the Machine Collector Booster Display","783.34","2026-07-31T17:54:36+00:00","0.22","True","33","HISTORY_30_PLUS_DATES","34","2024-02-08","2026-07-31","MONTHLY","3.464102","0.9247","100.0","True","True","True","27.82","356.43","4669.98","-54.5","-96.45","496.16","0.6924","167.86","True","True","True","True"
"TCGCSV-23446-541225","541225","Universes Beyond: Assassin's Creed Collector Booster Display","530.81","2026-07-31T17:54:36+00:00","0.22","True","31","HISTORY_2_TO_29_DATES","32","2024-03-01","2026-07-31","MONTHLY","3.464102","0.8896","100.0","True","True","True","24.52","248.58","3080.67","-53.17","-95.38","480.37","0.6932","125.64","True","True","True","True"
"TCGCSV-24495-657852","657852","Teenage Mutant Ninja Turtles Collector Booster Display","436.91","2026-07-31T17:54:36+00:00","0.22","True","11","HISTORY_2_TO_29_DATES","12","2025-11-01","2026-07-31","MONTHLY","3.464102","0.6268","40.0","True","True","True","35.78","297.31","2431.1","-31.95","-91.81","456.43","0.6216","67.95","True","True","True","True"
"TCGCSV-23361-529968","529968","Murders at Karlov Manor Collector Booster Display","377.98","2026-07-31T17:54:36+00:00","0.22","True","32","HISTORY_30_PLUS_DATES","33","2024-02-08","2026-07-31","MONTHLY","3.464102","0.7281","100.0","True","True","True","38.23","277.57","2107.78","-26.56","-89.89","457.64","0.605","55.13","True","True","True","True"
"TCGCSV-2653-214818","214818","Core Set 2021 Collector Booster Display","457.08","2026-07-31T17:54:36+00:00","0.22","True","33","HISTORY_30_PLUS_DATES","34","2024-02-08","2026-07-31","MONTHLY","3.464102","0.6979","100.0","True","True","True","49.38","364.37","2415.95","-20.28","-89.2","428.56","0.5746","48.93","True","True","True","True"
"TCGCSV-24219-618893","618893","FINAL FANTASY Collector Booster Display","1780.25","2026-07-31T17:54:36+00:00","0.22","True","20","HISTORY_2_TO_29_DATES","21","2025-03-01","2026-07-31","MONTHLY","3.464102","0.5905","70.0","True","True","True","250","1483.89","9019.42","-16.65","-85.96","406.64","0.5686","36.08","True","True","True","True"
"TCGCSV-24245-621110","621110","Marvel's Spider-Man Collector Booster Display","394.25","2026-07-31T17:54:36+00:00","0.22","True","18","HISTORY_2_TO_29_DATES","19","2025-04-01","2026-07-31","MONTHLY","3.464102","0.5204","63.3","True","True","True","73.03","365.02","1729.37","-7.41","-81.48","338.65","0.532","23.68","True","True","True","True"
"TCGCSV-23439-541090","541090","Outlaws of Thunder Junction Collector Booster Display","429.6","2026-07-31T17:54:36+00:00","0.22","True","31","HISTORY_2_TO_29_DATES","32","2024-03-01","2026-07-31","MONTHLY","3.464102","0.5581","100.0","True","True","True","87.65","411.97","2007.94","-4.1","-79.6","367.4","0.5212","22.91","True","True","True","True"
"TCGCSV-23319-517708","517708","Ravnica Remastered Collector Booster Display","974.18","2026-07-31T17:54:36+00:00","0.22","True","32","HISTORY_30_PLUS_DATES","33","2024-02-08","2026-07-31","MONTHLY","3.464102","0.555","100.0","True","True","True","208.01","934.8","4492.39","-4.04","-78.65","361.15","0.5164","21.6","True","True","True","True"
"TCGCSV-24219-628315","628315","FINAL FANTASY - Collector Booster Display (Japanese)","698.3","2026-07-31T17:54:36+00:00","0.22","True","0","NO_COMPLETION_MATCH","1","2026-07-31","2026-07-31","INSUFFICIENT","","0","3.3","False","False","False","161.22","709.31","3148.22","1.58","-76.91","350.84","0.492","19.53","True","True","True","False"
"TCGCSV-24766-706142","706142","Star Trek Collector Booster Display","701.58","2026-07-31T17:54:36+00:00","0.22","True","0","NO_COMPLETION_MATCH","1","2026-07-31","2026-07-31","INSUFFICIENT","","0","3.3","False","False","False","221.41","787.21","2671.16","12.21","-68.44","280.73","0.4404","12.06","True","True","True","False"
"TCGCSV-3157-282224","282224","The Brothers' War Collector Booster Display","742.23","2026-07-31T17:54:36+00:00","0.22","True","32","HISTORY_30_PLUS_DATES","33","2024-02-08","2026-07-31","MONTHLY","3.464102","0.4621","100.0","True","True","True","247.97","846.3","2973.76","14.02","-66.59","300.65","0.432","11.99","True","True","True","True"
"TCGCSV-24683-692963","692963","The Hobbit Collector Booster Display","782.66","2026-07-31T17:54:36+00:00","0.22","True","4","HISTORY_2_TO_29_DATES","5","2026-06-01","2026-07-31","MONTHLY","3.464102","0.3428","16.7","True","True","True","269.47","874.11","3121.03","11.68","-65.57","298.77","0.4412","11.58","True","True","True","True"
"TCGCSV-22876-489207","489207","March of the Machine: The Aftermath Collector Booster Display","246.06","2026-07-31T17:54:36+00:00","0.22","True","33","HISTORY_30_PLUS_DATES","34","2024-02-08","2026-07-31","MONTHLY","3.464102","0.4422","100.0","True","True","True","83.94","293.21","937.2","19.16","-65.89","280.88","0.4114","11.17","True","True","True","True"
"TCGCSV-23444-541179","541179","Modern Horizons 3 Collector Booster Display","807.28","2026-07-31T17:54:36+00:00","0.22","True","31","HISTORY_2_TO_29_DATES","32","2024-03-01","2026-07-31","MONTHLY","3.464102","0.4054","100.0","True","True","True","307.51","969.3","2876.93","20.07","-61.91","256.37","0.3962","9.36","True","True","False","True"
"TCGCSV-23337-523185","523185","Universes Beyond: Fallout Collector Booster Display","1760.06","2026-07-31T17:54:36+00:00","0.22","True","32","HISTORY_30_PLUS_DATES","33","2024-02-08","2026-07-31","MONTHLY","3.464102","4.4893","100.0","True","True","False","0","0","0","-100","-100","-100","0.9998",,"False","True","False","False"
"TCGCSV-23447-541238","541238","Bloomburrow Collector Booster Display","1069.11","2026-07-31T17:54:36+00:00","0.22","True","32","HISTORY_2_TO_29_DATES","33","2024-03-01","2026-07-31","MONTHLY","3.464102","3.8105","100.0","True","True","False","0","0","0.08","-100","-100","-99.99","0.9996",,"False","True","False","False"
"TCGCSV-23556-562122","562122","Foundations Collector Booster Display","804.27","2026-07-31T17:54:36+00:00","0.22","True","25","HISTORY_2_TO_29_DATES","26","2024-09-01","2026-07-31","MONTHLY","3.464102","2.086","86.7","True","True","False","0","1.41","585.19","-99.82","-100","-27.24","0.9564",,"False","True","False","False"
"TCGCSV-24421-648650","648650","Avatar: The Last Airbender Collector Booster Display","481.77","2026-07-31T17:54:36+00:00","0.22","True","14","HISTORY_2_TO_29_DATES","15","2025-09-01","2026-07-31","MONTHLY","3.464102","2.5758","50.0","True","True","False","0","0","8.28","-100","-100","-98.28","0.993",,"False","True","False","False"
