investment_product_id,set_name,box_name,approved_product_name,approved_tcgplayer_product_id,investment_product_type,in_model_input,contains_collector_booster,contains_display,matched_exclusion_terms,universe_classification,classification_reason
TCGCSV-23019-484912,Universes Beyond: The Lord of the Rings: Tales of Middle-earth,Universes Beyond: The Lord of the Rings: Tales of Middle-earth Collector Booster Display,The Lord of the Rings: Tales of Middle-earth Collector Booster Display,484912,Collector Booster Display,true,true,true,,INCLUDE_DISPLAY,display identity confirmed
TCGCSV-24219-618893,FINAL FANTASY,FINAL FANTASY Collector Booster Display,FINAL FANTASY Collector Booster Display,618893,Collector Booster Display,true,true,true,,INCLUDE_DISPLAY,display identity confirmed
TCGCSV-3070-271509,Double Masters 2022,Double Masters 2022 Collector Booster Display,Double Masters 2022 Collector Booster Display,271509,Collector Booster Display,true,true,true,,INCLUDE_DISPLAY,display identity confirmed
TCGCSV-2864-244384,Innistrad: Midnight Hunt,Innistrad: Midnight Hunt Collector Booster Display,Innistrad: Midnight Hunt - Collector Booster Display,244384,Collector Booster Display,true,true,true,,INCLUDE_DISPLAY,display identity confirmed
TCGCSV-22876-489207,March of the Machine: The Aftermath,March of the Machine: The Aftermath Collector Booster Display,March of the Machine: The Aftermath - Collector Booster Display,489207,Collector Booster Display,true,true,true,,INCLUDE_DISPLAY,display identity confirmed
TCGCSV-3026-264767,Streets of New Capenna,Streets of New Capenna Collector Booster Display,Streets of New Capenna - Collector Booster Display,264767,Collector Booster Display,true,true,true,,INCLUDE_DISPLAY,display identity confirmed
TCGCSV-2862-246457,Innistrad: Crimson Vow,Innistrad: Crimson Vow Collector Booster Display,Innistrad: Crimson Vow - Collector Booster Display,246457,Collector Booster Display,true,true,true,,INCLUDE_DISPLAY,display identity confirmed
TCGCSV-23874-604253,Aetherdrift,Aetherdrift Collector Booster Display,Aetherdrift - Collector Booster Display,604253,Collector Booster Display,true,true,true,,INCLUDE_DISPLAY,display identity confirmed
TCGCSV-3102-275412,Dominaria United,Dominaria United Collector Booster Display,Dominaria United - Collector Booster Display,275412,Collector Booster Display,true,true,true,,INCLUDE_DISPLAY,display identity confirmed
TCGCSV-2750-228249,Kaldheim,Kaldheim Collector Booster Display,Kaldheim - Collector Booster Display,228249,Collector Booster Display,true,true,true,,INCLUDE_DISPLAY,display identity confirmed
TCGCSV-2823-238745,Adventures in the Forgotten Realms,Adventures in the Forgotten Realms Collector Booster Display,Adventures in the Forgotten Realms - Collector Booster Display,238745,Collector Booster Display,true,true,true,,INCLUDE_DISPLAY,display identity confirmed
TCGCSV-2958-275406,Unfinity,Unfinity Collector Booster Display,Unfinity - Collector Booster Display,275406,Collector Booster Display,true,true,true,,INCLUDE_DISPLAY,display identity confirmed
TCGCSV-23361-529968,Murders at Karlov Manor,Murders at Karlov Manor Collector Booster Display,Murders at Karlov Manor - Collector Booster Display,529968,Collector Booster Display,true,true,true,,INCLUDE_DISPLAY,display identity confirmed
TCGCSV-24245-621110,Marvel's Spider-Man,Marvel's Spider-Man Collector Booster Display,Marvel's Spider-Man - Collector Booster Display,621110,Collector Booster Display,true,true,true,,INCLUDE_DISPLAY,display identity confirmed
TCGCSV-2648-220423,Zendikar Rising,Zendikar Rising Collector Booster Display,Zendikar Rising - Collector Booster Display,220423,Collector Booster Display,true,true,true,,INCLUDE_DISPLAY,display identity confirmed
TCGCSV-24463-656322,Lorwyn Eclipsed,Lorwyn Eclipsed Collector Booster Display,Lorwyn Eclipsed - Collector Booster Display,656322,Collector Booster Display,true,true,true,,INCLUDE_DISPLAY,display identity confirmed
TCGCSV-2653-214818,Core Set 2021,Core Set 2021 Collector Booster Display,Core Set 2021 - Collector Booster Display,214818,Collector Booster Display,true,true,true,,INCLUDE_DISPLAY,display identity confirmed
TCGCSV-23439-541090,Outlaws of Thunder Junction,Outlaws of Thunder Junction Collector Booster Display,Outlaws of Thunder Junction - Collector Booster Display,541090,Collector Booster Display,true,true,true,,INCLUDE_DISPLAY,display identity confirmed
TCGCSV-23848-594681,Innistrad Remastered,Innistrad Remastered Collector Booster Display,Innistrad Remastered - Collector Booster Display,594681,Collector Booster Display,true,true,true,,INCLUDE_DISPLAY,display identity confirmed
TCGCSV-24421-648650,Avatar: The Last Airbender,Avatar: The Last Airbender Collector Booster Display,Avatar: The Last Airbender - Collector Booster Display,648650,Collector Booster Display,true,true,true,,INCLUDE_DISPLAY,display identity confirmed
TCGCSV-23446-541225,Universes Beyond: Assassin's Creed,Universes Beyond: Assassin's Creed Collector Booster Display,Universes Beyond: Assassin's Creed - Collector Booster Display,541225,Collector Booster Display,true,true,true,,INCLUDE_DISPLAY,display identity confirmed
TCGCSV-24495-657852,Teenage Mutant Ninja Turtles,Teenage Mutant Ninja Turtles Collector Booster Display,Teenage Mutant Ninja Turtles - Collector Booster Display,657852,Collector Booster Display,true,true,true,,INCLUDE_DISPLAY,display identity confirmed
TCGCSV-24553-675606,Marvel Super Heroes,Marvel Super Heroes Collector Booster Display,Marvel Super Heroes - Collector Booster Display,675606,Collector Booster Display,true,true,true,,INCLUDE_DISPLAY,display identity confirmed
TCGCSV-24232-619649,Tarkir: Dragonstorm,Tarkir: Dragonstorm Collector Booster Display,Tarkir: Dragonstorm - Collector Booster Display,619649,Collector Booster Display,true,true,true,,INCLUDE_DISPLAY,display identity confirmed
TCGCSV-24684-692983,Reality Fracture,Reality Fracture Collector Booster Display,Reality Fracture - Collector Booster Display,692983,Collector Booster Display,true,true,true,,INCLUDE_DISPLAY,display identity confirmed
TCGCSV-24601-675558,Secrets of Strixhaven,Secrets of Strixhaven Collector Booster Display,Secrets of Strixhaven - Collector Booster Display,675558,Collector Booster Display,true,true,true,,INCLUDE_DISPLAY,display identity confirmed
TCGCSV-2965-257563,Kamigawa: Neon Dynasty,Kamigawa: Neon Dynasty Collector Booster Display,Kamigawa: Neon Dynasty - Collector Booster Display,257563,Collector Booster Display,true,true,true,,INCLUDE_DISPLAY,display identity confirmed
TCGCSV-17670-449559,Dominaria Remastered,Dominaria Remastered Collector Booster Display,Dominaria Remastered - Collector Booster Display,449559,Collector Booster Display,true,true,true,,INCLUDE_DISPLAY,display identity confirmed
TCGCSV-2809-236348,Modern Horizons 2,Modern Horizons 2 Collector Booster Display,Modern Horizons 2 - Collector Booster Display,236348,Collector Booster Display,true,true,true,,INCLUDE_DISPLAY,display identity confirmed
TCGCSV-2603-208279,Ikoria: Lair of Behemoths,Ikoria: Lair of Behemoths Collector Booster Display,Ikoria: Lair of Behemoths - Collector Booster Display,208279,Collector Booster Display,true,true,true,,INCLUDE_DISPLAY,display identity confirmed
TCGCSV-3047-267023,Commander Legends: Battle for Baldur's Gate,Commander Legends: Battle for Baldur's Gate Collector Booster Display,Commander Legends: Battle for Baldur's Gate - Collector Booster Display,267023,Collector Booster Display,true,true,true,,INCLUDE_DISPLAY,display identity confirmed
TCGCSV-24233-619672,Edge of Eternities,Edge of Eternities Collector Booster Display,Edge of Eternities - Collector Booster Display,619672,Collector Booster Display,true,true,true,,INCLUDE_DISPLAY,display identity confirmed
TCGCSV-2773-233232,Strixhaven: School of Mages,Strixhaven: School of Mages Collector Booster Display,Strixhaven: School of Mages - Collector Booster Display,233232,Collector Booster Display,true,true,true,,INCLUDE_DISPLAY,display identity confirmed
TCGCSV-23165-496076,Universes Beyond: Doctor Who,Universes Beyond: Doctor Who Collector Booster Display,Universes Beyond: Doctor Who - Collector Booster Display,496076,Collector Booster Display,true,true,true,,INCLUDE_DISPLAY,display identity confirmed
TCGCSV-23550-557244,Duskmourn: House of Horror,Duskmourn: House of Horror Collector Booster Display,Duskmourn: House of Horror - Collector Booster Display,557244,Collector Booster Display,true,true,true,,INCLUDE_DISPLAY,display identity confirmed
TCGCSV-3157-282224,The Brothers' War,The Brothers' War Collector Booster Display,The Brothers' War - Collector Booster Display,282224,Collector Booster Display,true,true,true,,INCLUDE_DISPLAY,display identity confirmed
TCGCSV-2708-221323,Commander Legends,Commander Legends Collector Booster Display,Commander Legends - Collector Booster Display,221323,Collector Booster Display,true,true,true,,INCLUDE_DISPLAY,display identity confirmed
TCGCSV-23444-541179,Modern Horizons 3,Modern Horizons 3 Collector Booster Display,Modern Horizons 3 - Collector Booster Display,541179,Collector Booster Display,true,true,true,,INCLUDE_DISPLAY,display identity confirmed
TCGCSV-23556-562122,Foundations,Foundations Collector Booster Display,Magic: The Gathering Foundations - Collector Booster Display,562122,Collector Booster Display,true,true,true,,INCLUDE_DISPLAY,display identity confirmed
TCGCSV-22875-475584,March of the Machine,March of the Machine Collector Booster Display,March of the Machine - Collector Booster Display,475584,Collector Booster Display,true,true,true,,INCLUDE_DISPLAY,display identity confirmed
TCGCSV-24683-692963,The Hobbit,The Hobbit Collector Booster Display,The Hobbit - Collector Booster Display,692963,Collector Booster Display,true,true,true,,INCLUDE_DISPLAY,display identity confirmed
TCGCSV-23163-496041,Wilds of Eldraine,Wilds of Eldraine Collector Booster Display,Wilds of Eldraine - Collector Booster Display,496041,Collector Booster Display,true,true,true,,INCLUDE_DISPLAY,display identity confirmed
TCGCSV-23319-517708,Ravnica Remastered,Ravnica Remastered Collector Booster Display,Ravnica Remastered - Collector Booster Display,517708,Collector Booster Display,true,true,true,,INCLUDE_DISPLAY,display identity confirmed
TCGCSV-17684-451880,Phyrexia: All Will Be One,Phyrexia: All Will Be One Collector Booster Display,Phyrexia: All Will Be One - Collector Booster Display,451880,Collector Booster Display,true,true,true,,INCLUDE_DISPLAY,display identity confirmed
TCGCSV-23312-516614,The Lost Caverns of Ixalan,The Lost Caverns of Ixalan Collector Booster Display,The Lost Caverns of Ixalan - Collector Booster Display,516614,Collector Booster Display,true,true,true,,INCLUDE_DISPLAY,display identity confirmed
TCGCSV-23447-541238,Bloomburrow,Bloomburrow Collector Booster Display,Bloomburrow - Collector Booster Display,541238,Collector Booster Display,true,true,true,,INCLUDE_DISPLAY,display identity confirmed
TCGCSV-23337-523185,Universes Beyond: Fallout,Universes Beyond: Fallout Collector Booster Display,Universes Beyond: Fallout - Collector Booster Display,523185,Collector Booster Display,true,true,true,,INCLUDE_DISPLAY,display identity confirmed
TCGCSV-23020-484929,Commander Masters,Commander Masters Collector Booster Display,Commander Masters - Collector Booster Box,484929,Collector Booster Display,true,true,true,,INCLUDE_DISPLAY,display identity confirmed
TCGCSV-2568-270477,Theros Beyond Death,Theros Beyond Death Collector Booster Display,Theros Beyond Death - Collector Booster Display Case,270477,Collector Booster Display,false,true,true,display case,EXCLUDE_CONFIGURATION,display case
TCGCSV-2494-490512,Throne of Eldraine,Throne of Eldraine Collector Booster Display,Throne of Eldraine - Collector Booster Case,490512,Collector Booster Display,false,true,true,collector booster case|booster case,EXCLUDE_CONFIGURATION,collector booster case|booster case
TCGCSV-23874-604262,Aetherdrift,Aetherdrift - Collector Booster Display Master Case,Aetherdrift - Collector Booster Display Master Case,604262,Collector Booster Display,false,true,true,master case,EXCLUDE_CONFIGURATION,master case
TCGCSV-23447-541240,Bloomburrow,Bloomburrow - Collector Booster Display Master Case,Bloomburrow - Collector Booster Display Master Case,541240,Collector Booster Display,false,true,true,master case,EXCLUDE_CONFIGURATION,master case
TCGCSV-23020-497724,Commander Masters,Commander Masters - Collector Booster Box Case,Commander Masters - Collector Booster Box Case,497724,Collector Booster Display,false,true,false,box case,EXCLUDE_CONFIGURATION,box case
TCGCSV-23550-557246,Duskmourn: House of Horror,Duskmourn: House of Horror - Collector Booster Display Master Case,Duskmourn: House of Horror - Collector Booster Display Master Case,557246,Collector Booster Display,false,true,true,master case,EXCLUDE_CONFIGURATION,master case
TCGCSV-24233-619695,Edge of Eternities,Edge of Eternities - Collector Booster Display Master Case,Edge of Eternities - Collector Booster Display Master Case,619695,Collector Booster Display,false,true,true,master case,EXCLUDE_CONFIGURATION,master case
TCGCSV-24219-628315,FINAL FANTASY,FINAL FANTASY - Collector Booster Display (Japanese),FINAL FANTASY - Collector Booster Display (Japanese),628315,Collector Booster Display,true,true,true,,INCLUDE_DISPLAY,display identity confirmed
TCGCSV-24219-618895,FINAL FANTASY,FINAL FANTASY - Collector Booster Display Master Case,FINAL FANTASY - Collector Booster Display Master Case,618895,Collector Booster Display,false,true,true,master case,EXCLUDE_CONFIGURATION,master case
TCGCSV-23556-562124,Foundations,Magic: The Gathering Foundations - Collector Booster Display Master Case,Magic: The Gathering Foundations - Collector Booster Display Master Case,562124,Collector Booster Display,false,true,true,master case,EXCLUDE_CONFIGURATION,master case
TCGCSV-23848-646348,Innistrad Remastered,Innistrad Remastered - Collector Booster Display Master Case,Innistrad Remastered - Collector Booster Display Master Case,646348,Collector Booster Display,false,true,true,master case,EXCLUDE_CONFIGURATION,master case
TCGCSV-24463-656326,Lorwyn Eclipsed,Lorwyn Eclipsed - Collector Booster Display Master Case,Lorwyn Eclipsed - Collector Booster Display Master Case,656326,Collector Booster Display,false,true,true,master case,EXCLUDE_CONFIGURATION,master case
TCGCSV-22876-489221,March of the Machine: The Aftermath,March of the Machine: The Aftermath - Collector Booster Display Master Case,March of the Machine: The Aftermath - Collector Booster Display Master Case,489221,Collector Booster Display,false,true,true,master case,EXCLUDE_CONFIGURATION,master case
TCGCSV-24553-675608,Marvel Super Heroes,Marvel Super Heroes - Collector Booster Display Master Case,Marvel Super Heroes - Collector Booster Display Master Case,675608,Collector Booster Display,false,true,true,master case,EXCLUDE_CONFIGURATION,master case
TCGCSV-24245-654626,Marvel's Spider-Man,Marvel's Spider-Man - Collector Booster Display Master Case,Marvel's Spider-Man - Collector Booster Display Master Case,654626,Collector Booster Display,false,true,true,master case,EXCLUDE_CONFIGURATION,master case
TCGCSV-23444-541183,Modern Horizons 3,Modern Horizons 3 - Collector Booster Display Master Case,Modern Horizons 3 - Collector Booster Display Master Case,541183,Collector Booster Display,false,true,true,master case,EXCLUDE_CONFIGURATION,master case
TCGCSV-23361-529970,Murders at Karlov Manor,Murders at Karlov Manor - Collector Booster Display Master Case,Murders at Karlov Manor - Collector Booster Display Master Case,529970,Collector Booster Display,false,true,true,master case,EXCLUDE_CONFIGURATION,master case
TCGCSV-23439-541092,Outlaws of Thunder Junction,Outlaws of Thunder Junction - Collector Booster Display Master Case,Outlaws of Thunder Junction - Collector Booster Display Master Case,541092,Collector Booster Display,false,true,true,master case,EXCLUDE_CONFIGURATION,master case
TCGCSV-23319-517711,Ravnica Remastered,Ravnica Remastered - Collector Booster Display Master Case,Ravnica Remastered - Collector Booster Display Master Case,517711,Collector Booster Display,false,true,true,master case,EXCLUDE_CONFIGURATION,master case
TCGCSV-24601-675560,Secrets of Strixhaven,Secrets of Strixhaven - Collector Booster Display Master Case,Secrets of Strixhaven - Collector Booster Display Master Case,675560,Collector Booster Display,false,true,true,master case,EXCLUDE_CONFIGURATION,master case
TCGCSV-24232-619652,Tarkir: Dragonstorm,Tarkir: Dragonstorm - Collector Booster Display Master Case,Tarkir: Dragonstorm - Collector Booster Display Master Case,619652,Collector Booster Display,false,true,true,master case,EXCLUDE_CONFIGURATION,master case
TCGCSV-24495-657854,Teenage Mutant Ninja Turtles,Teenage Mutant Ninja Turtles - Collector Booster Display MasterCase,Teenage Mutant Ninja Turtles - Collector Booster Display MasterCase,657854,Collector Booster Display,false,true,true,mastercase,EXCLUDE_CONFIGURATION,mastercase
TCGCSV-24683-692965,The Hobbit,The Hobbit - Collector Booster Display Master Case,The Hobbit - Collector Booster Display Master Case,692965,Collector Booster Display,false,true,true,master case,EXCLUDE_CONFIGURATION,master case
TCGCSV-23312-516617,The Lost Caverns of Ixalan,The Lost Caverns of Ixalan - Collector Booster Display Master Case,The Lost Caverns of Ixalan - Collector Booster Display Master Case,516617,Collector Booster Display,false,true,true,master case,EXCLUDE_CONFIGURATION,master case
TCGCSV-23446-541227,Universes Beyond: Assassin's Creed,Universes Beyond: Assassin's Creed - Collector Booster Display Master Case,Universes Beyond: Assassin's Creed - Collector Booster Display Master Case,541227,Collector Booster Display,false,true,true,master case,EXCLUDE_CONFIGURATION,master case
TCGCSV-23337-542985,Universes Beyond: Fallout,Universes Beyond: Fallout - Collector Booster Display Master Case,Universes Beyond: Fallout - Collector Booster Display Master Case,542985,Collector Booster Display,false,true,true,master case,EXCLUDE_CONFIGURATION,master case
TCGCSV-23019-515906,Universes Beyond: The Lord of the Rings: Tales of Middle-earth,The Lord of the Rings: Tales of Middle-earth - Special Edition Collector Booster Display,The Lord of the Rings: Tales of Middle-earth - Special Edition Collector Booster Display,515906,Collector Booster Display,true,true,true,,INCLUDE_DISPLAY,display identity confirmed
TCGCSV-23019-515915,Universes Beyond: The Lord of the Rings: Tales of Middle-earth,The Lord of the Rings: Tales of Middle-earth - Special Edition Collector Booster Display Master Case,The Lord of the Rings: Tales of Middle-earth - Special Edition Collector Booster Display Master Case,515915,Collector Booster Display,false,true,true,master case,EXCLUDE_CONFIGURATION,master case
TCGCSV-23163-496042,Wilds of Eldraine,Wilds of Eldraine - Collector Booster Display Master Case,Wilds of Eldraine - Collector Booster Display Master Case,496042,Collector Booster Display,false,true,true,master case,EXCLUDE_CONFIGURATION,master case
TCGCSV-24766-706142,Star Trek,Star Trek Collector Booster Display,Star Trek - Collector Booster Display,706142,Collector Booster Display,true,true,true,,INCLUDE_DISPLAY,display identity confirmed
